START 20260824 jo=12 R1
[19:25:49] START dates=['20260824'] jo=12 races=[1] out=/data/data/com.termux/files/home/Keirin-EV-Tool/scraper/data
[19:25:49] >>> 20260824 jo=12 R01
[19:26:42] OK  20260824 jo=12 R01 53s matrix=132 riders=7
[19:26:57] DONE ok=1 fail=0
END 20260824 jo=12 R1 code=0
START 20260824 jo=12 R2
[19:26:59] START dates=['20260824'] jo=12 races=[2] out=/data/data/com.termux/files/home/Keirin-EV-Tool/scraper/data
[19:26:59] >>> 20260824 jo=12 R02
[19:28:23] OK  20260824 jo=12 R02 84s matrix=132 riders=7
[19:28:25] DONE ok=1 fail=0
END 20260824 jo=12 R2 code=0
START 20260824 jo=12 R3
[19:28:29] START dates=['20260824'] jo=12 races=[3] out=/data/data/com.termux/files/home/Keirin-EV-Tool/scraper/data
[19:28:29] >>> 20260824 jo=12 R03
[19:30:04] OK  20260824 jo=12 R03 96s matrix=132 riders=7
[19:30:18] DONE ok=1 fail=0
END 20260824 jo=12 R3 code=0
START 20260824 jo=12 R4
[19:30:43] START dates=['20260824'] jo=12 races=[4] out=/data/data/com.termux/files/home/Keirin-EV-Tool/scraper/data
[19:30:43] >>> 20260824 jo=12 R04
[19:31:59] OK  20260824 jo=12 R04 77s matrix=132 riders=7
[19:32:00] DONE ok=1 fail=0
END 20260824 jo=12 R4 code=0
START 20260824 jo=12 R5
[19:32:39] START dates=['20260824'] jo=12 races=[5] out=/data/data/com.termux/files/home/Keirin-EV-Tool/scraper/data
[19:32:39] >>> 20260824 jo=12 R05
[19:33:44] OK  20260824 jo=12 R05 65s matrix=132 riders=7
[19:33:45] DONE ok=1 fail=0
END 20260824 jo=12 R5 code=0
START 20260824 jo=12 R6
[19:33:47] START dates=['20260824'] jo=12 races=[6] out=/data/data/com.termux/files/home/Keirin-EV-Tool/scraper/data
[19:33:47] >>> 20260824 jo=12 R06
[19:35:24] OK  20260824 jo=12 R06 97s matrix=132 riders=7
[19:35:25] DONE ok=1 fail=0
END 20260824 jo=12 R6 code=0
START 20260824 jo=12 R7
[19:35:27] START dates=['20260824'] jo=12 races=[7] out=/data/data/com.termux/files/home/Keirin-EV-Tool/scraper/data
[19:35:27] >>> 20260824 jo=12 R07
[19:36:20] OK  20260824 jo=12 R07 54s matrix=132 riders=7
[19:37:00] DONE ok=1 fail=0
END 20260824 jo=12 R7 code=0
START 20260824 jo=12 R8
[19:37:37] START dates=['20260824'] jo=12 races=[8] out=/data/data/com.termux/files/home/Keirin-EV-Tool/scraper/data
[19:37:37] >>> 20260824 jo=12 R08
[19:38:31] OK  20260824 jo=12 R08 54s matrix=0 riders=0
[19:38:33] DONE ok=1 fail=0
END 20260824 jo=12 R8 code=0
START 20260824 jo=12 R9
[19:38:38] START dates=['20260824'] jo=12 races=[9] out=/data/data/com.termux/files/home/Keirin-EV-Tool/scraper/data
[19:38:38] >>> 20260824 jo=12 R09
[19:40:27] OK  20260824 jo=12 R09 110s matrix=0 riders=0
[19:40:28] DONE ok=1 fail=0
END 20260824 jo=12 R9 code=0
START 20260824 jo=12 R10
[19:40:39] START dates=['20260824'] jo=12 races=[10] out=/data/data/com.termux/files/home/Keirin-EV-Tool/scraper/data
[19:40:39] >>> 20260824 jo=12 R10
[19:41:51] OK  20260824 jo=12 R10 71s matrix=0 riders=0
[19:41:52] DONE ok=1 fail=0
END 20260824 jo=12 R10 code=0
START 20260824 jo=12 R11
[19:41:54] START dates=['20260824'] jo=12 races=[11] out=/data/data/com.termux/files/home/Keirin-EV-Tool/scraper/data
[19:41:54] >>> 20260824 jo=12 R11
[19:43:28] OK  20260824 jo=12 R11 94s matrix=0 riders=0
[19:43:29] DONE ok=1 fail=0
END 20260824 jo=12 R11 code=0
START 20260824 jo=12 R12
[19:43:31] START dates=['20260824'] jo=12 races=[12] out=/data/data/com.termux/files/home/Keirin-EV-Tool/scraper/data
[19:43:31] >>> 20260824 jo=12 R12
[19:44:17] OK  20260824 jo=12 R12 46s matrix=0 riders=0
[19:44:18] DONE ok=1 fail=0
END 20260824 jo=12 R12 code=0
START 20260824 jo=24 R1
[19:44:20] START dates=['20260824'] jo=24 races=[1] out=/data/data/com.termux/files/home/Keirin-EV-Tool/scraper/data
[19:44:20] >>> 20260824 jo=24 R01
[19:45:00] OK  20260824 jo=24 R01 40s matrix=132 riders=7
[19:45:01] DONE ok=1 fail=0
END 20260824 jo=24 R1 code=0
START 20260824 jo=24 R2
[19:45:03] START dates=['20260824'] jo=24 races=[2] out=/data/data/com.termux/files/home/Keirin-EV-Tool/scraper/data
[19:45:03] >>> 20260824 jo=24 R02
[19:45:47] OK  20260824 jo=24 R02 44s matrix=132 riders=7
[19:45:48] DONE ok=1 fail=0
END 20260824 jo=24 R2 code=0
START 20260824 jo=24 R3
[19:45:50] START dates=['20260824'] jo=24 races=[3] out=/data/data/com.termux/files/home/Keirin-EV-Tool/scraper/data
[19:45:50] >>> 20260824 jo=24 R03
[19:46:29] OK  20260824 jo=24 R03 39s matrix=132 riders=7
[19:46:30] DONE ok=1 fail=0
END 20260824 jo=24 R3 code=0
START 20260824 jo=24 R4
[19:46:32] START dates=['20260824'] jo=24 races=[4] out=/data/data/com.termux/files/home/Keirin-EV-Tool/scraper/data
[19:46:32] >>> 20260824 jo=24 R04
[19:47:10] OK  20260824 jo=24 R04 38s matrix=132 riders=7
[19:47:11] DONE ok=1 fail=0
END 20260824 jo=24 R4 code=0
START 20260824 jo=24 R5
[19:47:13] START dates=['20260824'] jo=24 races=[5] out=/data/data/com.termux/files/home/Keirin-EV-Tool/scraper/data
[19:47:13] >>> 20260824 jo=24 R05
[19:47:55] OK  20260824 jo=24 R05 42s matrix=132 riders=7
[19:47:56] DONE ok=1 fail=0
END 20260824 jo=24 R5 code=0
START 20260824 jo=24 R6
[19:47:58] START dates=['20260824'] jo=24 races=[6] out=/data/data/com.termux/files/home/Keirin-EV-Tool/scraper/data
[19:47:58] >>> 20260824 jo=24 R06
[19:48:37] OK  20260824 jo=24 R06 39s matrix=132 riders=7
[19:48:38] DONE ok=1 fail=0
END 20260824 jo=24 R6 code=0
START 20260824 jo=24 R7
[19:48:40] START dates=['20260824'] jo=24 races=[7] out=/data/data/com.termux/files/home/Keirin-EV-Tool/scraper/data
[19:48:40] >>> 20260824 jo=24 R07
[19:49:26] OK  20260824 jo=24 R07 47s matrix=132 riders=7
[19:49:27] DONE ok=1 fail=0
END 20260824 jo=24 R7 code=0
START 20260824 jo=24 R8
[19:49:30] START dates=['20260824'] jo=24 races=[8] out=/data/data/com.termux/files/home/Keirin-EV-Tool/scraper/data
[19:49:30] >>> 20260824 jo=24 R08
[19:50:14] OK  20260824 jo=24 R08 44s matrix=0 riders=0
[19:50:15] DONE ok=1 fail=0
END 20260824 jo=24 R8 code=0
START 20260824 jo=24 R9
[19:50:17] START dates=['20260824'] jo=24 races=[9] out=/data/data/com.termux/files/home/Keirin-EV-Tool/scraper/data
[19:50:17] >>> 20260824 jo=24 R09
[19:50:58] OK  20260824 jo=24 R09 41s matrix=0 riders=0
[19:50:59] DONE ok=1 fail=0
END 20260824 jo=24 R9 code=0
START 20260824 jo=24 R10
[19:51:01] START dates=['20260824'] jo=24 races=[10] out=/data/data/com.termux/files/home/Keirin-EV-Tool/scraper/data
[19:51:01] >>> 20260824 jo=24 R10
[19:51:50] OK  20260824 jo=24 R10 49s matrix=0 riders=0
[19:51:51] DONE ok=1 fail=0
END 20260824 jo=24 R10 code=0
START 20260824 jo=24 R11
[19:51:53] START dates=['20260824'] jo=24 races=[11] out=/data/data/com.termux/files/home/Keirin-EV-Tool/scraper/data
[19:51:53] >>> 20260824 jo=24 R11
[19:53:43] OK  20260824 jo=24 R11 110s matrix=0 riders=0
[19:53:45] DONE ok=1 fail=0
END 20260824 jo=24 R11 code=0
START 20260824 jo=24 R12
[19:53:49] START dates=['20260824'] jo=24 races=[12] out=/data/data/com.termux/files/home/Keirin-EV-Tool/scraper/data
[19:53:49] >>> 20260824 jo=24 R12
[19:55:03] OK  20260824 jo=24 R12 73s matrix=0 riders=0
[19:55:16] DONE ok=1 fail=0
END 20260824 jo=24 R12 code=0
START 20260824 jo=28 R1
[19:55:42] START dates=['20260824'] jo=28 races=[1] out=/data/data/com.termux/files/home/Keirin-EV-Tool/scraper/data
[19:55:42] >>> 20260824 jo=28 R01
[19:56:30] OK  20260824 jo=28 R01 48s matrix=78 riders=6
[19:56:31] DONE ok=1 fail=0
END 20260824 jo=28 R1 code=0
START 20260824 jo=28 R2
[19:56:33] START dates=['20260824'] jo=28 races=[2] out=/data/data/com.termux/files/home/Keirin-EV-Tool/scraper/data
[19:56:33] >>> 20260824 jo=28 R02
[19:58:04] OK  20260824 jo=28 R02 91s matrix=132 riders=7
[19:58:26] DONE ok=1 fail=0
END 20260824 jo=28 R2 code=0
START 20260824 jo=28 R3
[19:58:44] START dates=['20260824'] jo=28 races=[3] out=/data/data/com.termux/files/home/Keirin-EV-Tool/scraper/data
[19:58:44] >>> 20260824 jo=28 R03
[19:59:33] OK  20260824 jo=28 R03 49s matrix=132 riders=7
[19:59:34] DONE ok=1 fail=0
END 20260824 jo=28 R3 code=0
START 20260824 jo=28 R4
[19:59:36] START dates=['20260824'] jo=28 races=[4] out=/data/data/com.termux/files/home/Keirin-EV-Tool/scraper/data
[19:59:36] >>> 20260824 jo=28 R04
[20:00:19] OK  20260824 jo=28 R04 43s matrix=132 riders=7
[20:00:20] DONE ok=1 fail=0
END 20260824 jo=28 R4 code=0
START 20260824 jo=28 R5
[20:00:21] START dates=['20260824'] jo=28 races=[5] out=/data/data/com.termux/files/home/Keirin-EV-Tool/scraper/data
[20:00:21] >>> 20260824 jo=28 R05
[20:00:56] OK  20260824 jo=28 R05 34s matrix=132 riders=7
[20:00:57] DONE ok=1 fail=0
END 20260824 jo=28 R5 code=0
START 20260824 jo=28 R6
[20:00:59] START dates=['20260824'] jo=28 races=[6] out=/data/data/com.termux/files/home/Keirin-EV-Tool/scraper/data
[20:00:59] >>> 20260824 jo=28 R06
[20:01:39] OK  20260824 jo=28 R06 40s matrix=132 riders=7
[20:01:40] DONE ok=1 fail=0
END 20260824 jo=28 R6 code=0
BATCH_DONE
START 20260826 jo=12 R1
[11:48:45] START dates=['20260826'] jo=12 races=[1] out=/data/data/com.termux/files/home/Keirin-EV-Tool/scraper/data
[11:48:45] >>> 20260826 jo=12 R01
[11:49:27] OK  20260826 jo=12 R01 42s matrix=132 riders=7
[11:49:28] DONE ok=1 fail=0
END 20260826 jo=12 R1 code=0
START 20260826 jo=12 R2
[11:49:30] START dates=['20260826'] jo=12 races=[2] out=/data/data/com.termux/files/home/Keirin-EV-Tool/scraper/data
[11:49:30] >>> 20260826 jo=12 R02
[11:50:07] OK  20260826 jo=12 R02 37s matrix=132 riders=7
[11:50:08] DONE ok=1 fail=0
END 20260826 jo=12 R2 code=0
START 20260826 jo=12 R3
[11:50:10] START dates=['20260826'] jo=12 races=[3] out=/data/data/com.termux/files/home/Keirin-EV-Tool/scraper/data
[11:50:10] >>> 20260826 jo=12 R03
[11:50:52] OK  20260826 jo=12 R03 42s matrix=132 riders=7
[11:50:53] DONE ok=1 fail=0
END 20260826 jo=12 R3 code=0
START 20260826 jo=12 R4
[11:50:55] START dates=['20260826'] jo=12 races=[4] out=/data/data/com.termux/files/home/Keirin-EV-Tool/scraper/data
[11:50:55] >>> 20260826 jo=12 R04
[11:51:37] OK  20260826 jo=12 R04 42s matrix=132 riders=7
[11:51:38] DONE ok=1 fail=0
END 20260826 jo=12 R4 code=0
START 20260826 jo=12 R5
[11:51:40] START dates=['20260826'] jo=12 races=[5] out=/data/data/com.termux/files/home/Keirin-EV-Tool/scraper/data
[11:51:40] >>> 20260826 jo=12 R05
[11:52:18] OK  20260826 jo=12 R05 38s matrix=132 riders=7
[11:52:19] DONE ok=1 fail=0
END 20260826 jo=12 R5 code=0
START 20260826 jo=12 R6
[11:52:21] START dates=['20260826'] jo=12 races=[6] out=/data/data/com.termux/files/home/Keirin-EV-Tool/scraper/data
[11:52:21] >>> 20260826 jo=12 R06
[11:53:21] OK  20260826 jo=12 R06 60s matrix=132 riders=7
[11:53:22] DONE ok=1 fail=0
END 20260826 jo=12 R6 code=0
START 20260826 jo=12 R7
[11:53:24] START dates=['20260826'] jo=12 races=[7] out=/data/data/com.termux/files/home/Keirin-EV-Tool/scraper/data
[11:53:24] >>> 20260826 jo=12 R07
[11:54:06] OK  20260826 jo=12 R07 42s matrix=132 riders=7
[11:54:07] DONE ok=1 fail=0
END 20260826 jo=12 R7 code=0
START 20260826 jo=12 R8
[11:54:09] START dates=['20260826'] jo=12 races=[8] out=/data/data/com.termux/files/home/Keirin-EV-Tool/scraper/data
[11:54:09] >>> 20260826 jo=12 R08
[11:54:46] OK  20260826 jo=12 R08 36s matrix=0 riders=0
[11:54:48] DONE ok=1 fail=0
END 20260826 jo=12 R8 code=0
START 20260826 jo=12 R9
[11:54:50] START dates=['20260826'] jo=12 races=[9] out=/data/data/com.termux/files/home/Keirin-EV-Tool/scraper/data
[11:54:50] >>> 20260826 jo=12 R09
[11:55:34] OK  20260826 jo=12 R09 44s matrix=0 riders=0
[11:55:35] DONE ok=1 fail=0
END 20260826 jo=12 R9 code=0
START 20260826 jo=12 R10
[11:55:36] START dates=['20260826'] jo=12 races=[10] out=/data/data/com.termux/files/home/Keirin-EV-Tool/scraper/data
[11:55:36] >>> 20260826 jo=12 R10
[11:56:18] OK  20260826 jo=12 R10 42s matrix=0 riders=0
[11:56:19] DONE ok=1 fail=0
END 20260826 jo=12 R10 code=0
START 20260826 jo=12 R11
[11:56:21] START dates=['20260826'] jo=12 races=[11] out=/data/data/com.termux/files/home/Keirin-EV-Tool/scraper/data
[11:56:21] >>> 20260826 jo=12 R11
[11:57:04] OK  20260826 jo=12 R11 43s matrix=0 riders=0
[11:57:05] DONE ok=1 fail=0
END 20260826 jo=12 R11 code=0
START 20260826 jo=12 R12
[11:57:07] START dates=['20260826'] jo=12 races=[12] out=/data/data/com.termux/files/home/Keirin-EV-Tool/scraper/data
[11:57:07] >>> 20260826 jo=12 R12
[11:57:55] OK  20260826 jo=12 R12 48s matrix=0 riders=0
[11:57:56] DONE ok=1 fail=0
END 20260826 jo=12 R12 code=0
START 20260826 jo=24 R1
[11:57:58] START dates=['20260826'] jo=24 races=[1] out=/data/data/com.termux/files/home/Keirin-EV-Tool/scraper/data
[11:57:58] >>> 20260826 jo=24 R01
[11:58:57] OK  20260826 jo=24 R01 59s matrix=78 riders=6
[11:58:58] DONE ok=1 fail=0
END 20260826 jo=24 R1 code=0
START 20260826 jo=24 R2
[11:58:59] START dates=['20260826'] jo=24 races=[2] out=/data/data/com.termux/files/home/Keirin-EV-Tool/scraper/data
[11:58:59] >>> 20260826 jo=24 R02
[12:00:33] OK  20260826 jo=24 R02 94s matrix=132 riders=7
[12:00:35] DONE ok=1 fail=0
END 20260826 jo=24 R2 code=0
START 20260826 jo=24 R3
[12:00:38] START dates=['20260826'] jo=24 races=[3] out=/data/data/com.termux/files/home/Keirin-EV-Tool/scraper/data
[12:00:38] >>> 20260826 jo=24 R03
[12:01:14] OK  20260826 jo=24 R03 37s matrix=132 riders=7
[12:01:15] DONE ok=1 fail=0
END 20260826 jo=24 R3 code=0
START 20260826 jo=24 R4
[12:01:17] START dates=['20260826'] jo=24 races=[4] out=/data/data/com.termux/files/home/Keirin-EV-Tool/scraper/data
[12:01:17] >>> 20260826 jo=24 R04
[12:01:58] OK  20260826 jo=24 R04 41s matrix=132 riders=7
[12:01:59] DONE ok=1 fail=0
END 20260826 jo=24 R4 code=0
START 20260826 jo=24 R5
[12:02:01] START dates=['20260826'] jo=24 races=[5] out=/data/data/com.termux/files/home/Keirin-EV-Tool/scraper/data
[12:02:01] >>> 20260826 jo=24 R05
[12:02:40] OK  20260826 jo=24 R05 38s matrix=132 riders=7
[12:02:41] DONE ok=1 fail=0
END 20260826 jo=24 R5 code=0
START 20260826 jo=24 R6
[12:02:43] START dates=['20260826'] jo=24 races=[6] out=/data/data/com.termux/files/home/Keirin-EV-Tool/scraper/data
[12:02:43] >>> 20260826 jo=24 R06
[12:03:23] OK  20260826 jo=24 R06 41s matrix=132 riders=7
[12:03:24] DONE ok=1 fail=0
END 20260826 jo=24 R6 code=0
START 20260826 jo=24 R7
[12:03:26] START dates=['20260826'] jo=24 races=[7] out=/data/data/com.termux/files/home/Keirin-EV-Tool/scraper/data
[12:03:26] >>> 20260826 jo=24 R07
[12:04:08] OK  20260826 jo=24 R07 42s matrix=132 riders=7
[12:04:09] DONE ok=1 fail=0
END 20260826 jo=24 R7 code=0
START 20260826 jo=24 R8
[12:04:11] START dates=['20260826'] jo=24 races=[8] out=/data/data/com.termux/files/home/Keirin-EV-Tool/scraper/data
[12:04:11] >>> 20260826 jo=24 R08
[12:04:57] OK  20260826 jo=24 R08 46s matrix=0 riders=0
[12:04:58] DONE ok=1 fail=0
END 20260826 jo=24 R8 code=0
START 20260826 jo=24 R9
[12:05:00] START dates=['20260826'] jo=24 races=[9] out=/data/data/com.termux/files/home/Keirin-EV-Tool/scraper/data
[12:05:00] >>> 20260826 jo=24 R09
[12:05:45] OK  20260826 jo=24 R09 44s matrix=0 riders=0
[12:05:46] DONE ok=1 fail=0
END 20260826 jo=24 R9 code=0
START 20260826 jo=24 R10
[12:05:48] START dates=['20260826'] jo=24 races=[10] out=/data/data/com.termux/files/home/Keirin-EV-Tool/scraper/data
[12:05:48] >>> 20260826 jo=24 R10
[12:06:28] OK  20260826 jo=24 R10 40s matrix=0 riders=0
[12:06:29] DONE ok=1 fail=0
END 20260826 jo=24 R10 code=0
START 20260826 jo=24 R11
[12:06:31] START dates=['20260826'] jo=24 races=[11] out=/data/data/com.termux/files/home/Keirin-EV-Tool/scraper/data
[12:06:31] >>> 20260826 jo=24 R11
[12:07:12] OK  20260826 jo=24 R11 42s matrix=0 riders=0
[12:07:13] DONE ok=1 fail=0
END 20260826 jo=24 R11 code=0
START 20260826 jo=24 R12
[12:07:15] START dates=['20260826'] jo=24 races=[12] out=/data/data/com.termux/files/home/Keirin-EV-Tool/scraper/data
[12:07:15] >>> 20260826 jo=24 R12
[12:08:03] OK  20260826 jo=24 R12 48s matrix=0 riders=0
[12:08:04] DONE ok=1 fail=0
END 20260826 jo=24 R12 code=0
START 20260826 jo=43 R1
[12:08:06] START dates=['20260826'] jo=43 races=[1] out=/data/data/com.termux/files/home/Keirin-EV-Tool/scraper/data
[12:08:06] >>> 20260826 jo=43 R01
[12:08:48] OK  20260826 jo=43 R01 41s matrix=132 riders=7
[12:08:49] DONE ok=1 fail=0
END 20260826 jo=43 R1 code=0
START 20260826 jo=43 R2
[12:08:51] START dates=['20260826'] jo=43 races=[2] out=/data/data/com.termux/files/home/Keirin-EV-Tool/scraper/data
[12:08:51] >>> 20260826 jo=43 R02
[12:09:33] OK  20260826 jo=43 R02 42s matrix=132 riders=7
[12:09:34] DONE ok=1 fail=0
END 20260826 jo=43 R2 code=0
START 20260826 jo=43 R3
[12:09:36] START dates=['20260826'] jo=43 races=[3] out=/data/data/com.termux/files/home/Keirin-EV-Tool/scraper/data
[12:09:36] >>> 20260826 jo=43 R03
[12:10:14] OK  20260826 jo=43 R03 38s matrix=132 riders=7
[12:10:15] DONE ok=1 fail=0
END 20260826 jo=43 R3 code=0
START 20260826 jo=43 R4
[12:10:17] START dates=['20260826'] jo=43 races=[4] out=/data/data/com.termux/files/home/Keirin-EV-Tool/scraper/data
[12:10:17] >>> 20260826 jo=43 R04
[12:10:56] OK  20260826 jo=43 R04 39s matrix=132 riders=7
[12:10:57] DONE ok=1 fail=0
END 20260826 jo=43 R4 code=0
START 20260826 jo=43 R5
[12:10:59] START dates=['20260826'] jo=43 races=[5] out=/data/data/com.termux/files/home/Keirin-EV-Tool/scraper/data
[12:10:59] >>> 20260826 jo=43 R05
[12:11:36] OK  20260826 jo=43 R05 37s matrix=132 riders=7
[12:11:37] DONE ok=1 fail=0
END 20260826 jo=43 R5 code=0
START 20260826 jo=43 R6
[12:11:39] START dates=['20260826'] jo=43 races=[6] out=/data/data/com.termux/files/home/Keirin-EV-Tool/scraper/data
[12:11:39] >>> 20260826 jo=43 R06
[12:12:20] OK  20260826 jo=43 R06 41s matrix=132 riders=7
[12:12:21] DONE ok=1 fail=0
END 20260826 jo=43 R6 code=0
START 20260826 jo=43 R7
[12:12:23] START dates=['20260826'] jo=43 races=[7] out=/data/data/com.termux/files/home/Keirin-EV-Tool/scraper/data
[12:12:23] >>> 20260826 jo=43 R07
[12:13:03] OK  20260826 jo=43 R07 39s matrix=132 riders=7
[12:13:04] DONE ok=1 fail=0
END 20260826 jo=43 R7 code=0
START 20260826 jo=43 R8
[12:13:06] START dates=['20260826'] jo=43 races=[8] out=/data/data/com.termux/files/home/Keirin-EV-Tool/scraper/data
[12:13:06] >>> 20260826 jo=43 R08
[12:13:49] OK  20260826 jo=43 R08 43s matrix=132 riders=7
[12:13:50] DONE ok=1 fail=0
END 20260826 jo=43 R8 code=0
START 20260826 jo=43 R9
[12:13:52] START dates=['20260826'] jo=43 races=[9] out=/data/data/com.termux/files/home/Keirin-EV-Tool/scraper/data
[12:13:52] >>> 20260826 jo=43 R09
[12:14:29] OK  20260826 jo=43 R09 37s matrix=132 riders=7
[12:14:30] DONE ok=1 fail=0
END 20260826 jo=43 R9 code=0
START 20260826 jo=43 R10
[12:14:32] START dates=['20260826'] jo=43 races=[10] out=/data/data/com.termux/files/home/Keirin-EV-Tool/scraper/data
[12:14:32] >>> 20260826 jo=43 R10
[12:15:16] OK  20260826 jo=43 R10 44s matrix=132 riders=7
[12:15:17] DONE ok=1 fail=0
END 20260826 jo=43 R10 code=0
START 20260826 jo=43 R11
[12:15:19] START dates=['20260826'] jo=43 races=[11] out=/data/data/com.termux/files/home/Keirin-EV-Tool/scraper/data
[12:15:19] >>> 20260826 jo=43 R11
[12:16:00] OK  20260826 jo=43 R11 41s matrix=132 riders=7
[12:16:01] DONE ok=1 fail=0
END 20260826 jo=43 R11 code=0
START 20260826 jo=43 R12
[12:16:04] START dates=['20260826'] jo=43 races=[12] out=/data/data/com.termux/files/home/Keirin-EV-Tool/scraper/data
[12:16:04] >>> 20260826 jo=43 R12
[12:16:53] OK  20260826 jo=43 R12 49s matrix=132 riders=7
[12:16:54] DONE ok=1 fail=0
END 20260826 jo=43 R12 code=0
START 20260826 jo=47 R1
[12:16:58] START dates=['20260826'] jo=47 races=[1] out=/data/data/com.termux/files/home/Keirin-EV-Tool/scraper/data
[12:16:58] >>> 20260826 jo=47 R01
[12:17:47] OK  20260826 jo=47 R01 49s matrix=78 riders=6
[12:18:01] DONE ok=1 fail=0
END 20260826 jo=47 R1 code=0
START 20260826 jo=47 R2
[12:19:01] START dates=['20260826'] jo=47 races=[2] out=/data/data/com.termux/files/home/Keirin-EV-Tool/scraper/data
[12:19:01] >>> 20260826 jo=47 R02
[12:20:16] OK  20260826 jo=47 R02 76s matrix=82 riders=7
[12:20:17] DONE ok=1 fail=0
END 20260826 jo=47 R2 code=0
START 20260826 jo=47 R3
[12:20:19] START dates=['20260826'] jo=47 races=[3] out=/data/data/com.termux/files/home/Keirin-EV-Tool/scraper/data
[12:20:19] >>> 20260826 jo=47 R03
[12:22:02] OK  20260826 jo=47 R03 103s matrix=132 riders=7
[12:22:15] DONE ok=1 fail=0
END 20260826 jo=47 R3 code=0
START 20260826 jo=47 R4
[12:22:22] START dates=['20260826'] jo=47 races=[4] out=/data/data/com.termux/files/home/Keirin-EV-Tool/scraper/data
[12:22:22] >>> 20260826 jo=47 R04
[12:23:05] OK  20260826 jo=47 R04 43s matrix=132 riders=7
[12:23:06] DONE ok=1 fail=0
END 20260826 jo=47 R4 code=0
START 20260826 jo=47 R5
[12:23:08] START dates=['20260826'] jo=47 races=[5] out=/data/data/com.termux/files/home/Keirin-EV-Tool/scraper/data
[12:23:08] >>> 20260826 jo=47 R05
[12:24:22] OK  20260826 jo=47 R05 74s matrix=132 riders=7
[12:24:28] DONE ok=1 fail=0
END 20260826 jo=47 R5 code=0
START 20260826 jo=47 R6
[12:24:46] START dates=['20260826'] jo=47 races=[6] out=/data/data/com.termux/files/home/Keirin-EV-Tool/scraper/data
[12:24:46] >>> 20260826 jo=47 R06
[12:25:30] OK  20260826 jo=47 R06 44s matrix=132 riders=7
[12:25:31] DONE ok=1 fail=0
END 20260826 jo=47 R6 code=0
START 20260826 jo=47 R7
[12:25:33] START dates=['20260826'] jo=47 races=[7] out=/data/data/com.termux/files/home/Keirin-EV-Tool/scraper/data
[12:25:33] >>> 20260826 jo=47 R07
[12:27:20] OK  20260826 jo=47 R07 107s matrix=132 riders=7
[12:27:22] DONE ok=1 fail=0
END 20260826 jo=47 R7 code=0
START 20260826 jo=47 R8
[12:27:27] START dates=['20260826'] jo=47 races=[8] out=/data/data/com.termux/files/home/Keirin-EV-Tool/scraper/data
[12:27:27] >>> 20260826 jo=47 R08
[12:28:28] OK  20260826 jo=47 R08 61s matrix=132 riders=7
[12:28:39] DONE ok=1 fail=0
END 20260826 jo=47 R8 code=0
START 20260826 jo=47 R9
[12:29:01] START dates=['20260826'] jo=47 races=[9] out=/data/data/com.termux/files/home/Keirin-EV-Tool/scraper/data
[12:29:01] >>> 20260826 jo=47 R09
[12:30:01] OK  20260826 jo=47 R09 61s matrix=132 riders=7
[12:30:02] DONE ok=1 fail=0
END 20260826 jo=47 R9 code=0
START 20260826 jo=47 R10
[12:30:04] START dates=['20260826'] jo=47 races=[10] out=/data/data/com.termux/files/home/Keirin-EV-Tool/scraper/data
[12:30:04] >>> 20260826 jo=47 R10
[12:30:42] OK  20260826 jo=47 R10 37s matrix=132 riders=7
[12:30:43] DONE ok=1 fail=0
END 20260826 jo=47 R10 code=0
START 20260826 jo=47 R11
[12:30:44] START dates=['20260826'] jo=47 races=[11] out=/data/data/com.termux/files/home/Keirin-EV-Tool/scraper/data
[12:30:44] >>> 20260826 jo=47 R11
[12:31:28] OK  20260826 jo=47 R11 44s matrix=132 riders=7
[12:31:29] DONE ok=1 fail=0
END 20260826 jo=47 R11 code=0
START 20260826 jo=47 R12
[12:31:40] START dates=['20260826'] jo=47 races=[12] out=/data/data/com.termux/files/home/Keirin-EV-Tool/scraper/data
[12:31:40] >>> 20260826 jo=47 R12
[12:33:04] OK  20260826 jo=47 R12 84s matrix=0 riders=0
[12:33:54] DONE ok=1 fail=0
END 20260826 jo=47 R12 code=0
START 20260826 jo=53 R1
[12:33:55] START dates=['20260826'] jo=53 races=[1] out=/data/data/com.termux/files/home/Keirin-EV-Tool/scraper/data
[12:33:55] >>> 20260826 jo=53 R01
[12:35:58] OK  20260826 jo=53 R01 123s matrix=132 riders=7
[12:35:59] DONE ok=1 fail=0
END 20260826 jo=53 R1 code=0
START 20260826 jo=53 R2
[12:36:04] START dates=['20260826'] jo=53 races=[2] out=/data/data/com.termux/files/home/Keirin-EV-Tool/scraper/data
[12:36:04] >>> 20260826 jo=53 R02
[12:37:45] OK  20260826 jo=53 R02 101s matrix=132 riders=7
[12:37:46] DONE ok=1 fail=0
END 20260826 jo=53 R2 code=0
START 20260826 jo=53 R3
[12:37:48] START dates=['20260826'] jo=53 races=[3] out=/data/data/com.termux/files/home/Keirin-EV-Tool/scraper/data
[12:37:48] >>> 20260826 jo=53 R03
[12:39:53] OK  20260826 jo=53 R03 125s matrix=132 riders=7
[12:39:55] DONE ok=1 fail=0
END 20260826 jo=53 R3 code=0
START 20260826 jo=53 R4
[12:39:57] START dates=['20260826'] jo=53 races=[4] out=/data/data/com.termux/files/home/Keirin-EV-Tool/scraper/data
[12:39:57] >>> 20260826 jo=53 R04
[12:40:57] OK  20260826 jo=53 R04 60s matrix=132 riders=7
[12:40:58] DONE ok=1 fail=0
END 20260826 jo=53 R4 code=0
START 20260826 jo=53 R5
[12:41:10] START dates=['20260826'] jo=53 races=[5] out=/data/data/com.termux/files/home/Keirin-EV-Tool/scraper/data
[12:41:10] >>> 20260826 jo=53 R05
[12:42:40] OK  20260826 jo=53 R05 90s matrix=132 riders=7
[12:42:43] DONE ok=1 fail=0
END 20260826 jo=53 R5 code=0
START 20260826 jo=53 R6
[12:42:48] START dates=['20260826'] jo=53 races=[6] out=/data/data/com.termux/files/home/Keirin-EV-Tool/scraper/data
[12:42:48] >>> 20260826 jo=53 R06
[12:44:12] OK  20260826 jo=53 R06 85s matrix=132 riders=7
[12:44:13] DONE ok=1 fail=0
END 20260826 jo=53 R6 code=0
START 20260826 jo=53 R7
[12:44:16] START dates=['20260826'] jo=53 races=[7] out=/data/data/com.termux/files/home/Keirin-EV-Tool/scraper/data
[12:44:16] >>> 20260826 jo=53 R07
[12:44:57] OK  20260826 jo=53 R07 41s matrix=132 riders=7
[12:44:58] DONE ok=1 fail=0
END 20260826 jo=53 R7 code=0
START 20260826 jo=53 R8
[12:45:00] START dates=['20260826'] jo=53 races=[8] out=/data/data/com.termux/files/home/Keirin-EV-Tool/scraper/data
[12:45:00] >>> 20260826 jo=53 R08
[12:45:37] OK  20260826 jo=53 R08 36s matrix=132 riders=7
[12:45:38] DONE ok=1 fail=0
END 20260826 jo=53 R8 code=0
START 20260826 jo=53 R9
[12:45:40] START dates=['20260826'] jo=53 races=[9] out=/data/data/com.termux/files/home/Keirin-EV-Tool/scraper/data
[12:45:40] >>> 20260826 jo=53 R09
[12:46:19] OK  20260826 jo=53 R09 39s matrix=132 riders=7
[12:46:20] DONE ok=1 fail=0
END 20260826 jo=53 R9 code=0
START 20260826 jo=53 R10
[12:46:22] START dates=['20260826'] jo=53 races=[10] out=/data/data/com.termux/files/home/Keirin-EV-Tool/scraper/data
[12:46:22] >>> 20260826 jo=53 R10
[12:47:05] OK  20260826 jo=53 R10 43s matrix=132 riders=7
[12:47:06] DONE ok=1 fail=0
END 20260826 jo=53 R10 code=0
START 20260826 jo=53 R11
[12:47:08] START dates=['20260826'] jo=53 races=[11] out=/data/data/com.termux/files/home/Keirin-EV-Tool/scraper/data
[12:47:08] >>> 20260826 jo=53 R11
[12:47:42] OK  20260826 jo=53 R11 34s matrix=132 riders=7
[12:47:43] DONE ok=1 fail=0
END 20260826 jo=53 R11 code=0
START 20260826 jo=53 R12
[12:47:45] START dates=['20260826'] jo=53 races=[12] out=/data/data/com.termux/files/home/Keirin-EV-Tool/scraper/data
[12:47:45] >>> 20260826 jo=53 R12
[12:48:22] OK  20260826 jo=53 R12 37s matrix=132 riders=7
[12:48:23] DONE ok=1 fail=0
END 20260826 jo=53 R12 code=0
START 20260826 jo=61 R1
[12:48:25] START dates=['20260826'] jo=61 races=[1] out=/data/data/com.termux/files/home/Keirin-EV-Tool/scraper/data
[12:48:25] >>> 20260826 jo=61 R01
[12:48:55] OK  20260826 jo=61 R01 30s matrix=132 riders=7
[12:48:56] DONE ok=1 fail=0
END 20260826 jo=61 R1 code=0
START 20260826 jo=61 R2
[12:48:58] START dates=['20260826'] jo=61 races=[2] out=/data/data/com.termux/files/home/Keirin-EV-Tool/scraper/data
[12:48:58] >>> 20260826 jo=61 R02
[12:49:34] OK  20260826 jo=61 R02 35s matrix=132 riders=7
[12:49:35] DONE ok=1 fail=0
END 20260826 jo=61 R2 code=0
START 20260826 jo=61 R3
[12:49:37] START dates=['20260826'] jo=61 races=[3] out=/data/data/com.termux/files/home/Keirin-EV-Tool/scraper/data
[12:49:37] >>> 20260826 jo=61 R03
[12:50:22] OK  20260826 jo=61 R03 45s matrix=132 riders=7
[12:50:23] DONE ok=1 fail=0
END 20260826 jo=61 R3 code=0
START 20260826 jo=61 R4
[12:50:25] START dates=['20260826'] jo=61 races=[4] out=/data/data/com.termux/files/home/Keirin-EV-Tool/scraper/data
[12:50:25] >>> 20260826 jo=61 R04
[12:51:05] OK  20260826 jo=61 R04 40s matrix=132 riders=7
[12:51:06] DONE ok=1 fail=0
END 20260826 jo=61 R4 code=0
START 20260826 jo=61 R5
[12:51:08] START dates=['20260826'] jo=61 races=[5] out=/data/data/com.termux/files/home/Keirin-EV-Tool/scraper/data
[12:51:08] >>> 20260826 jo=61 R05
[12:51:54] OK  20260826 jo=61 R05 45s matrix=132 riders=7
[12:51:55] DONE ok=1 fail=0
END 20260826 jo=61 R5 code=0
START 20260826 jo=61 R6
[12:51:57] START dates=['20260826'] jo=61 races=[6] out=/data/data/com.termux/files/home/Keirin-EV-Tool/scraper/data
[12:51:57] >>> 20260826 jo=61 R06
[12:52:35] OK  20260826 jo=61 R06 38s matrix=132 riders=7
[12:52:36] DONE ok=1 fail=0
END 20260826 jo=61 R6 code=0
START 20260826 jo=61 R7
[12:52:38] START dates=['20260826'] jo=61 races=[7] out=/data/data/com.termux/files/home/Keirin-EV-Tool/scraper/data
[12:52:38] >>> 20260826 jo=61 R07
[12:53:43] OK  20260826 jo=61 R07 65s matrix=132 riders=7
[12:53:44] DONE ok=1 fail=0
END 20260826 jo=61 R7 code=0
START 20260826 jo=61 R8
[12:53:47] START dates=['20260826'] jo=61 races=[8] out=/data/data/com.termux/files/home/Keirin-EV-Tool/scraper/data
[12:53:47] >>> 20260826 jo=61 R08
[12:54:30] OK  20260826 jo=61 R08 44s matrix=132 riders=7
[12:54:50] DONE ok=1 fail=0
END 20260826 jo=61 R8 code=0
START 20260826 jo=61 R9
[12:54:52] START dates=['20260826'] jo=61 races=[9] out=/data/data/com.termux/files/home/Keirin-EV-Tool/scraper/data
[12:54:52] >>> 20260826 jo=61 R09
[12:55:39] OK  20260826 jo=61 R09 47s matrix=132 riders=7
[12:55:40] DONE ok=1 fail=0
END 20260826 jo=61 R9 code=0
START 20260826 jo=61 R10
[12:55:42] START dates=['20260826'] jo=61 races=[10] out=/data/data/com.termux/files/home/Keirin-EV-Tool/scraper/data
[12:55:42] >>> 20260826 jo=61 R10
[12:56:33] OK  20260826 jo=61 R10 51s matrix=132 riders=7
[12:56:34] DONE ok=1 fail=0
END 20260826 jo=61 R10 code=0
START 20260826 jo=61 R11
[12:56:37] START dates=['20260826'] jo=61 races=[11] out=/data/data/com.termux/files/home/Keirin-EV-Tool/scraper/data
[12:56:37] >>> 20260826 jo=61 R11
[12:57:15] OK  20260826 jo=61 R11 38s matrix=132 riders=7
[12:57:16] DONE ok=1 fail=0
END 20260826 jo=61 R11 code=0
START 20260826 jo=61 R12
[12:57:18] START dates=['20260826'] jo=61 races=[12] out=/data/data/com.termux/files/home/Keirin-EV-Tool/scraper/data
[12:57:18] >>> 20260826 jo=61 R12
[12:57:59] OK  20260826 jo=61 R12 41s matrix=132 riders=7
[12:58:00] DONE ok=1 fail=0
END 20260826 jo=61 R12 code=0
START 20260826 jo=74 R1
[12:58:02] START dates=['20260826'] jo=74 races=[1] out=/data/data/com.termux/files/home/Keirin-EV-Tool/scraper/data
[12:58:02] >>> 20260826 jo=74 R01
[12:58:42] OK  20260826 jo=74 R01 40s matrix=132 riders=7
[12:58:43] DONE ok=1 fail=0
END 20260826 jo=74 R1 code=0
START 20260826 jo=74 R2
[12:58:45] START dates=['20260826'] jo=74 races=[2] out=/data/data/com.termux/files/home/Keirin-EV-Tool/scraper/data
[12:58:45] >>> 20260826 jo=74 R02
[12:59:28] OK  20260826 jo=74 R02 42s matrix=132 riders=7
[12:59:29] DONE ok=1 fail=0
END 20260826 jo=74 R2 code=0
START 20260826 jo=74 R3
[12:59:31] START dates=['20260826'] jo=74 races=[3] out=/data/data/com.termux/files/home/Keirin-EV-Tool/scraper/data
[12:59:31] >>> 20260826 jo=74 R03
[13:00:13] OK  20260826 jo=74 R03 42s matrix=132 riders=7
[13:00:14] DONE ok=1 fail=0
END 20260826 jo=74 R3 code=0
START 20260826 jo=74 R4
[13:00:16] START dates=['20260826'] jo=74 races=[4] out=/data/data/com.termux/files/home/Keirin-EV-Tool/scraper/data
[13:00:16] >>> 20260826 jo=74 R04
[13:00:59] OK  20260826 jo=74 R04 43s matrix=132 riders=7
[13:01:00] DONE ok=1 fail=0
END 20260826 jo=74 R4 code=0
START 20260826 jo=74 R5
[13:01:02] START dates=['20260826'] jo=74 races=[5] out=/data/data/com.termux/files/home/Keirin-EV-Tool/scraper/data
[13:01:02] >>> 20260826 jo=74 R05
[13:01:43] OK  20260826 jo=74 R05 40s matrix=132 riders=7
[13:01:44] DONE ok=1 fail=0
END 20260826 jo=74 R5 code=0
START 20260826 jo=74 R6
[13:01:46] START dates=['20260826'] jo=74 races=[6] out=/data/data/com.termux/files/home/Keirin-EV-Tool/scraper/data
[13:01:46] >>> 20260826 jo=74 R06
[13:02:27] OK  20260826 jo=74 R06 41s matrix=132 riders=7
[13:02:28] DONE ok=1 fail=0
END 20260826 jo=74 R6 code=0
START 20260826 jo=74 R7
[13:02:30] START dates=['20260826'] jo=74 races=[7] out=/data/data/com.termux/files/home/Keirin-EV-Tool/scraper/data
[13:02:30] >>> 20260826 jo=74 R07
[13:03:08] OK  20260826 jo=74 R07 38s matrix=132 riders=7
[13:03:09] DONE ok=1 fail=0
END 20260826 jo=74 R7 code=0
START 20260826 jo=74 R8
[13:03:11] START dates=['20260826'] jo=74 races=[8] out=/data/data/com.termux/files/home/Keirin-EV-Tool/scraper/data
[13:03:11] >>> 20260826 jo=74 R08
[13:03:51] OK  20260826 jo=74 R08 40s matrix=0 riders=0
[13:03:52] DONE ok=1 fail=0
END 20260826 jo=74 R8 code=0
START 20260826 jo=74 R9
[13:03:55] START dates=['20260826'] jo=74 races=[9] out=/data/data/com.termux/files/home/Keirin-EV-Tool/scraper/data
[13:03:55] >>> 20260826 jo=74 R09
[13:04:57] OK  20260826 jo=74 R09 62s matrix=0 riders=0
[13:05:01] DONE ok=1 fail=0
END 20260826 jo=74 R9 code=0
START 20260826 jo=74 R10
[13:05:03] START dates=['20260826'] jo=74 races=[10] out=/data/data/com.termux/files/home/Keirin-EV-Tool/scraper/data
[13:05:03] >>> 20260826 jo=74 R10
[13:07:03] OK  20260826 jo=74 R10 120s matrix=0 riders=0
[13:07:15] DONE ok=1 fail=0
END 20260826 jo=74 R10 code=0
START 20260826 jo=74 R11
[13:07:37] START dates=['20260826'] jo=74 races=[11] out=/data/data/com.termux/files/home/Keirin-EV-Tool/scraper/data
[13:07:37] >>> 20260826 jo=74 R11
[13:08:32] OK  20260826 jo=74 R11 55s matrix=0 riders=0
[13:08:33] DONE ok=1 fail=0
END 20260826 jo=74 R11 code=0
START 20260826 jo=74 R12
[13:08:35] START dates=['20260826'] jo=74 races=[12] out=/data/data/com.termux/files/home/Keirin-EV-Tool/scraper/data
[13:08:35] >>> 20260826 jo=74 R12
[13:09:25] OK  20260826 jo=74 R12 50s matrix=0 riders=0
[13:09:26] DONE ok=1 fail=0
END 20260826 jo=74 R12 code=0
START 20260826 jo=87 R1
[13:09:28] START dates=['20260826'] jo=87 races=[1] out=/data/data/com.termux/files/home/Keirin-EV-Tool/scraper/data
[13:09:28] >>> 20260826 jo=87 R01
[13:10:12] OK  20260826 jo=87 R01 44s matrix=132 riders=7
[13:10:16] DONE ok=1 fail=0
END 20260826 jo=87 R1 code=0
START 20260826 jo=87 R2
[13:10:29] START dates=['20260826'] jo=87 races=[2] out=/data/data/com.termux/files/home/Keirin-EV-Tool/scraper/data
[13:10:29] >>> 20260826 jo=87 R02
[13:11:06] OK  20260826 jo=87 R02 37s matrix=42 riders=5
[13:11:07] DONE ok=1 fail=0
END 20260826 jo=87 R2 code=0
START 20260826 jo=87 R3
[13:11:09] START dates=['20260826'] jo=87 races=[3] out=/data/data/com.termux/files/home/Keirin-EV-Tool/scraper/data
[13:11:09] >>> 20260826 jo=87 R03
[13:11:50] OK  20260826 jo=87 R03 41s matrix=78 riders=6
[13:11:51] DONE ok=1 fail=0
END 20260826 jo=87 R3 code=0
START 20260826 jo=87 R4
[13:11:53] START dates=['20260826'] jo=87 races=[4] out=/data/data/com.termux/files/home/Keirin-EV-Tool/scraper/data
[13:11:53] >>> 20260826 jo=87 R04
[13:12:30] OK  20260826 jo=87 R04 36s matrix=132 riders=7
[13:12:31] DONE ok=1 fail=0
END 20260826 jo=87 R4 code=0
START 20260826 jo=87 R5
[13:12:33] START dates=['20260826'] jo=87 races=[5] out=/data/data/com.termux/files/home/Keirin-EV-Tool/scraper/data
[13:12:33] >>> 20260826 jo=87 R05
[13:13:12] OK  20260826 jo=87 R05 39s matrix=132 riders=7
[13:13:13] DONE ok=1 fail=0
END 20260826 jo=87 R5 code=0
START 20260826 jo=87 R6
[13:13:15] START dates=['20260826'] jo=87 races=[6] out=/data/data/com.termux/files/home/Keirin-EV-Tool/scraper/data
[13:13:15] >>> 20260826 jo=87 R06
[13:13:56] OK  20260826 jo=87 R06 40s matrix=132 riders=7
[13:13:57] DONE ok=1 fail=0
END 20260826 jo=87 R6 code=0
START 20260826 jo=87 R7
[13:13:59] START dates=['20260826'] jo=87 races=[7] out=/data/data/com.termux/files/home/Keirin-EV-Tool/scraper/data
[13:13:59] >>> 20260826 jo=87 R07
[13:14:40] OK  20260826 jo=87 R07 42s matrix=132 riders=7
[13:14:41] DONE ok=1 fail=0
END 20260826 jo=87 R7 code=0
START 20260826 jo=87 R8
[13:14:43] START dates=['20260826'] jo=87 races=[8] out=/data/data/com.termux/files/home/Keirin-EV-Tool/scraper/data
[13:14:43] >>> 20260826 jo=87 R08
[13:15:28] OK  20260826 jo=87 R08 45s matrix=0 riders=0
[13:15:29] DONE ok=1 fail=0
END 20260826 jo=87 R8 code=0
START 20260826 jo=87 R9
[13:15:31] START dates=['20260826'] jo=87 races=[9] out=/data/data/com.termux/files/home/Keirin-EV-Tool/scraper/data
[13:15:31] >>> 20260826 jo=87 R09
[13:16:17] OK  20260826 jo=87 R09 45s matrix=0 riders=0
[13:16:18] DONE ok=1 fail=0
END 20260826 jo=87 R9 code=0
START 20260826 jo=87 R10
[13:16:20] START dates=['20260826'] jo=87 races=[10] out=/data/data/com.termux/files/home/Keirin-EV-Tool/scraper/data
[13:16:20] >>> 20260826 jo=87 R10
[13:17:02] OK  20260826 jo=87 R10 42s matrix=0 riders=0
[13:17:03] DONE ok=1 fail=0
END 20260826 jo=87 R10 code=0
START 20260826 jo=87 R11
[13:17:05] START dates=['20260826'] jo=87 races=[11] out=/data/data/com.termux/files/home/Keirin-EV-Tool/scraper/data
[13:17:05] >>> 20260826 jo=87 R11
[13:18:47] OK  20260826 jo=87 R11 102s matrix=0 riders=0
[13:18:48] DONE ok=1 fail=0
END 20260826 jo=87 R11 code=0
START 20260826 jo=87 R12
[13:18:55] START dates=['20260826'] jo=87 races=[12] out=/data/data/com.termux/files/home/Keirin-EV-Tool/scraper/data
[13:18:55] >>> 20260826 jo=87 R12
[13:20:14] OK  20260826 jo=87 R12 79s matrix=0 riders=0
[13:20:36] DONE ok=1 fail=0
END 20260826 jo=87 R12 code=0
BATCH_DONE
START 20260825 jo=12 R1
[15:50:09] START dates=['20260825'] jo=12 races=[1] out=/data/data/com.termux/files/home/Keirin-EV-Tool/scraper/data
[15:50:09] >>> 20260825 jo=12 R01
[15:50:43] OK  20260825 jo=12 R01 35s matrix=132 riders=7
[15:50:44] DONE ok=1 fail=0
END 20260825 jo=12 R1 code=0
START 20260825 jo=12 R2
[15:50:50] START dates=['20260825'] jo=12 races=[2] out=/data/data/com.termux/files/home/Keirin-EV-Tool/scraper/data
[15:50:50] >>> 20260825 jo=12 R02
[15:51:39] OK  20260825 jo=12 R02 49s matrix=132 riders=7
[15:51:40] DONE ok=1 fail=0
END 20260825 jo=12 R2 code=0
START 20260825 jo=12 R3
[15:51:47] START dates=['20260825'] jo=12 races=[3] out=/data/data/com.termux/files/home/Keirin-EV-Tool/scraper/data
[15:51:47] >>> 20260825 jo=12 R03
[15:52:29] OK  20260825 jo=12 R03 42s matrix=132 riders=7
[15:52:36] DONE ok=1 fail=0
END 20260825 jo=12 R3 code=0
START 20260825 jo=12 R4
[15:52:38] START dates=['20260825'] jo=12 races=[4] out=/data/data/com.termux/files/home/Keirin-EV-Tool/scraper/data
[15:52:38] >>> 20260825 jo=12 R04
[15:53:22] OK  20260825 jo=12 R04 44s matrix=132 riders=7
[15:53:23] DONE ok=1 fail=0
END 20260825 jo=12 R4 code=0
START 20260825 jo=12 R5
[15:53:25] START dates=['20260825'] jo=12 races=[5] out=/data/data/com.termux/files/home/Keirin-EV-Tool/scraper/data
[15:53:25] >>> 20260825 jo=12 R05
[15:54:18] OK  20260825 jo=12 R05 53s matrix=132 riders=7
[15:54:19] DONE ok=1 fail=0
END 20260825 jo=12 R5 code=0
START 20260825 jo=12 R6
[15:54:21] START dates=['20260825'] jo=12 races=[6] out=/data/data/com.termux/files/home/Keirin-EV-Tool/scraper/data
[15:54:21] >>> 20260825 jo=12 R06
[15:55:02] OK  20260825 jo=12 R06 41s matrix=132 riders=7
[15:55:03] DONE ok=1 fail=0
END 20260825 jo=12 R6 code=0
START 20260825 jo=12 R7
[15:55:14] START dates=['20260825'] jo=12 races=[7] out=/data/data/com.termux/files/home/Keirin-EV-Tool/scraper/data
[15:55:14] >>> 20260825 jo=12 R07
[15:56:01] OK  20260825 jo=12 R07 47s matrix=132 riders=7
[15:56:02] DONE ok=1 fail=0
END 20260825 jo=12 R7 code=0
START 20260825 jo=12 R8
[15:56:04] START dates=['20260825'] jo=12 races=[8] out=/data/data/com.termux/files/home/Keirin-EV-Tool/scraper/data
[15:56:04] >>> 20260825 jo=12 R08
[15:56:46] OK  20260825 jo=12 R08 43s matrix=0 riders=0
[15:56:47] DONE ok=1 fail=0
END 20260825 jo=12 R8 code=0
START 20260825 jo=12 R9
[15:56:49] START dates=['20260825'] jo=12 races=[9] out=/data/data/com.termux/files/home/Keirin-EV-Tool/scraper/data
[15:56:49] >>> 20260825 jo=12 R09
[15:57:33] OK  20260825 jo=12 R09 44s matrix=0 riders=0
[15:57:34] DONE ok=1 fail=0
END 20260825 jo=12 R9 code=0
START 20260825 jo=12 R10
[15:57:36] START dates=['20260825'] jo=12 races=[10] out=/data/data/com.termux/files/home/Keirin-EV-Tool/scraper/data
[15:57:36] >>> 20260825 jo=12 R10
[15:58:18] OK  20260825 jo=12 R10 42s matrix=0 riders=0
[15:58:19] DONE ok=1 fail=0
END 20260825 jo=12 R10 code=0
START 20260825 jo=12 R11
[15:58:21] START dates=['20260825'] jo=12 races=[11] out=/data/data/com.termux/files/home/Keirin-EV-Tool/scraper/data
[15:58:21] >>> 20260825 jo=12 R11
[15:59:02] OK  20260825 jo=12 R11 41s matrix=0 riders=0
[15:59:03] DONE ok=1 fail=0
END 20260825 jo=12 R11 code=0
START 20260825 jo=12 R12
[15:59:05] START dates=['20260825'] jo=12 races=[12] out=/data/data/com.termux/files/home/Keirin-EV-Tool/scraper/data
[15:59:05] >>> 20260825 jo=12 R12
[15:59:51] OK  20260825 jo=12 R12 46s matrix=0 riders=0
[15:59:52] DONE ok=1 fail=0
END 20260825 jo=12 R12 code=0
START 20260825 jo=24 R1
[16:00:02] START dates=['20260825'] jo=24 races=[1] out=/data/data/com.termux/files/home/Keirin-EV-Tool/scraper/data
[16:00:02] >>> 20260825 jo=24 R01
[16:00:44] OK  20260825 jo=24 R01 42s matrix=132 riders=7
[16:00:45] DONE ok=1 fail=0
END 20260825 jo=24 R1 code=0
START 20260825 jo=24 R2
[16:00:47] START dates=['20260825'] jo=24 races=[2] out=/data/data/com.termux/files/home/Keirin-EV-Tool/scraper/data
[16:00:47] >>> 20260825 jo=24 R02
[16:01:27] OK  20260825 jo=24 R02 40s matrix=132 riders=7
[16:01:28] DONE ok=1 fail=0
END 20260825 jo=24 R2 code=0
START 20260825 jo=24 R3
[16:01:30] START dates=['20260825'] jo=24 races=[3] out=/data/data/com.termux/files/home/Keirin-EV-Tool/scraper/data
[16:01:30] >>> 20260825 jo=24 R03
[16:02:11] OK  20260825 jo=24 R03 41s matrix=132 riders=7
[16:02:12] DONE ok=1 fail=0
END 20260825 jo=24 R3 code=0
START 20260825 jo=24 R4
[16:02:29] START dates=['20260825'] jo=24 races=[4] out=/data/data/com.termux/files/home/Keirin-EV-Tool/scraper/data
[16:02:29] >>> 20260825 jo=24 R04
[16:03:07] OK  20260825 jo=24 R04 39s matrix=132 riders=7
[16:03:08] DONE ok=1 fail=0
END 20260825 jo=24 R4 code=0
START 20260825 jo=24 R5
[16:03:11] START dates=['20260825'] jo=24 races=[5] out=/data/data/com.termux/files/home/Keirin-EV-Tool/scraper/data
[16:03:11] >>> 20260825 jo=24 R05
[16:03:49] OK  20260825 jo=24 R05 39s matrix=132 riders=7
[16:03:50] DONE ok=1 fail=0
END 20260825 jo=24 R5 code=0
START 20260825 jo=24 R6
[16:03:52] START dates=['20260825'] jo=24 races=[6] out=/data/data/com.termux/files/home/Keirin-EV-Tool/scraper/data
[16:03:52] >>> 20260825 jo=24 R06
[16:04:43] OK  20260825 jo=24 R06 51s matrix=132 riders=7
[16:04:55] DONE ok=1 fail=0
END 20260825 jo=24 R6 code=0
START 20260825 jo=24 R7
[16:04:57] START dates=['20260825'] jo=24 races=[7] out=/data/data/com.termux/files/home/Keirin-EV-Tool/scraper/data
[16:04:57] >>> 20260825 jo=24 R07
[16:05:34] OK  20260825 jo=24 R07 36s matrix=132 riders=7
[16:05:35] DONE ok=1 fail=0
END 20260825 jo=24 R7 code=0
START 20260825 jo=24 R8
[16:05:37] START dates=['20260825'] jo=24 races=[8] out=/data/data/com.termux/files/home/Keirin-EV-Tool/scraper/data
[16:05:37] >>> 20260825 jo=24 R08
[16:06:19] OK  20260825 jo=24 R08 42s matrix=0 riders=0
[16:06:20] DONE ok=1 fail=0
END 20260825 jo=24 R8 code=0
START 20260825 jo=24 R9
[16:06:22] START dates=['20260825'] jo=24 races=[9] out=/data/data/com.termux/files/home/Keirin-EV-Tool/scraper/data
[16:06:22] >>> 20260825 jo=24 R09
[16:07:05] OK  20260825 jo=24 R09 43s matrix=0 riders=0
[16:07:06] DONE ok=1 fail=0
END 20260825 jo=24 R9 code=0
START 20260825 jo=24 R10
[16:07:08] START dates=['20260825'] jo=24 races=[10] out=/data/data/com.termux/files/home/Keirin-EV-Tool/scraper/data
[16:07:08] >>> 20260825 jo=24 R10
[16:07:52] OK  20260825 jo=24 R10 44s matrix=0 riders=0
[16:07:53] DONE ok=1 fail=0
END 20260825 jo=24 R10 code=0
START 20260825 jo=24 R11
[16:07:55] START dates=['20260825'] jo=24 races=[11] out=/data/data/com.termux/files/home/Keirin-EV-Tool/scraper/data
[16:07:55] >>> 20260825 jo=24 R11
[16:08:38] OK  20260825 jo=24 R11 44s matrix=0 riders=0
[16:08:39] DONE ok=1 fail=0
END 20260825 jo=24 R11 code=0
START 20260825 jo=24 R12
[16:08:41] START dates=['20260825'] jo=24 races=[12] out=/data/data/com.termux/files/home/Keirin-EV-Tool/scraper/data
[16:08:41] >>> 20260825 jo=24 R12
[16:09:25] OK  20260825 jo=24 R12 44s matrix=0 riders=0
[16:09:26] DONE ok=1 fail=0
END 20260825 jo=24 R12 code=0
START 20260825 jo=31 R1
[16:09:28] START dates=['20260825'] jo=31 races=[1] out=/data/data/com.termux/files/home/Keirin-EV-Tool/scraper/data
[16:09:28] >>> 20260825 jo=31 R01
[16:10:06] OK  20260825 jo=31 R01 38s matrix=78 riders=6
[16:10:07] DONE ok=1 fail=0
END 20260825 jo=31 R1 code=0
START 20260825 jo=31 R2
[16:10:09] START dates=['20260825'] jo=31 races=[2] out=/data/data/com.termux/files/home/Keirin-EV-Tool/scraper/data
[16:10:09] >>> 20260825 jo=31 R02
[16:10:44] OK  20260825 jo=31 R02 35s matrix=132 riders=7
[16:10:45] DONE ok=1 fail=0
END 20260825 jo=31 R2 code=0
START 20260825 jo=31 R3
[16:10:47] START dates=['20260825'] jo=31 races=[3] out=/data/data/com.termux/files/home/Keirin-EV-Tool/scraper/data
[16:10:47] >>> 20260825 jo=31 R03
[16:11:31] OK  20260825 jo=31 R03 43s matrix=132 riders=7
[16:11:32] DONE ok=1 fail=0
END 20260825 jo=31 R3 code=0
START 20260825 jo=31 R4
[16:11:34] START dates=['20260825'] jo=31 races=[4] out=/data/data/com.termux/files/home/Keirin-EV-Tool/scraper/data
[16:11:34] >>> 20260825 jo=31 R04
[16:12:20] OK  20260825 jo=31 R04 46s matrix=300 riders=9
[16:12:21] DONE ok=1 fail=0
END 20260825 jo=31 R4 code=0
START 20260825 jo=31 R5
[16:12:23] START dates=['20260825'] jo=31 races=[5] out=/data/data/com.termux/files/home/Keirin-EV-Tool/scraper/data
[16:12:23] >>> 20260825 jo=31 R05
[16:13:07] OK  20260825 jo=31 R05 44s matrix=300 riders=9
[16:13:08] DONE ok=1 fail=0
END 20260825 jo=31 R5 code=0
START 20260825 jo=31 R6
[16:13:10] START dates=['20260825'] jo=31 races=[6] out=/data/data/com.termux/files/home/Keirin-EV-Tool/scraper/data
[16:13:10] >>> 20260825 jo=31 R06
[16:13:54] OK  20260825 jo=31 R06 44s matrix=300 riders=9
[16:13:55] DONE ok=1 fail=0
END 20260825 jo=31 R6 code=0
START 20260825 jo=31 R7
[16:13:58] START dates=['20260825'] jo=31 races=[7] out=/data/data/com.termux/files/home/Keirin-EV-Tool/scraper/data
[16:13:58] >>> 20260825 jo=31 R07
[16:14:46] OK  20260825 jo=31 R07 48s matrix=300 riders=9
[16:14:47] DONE ok=1 fail=0
END 20260825 jo=31 R7 code=0
START 20260825 jo=31 R8
[16:14:50] START dates=['20260825'] jo=31 races=[8] out=/data/data/com.termux/files/home/Keirin-EV-Tool/scraper/data
[16:14:50] >>> 20260825 jo=31 R08
[16:15:32] OK  20260825 jo=31 R08 43s matrix=204 riders=9
[16:15:33] DONE ok=1 fail=0
END 20260825 jo=31 R8 code=0
START 20260825 jo=31 R9
[16:15:35] START dates=['20260825'] jo=31 races=[9] out=/data/data/com.termux/files/home/Keirin-EV-Tool/scraper/data
[16:15:35] >>> 20260825 jo=31 R09
[16:16:18] OK  20260825 jo=31 R09 42s matrix=300 riders=9
[16:16:19] DONE ok=1 fail=0
END 20260825 jo=31 R9 code=0
START 20260825 jo=31 R10
[16:16:22] START dates=['20260825'] jo=31 races=[10] out=/data/data/com.termux/files/home/Keirin-EV-Tool/scraper/data
[16:16:22] >>> 20260825 jo=31 R10
[16:17:09] OK  20260825 jo=31 R10 47s matrix=300 riders=9
[16:17:11] DONE ok=1 fail=0
END 20260825 jo=31 R10 code=0
START 20260825 jo=31 R11
[16:17:14] START dates=['20260825'] jo=31 races=[11] out=/data/data/com.termux/files/home/Keirin-EV-Tool/scraper/data
[16:17:14] >>> 20260825 jo=31 R11
[16:18:01] OK  20260825 jo=31 R11 48s matrix=300 riders=9
[16:18:02] DONE ok=1 fail=0
END 20260825 jo=31 R11 code=0
START 20260825 jo=31 R12
[16:18:05] START dates=['20260825'] jo=31 races=[12] out=/data/data/com.termux/files/home/Keirin-EV-Tool/scraper/data
[16:18:05] >>> 20260825 jo=31 R12
[16:19:00] OK  20260825 jo=31 R12 55s matrix=300 riders=9
[16:19:01] DONE ok=1 fail=0
END 20260825 jo=31 R12 code=0
START 20260825 jo=43 R1
[16:19:03] START dates=['20260825'] jo=43 races=[1] out=/data/data/com.termux/files/home/Keirin-EV-Tool/scraper/data
[16:19:03] >>> 20260825 jo=43 R01
[16:19:49] OK  20260825 jo=43 R01 45s matrix=132 riders=7
[16:19:50] DONE ok=1 fail=0
END 20260825 jo=43 R1 code=0
START 20260825 jo=43 R2
[16:20:01] START dates=['20260825'] jo=43 races=[2] out=/data/data/com.termux/files/home/Keirin-EV-Tool/scraper/data
[16:20:01] >>> 20260825 jo=43 R02
[16:20:47] OK  20260825 jo=43 R02 46s matrix=132 riders=7
[16:20:48] DONE ok=1 fail=0
END 20260825 jo=43 R2 code=0
START 20260825 jo=43 R3
[16:20:51] START dates=['20260825'] jo=43 races=[3] out=/data/data/com.termux/files/home/Keirin-EV-Tool/scraper/data
[16:20:51] >>> 20260825 jo=43 R03
[16:21:32] OK  20260825 jo=43 R03 41s matrix=132 riders=7
[16:21:33] DONE ok=1 fail=0
END 20260825 jo=43 R3 code=0
START 20260825 jo=43 R4
[16:21:35] START dates=['20260825'] jo=43 races=[4] out=/data/data/com.termux/files/home/Keirin-EV-Tool/scraper/data
[16:21:35] >>> 20260825 jo=43 R04
[16:22:16] OK  20260825 jo=43 R04 40s matrix=132 riders=7
[16:22:17] DONE ok=1 fail=0
END 20260825 jo=43 R4 code=0
START 20260825 jo=43 R5
[16:22:19] START dates=['20260825'] jo=43 races=[5] out=/data/data/com.termux/files/home/Keirin-EV-Tool/scraper/data
[16:22:19] >>> 20260825 jo=43 R05
[16:23:01] OK  20260825 jo=43 R05 42s matrix=132 riders=7
[16:23:02] DONE ok=1 fail=0
END 20260825 jo=43 R5 code=0
START 20260825 jo=43 R6
[16:23:06] START dates=['20260825'] jo=43 races=[6] out=/data/data/com.termux/files/home/Keirin-EV-Tool/scraper/data
[16:23:06] >>> 20260825 jo=43 R06
[16:23:47] OK  20260825 jo=43 R06 41s matrix=132 riders=7
[16:24:01] DONE ok=1 fail=0
END 20260825 jo=43 R6 code=0
START 20260825 jo=43 R7
[16:24:03] START dates=['20260825'] jo=43 races=[7] out=/data/data/com.termux/files/home/Keirin-EV-Tool/scraper/data
[16:24:03] >>> 20260825 jo=43 R07
[16:24:42] OK  20260825 jo=43 R07 40s matrix=132 riders=7
[16:24:43] DONE ok=1 fail=0
END 20260825 jo=43 R7 code=0
START 20260825 jo=43 R8
[16:24:45] START dates=['20260825'] jo=43 races=[8] out=/data/data/com.termux/files/home/Keirin-EV-Tool/scraper/data
[16:24:45] >>> 20260825 jo=43 R08
[16:25:25] OK  20260825 jo=43 R08 40s matrix=132 riders=7
[16:25:26] DONE ok=1 fail=0
END 20260825 jo=43 R8 code=0
START 20260825 jo=43 R9
[16:25:28] START dates=['20260825'] jo=43 races=[9] out=/data/data/com.termux/files/home/Keirin-EV-Tool/scraper/data
[16:25:28] >>> 20260825 jo=43 R09
[16:26:09] OK  20260825 jo=43 R09 41s matrix=132 riders=7
[16:26:10] DONE ok=1 fail=0
END 20260825 jo=43 R9 code=0
START 20260825 jo=43 R10
[16:26:12] START dates=['20260825'] jo=43 races=[10] out=/data/data/com.termux/files/home/Keirin-EV-Tool/scraper/data
[16:26:12] >>> 20260825 jo=43 R10
[16:26:52] OK  20260825 jo=43 R10 41s matrix=132 riders=7
[16:26:53] DONE ok=1 fail=0
END 20260825 jo=43 R10 code=0
START 20260825 jo=43 R11
[16:26:55] START dates=['20260825'] jo=43 races=[11] out=/data/data/com.termux/files/home/Keirin-EV-Tool/scraper/data
[16:26:55] >>> 20260825 jo=43 R11
[16:27:35] OK  20260825 jo=43 R11 40s matrix=132 riders=7
[16:27:36] DONE ok=1 fail=0
END 20260825 jo=43 R11 code=0
START 20260825 jo=43 R12
[16:27:38] START dates=['20260825'] jo=43 races=[12] out=/data/data/com.termux/files/home/Keirin-EV-Tool/scraper/data
[16:27:38] >>> 20260825 jo=43 R12
[16:28:15] OK  20260825 jo=43 R12 36s matrix=132 riders=7
[16:28:16] DONE ok=1 fail=0
END 20260825 jo=43 R12 code=0
START 20260825 jo=47 R1
[16:28:17] START dates=['20260825'] jo=47 races=[1] out=/data/data/com.termux/files/home/Keirin-EV-Tool/scraper/data
[16:28:17] >>> 20260825 jo=47 R01
[16:28:59] OK  20260825 jo=47 R01 41s matrix=132 riders=7
[16:29:00] DONE ok=1 fail=0
END 20260825 jo=47 R1 code=0
START 20260825 jo=47 R2
[16:29:02] START dates=['20260825'] jo=47 races=[2] out=/data/data/com.termux/files/home/Keirin-EV-Tool/scraper/data
[16:29:02] >>> 20260825 jo=47 R02
[16:29:39] OK  20260825 jo=47 R02 36s matrix=132 riders=7
[16:29:40] DONE ok=1 fail=0
END 20260825 jo=47 R2 code=0
START 20260825 jo=47 R3
[16:29:42] START dates=['20260825'] jo=47 races=[3] out=/data/data/com.termux/files/home/Keirin-EV-Tool/scraper/data
[16:29:42] >>> 20260825 jo=47 R03
[16:30:28] OK  20260825 jo=47 R03 46s matrix=132 riders=7
[16:30:29] DONE ok=1 fail=0
END 20260825 jo=47 R3 code=0
START 20260825 jo=47 R4
[16:30:31] START dates=['20260825'] jo=47 races=[4] out=/data/data/com.termux/files/home/Keirin-EV-Tool/scraper/data
[16:30:31] >>> 20260825 jo=47 R04
[16:31:17] OK  20260825 jo=47 R04 46s matrix=132 riders=7
[16:31:18] DONE ok=1 fail=0
END 20260825 jo=47 R4 code=0
START 20260825 jo=47 R5
[16:31:20] START dates=['20260825'] jo=47 races=[5] out=/data/data/com.termux/files/home/Keirin-EV-Tool/scraper/data
[16:31:20] >>> 20260825 jo=47 R05
[16:31:59] OK  20260825 jo=47 R05 39s matrix=132 riders=7
[16:32:00] DONE ok=1 fail=0
END 20260825 jo=47 R5 code=0
START 20260825 jo=47 R6
[16:32:02] START dates=['20260825'] jo=47 races=[6] out=/data/data/com.termux/files/home/Keirin-EV-Tool/scraper/data
[16:32:02] >>> 20260825 jo=47 R06
[16:33:04] OK  20260825 jo=47 R06 62s matrix=132 riders=7
[16:33:05] DONE ok=1 fail=0
END 20260825 jo=47 R6 code=0
START 20260825 jo=47 R7
[16:33:07] START dates=['20260825'] jo=47 races=[7] out=/data/data/com.termux/files/home/Keirin-EV-Tool/scraper/data
[16:33:07] >>> 20260825 jo=47 R07
[16:33:47] OK  20260825 jo=47 R07 40s matrix=132 riders=7
[16:33:48] DONE ok=1 fail=0
END 20260825 jo=47 R7 code=0
START 20260825 jo=47 R8
[16:33:50] START dates=['20260825'] jo=47 races=[8] out=/data/data/com.termux/files/home/Keirin-EV-Tool/scraper/data
[16:33:50] >>> 20260825 jo=47 R08
[16:34:27] OK  20260825 jo=47 R08 37s matrix=132 riders=7
[16:34:28] DONE ok=1 fail=0
END 20260825 jo=47 R8 code=0
START 20260825 jo=47 R9
[16:34:30] START dates=['20260825'] jo=47 races=[9] out=/data/data/com.termux/files/home/Keirin-EV-Tool/scraper/data
[16:34:30] >>> 20260825 jo=47 R09
[16:35:11] OK  20260825 jo=47 R09 41s matrix=132 riders=7
[16:35:12] DONE ok=1 fail=0
END 20260825 jo=47 R9 code=0
START 20260825 jo=47 R10
[16:35:14] START dates=['20260825'] jo=47 races=[10] out=/data/data/com.termux/files/home/Keirin-EV-Tool/scraper/data
[16:35:14] >>> 20260825 jo=47 R10
[16:35:52] OK  20260825 jo=47 R10 38s matrix=132 riders=7
[16:35:53] DONE ok=1 fail=0
END 20260825 jo=47 R10 code=0
START 20260825 jo=47 R11
[16:35:55] START dates=['20260825'] jo=47 races=[11] out=/data/data/com.termux/files/home/Keirin-EV-Tool/scraper/data
[16:35:55] >>> 20260825 jo=47 R11
[16:36:35] OK  20260825 jo=47 R11 40s matrix=132 riders=7
[16:36:36] DONE ok=1 fail=0
END 20260825 jo=47 R11 code=0
START 20260825 jo=47 R12
[16:36:38] START dates=['20260825'] jo=47 races=[12] out=/data/data/com.termux/files/home/Keirin-EV-Tool/scraper/data
[16:36:38] >>> 20260825 jo=47 R12
[16:37:19] OK  20260825 jo=47 R12 41s matrix=0 riders=0
[16:37:20] DONE ok=1 fail=0
END 20260825 jo=47 R12 code=0
START 20260825 jo=55 R1
[16:37:22] START dates=['20260825'] jo=55 races=[1] out=/data/data/com.termux/files/home/Keirin-EV-Tool/scraper/data
[16:37:22] >>> 20260825 jo=55 R01
[16:38:06] OK  20260825 jo=55 R01 44s matrix=132 riders=7
[16:38:07] DONE ok=1 fail=0
END 20260825 jo=55 R1 code=0
START 20260825 jo=55 R2
[16:38:10] START dates=['20260825'] jo=55 races=[2] out=/data/data/com.termux/files/home/Keirin-EV-Tool/scraper/data
[16:38:10] >>> 20260825 jo=55 R02
[16:39:07] OK  20260825 jo=55 R02 57s matrix=132 riders=7
[16:39:09] DONE ok=1 fail=0
END 20260825 jo=55 R2 code=0
START 20260825 jo=55 R3
[16:39:11] START dates=['20260825'] jo=55 races=[3] out=/data/data/com.termux/files/home/Keirin-EV-Tool/scraper/data
[16:39:11] >>> 20260825 jo=55 R03
[16:39:54] OK  20260825 jo=55 R03 43s matrix=132 riders=7
[16:39:55] DONE ok=1 fail=0
END 20260825 jo=55 R3 code=0
START 20260825 jo=55 R4
[16:39:58] START dates=['20260825'] jo=55 races=[4] out=/data/data/com.termux/files/home/Keirin-EV-Tool/scraper/data
[16:39:58] >>> 20260825 jo=55 R04
[16:40:38] OK  20260825 jo=55 R04 39s matrix=132 riders=7
[16:40:39] DONE ok=1 fail=0
END 20260825 jo=55 R4 code=0
START 20260825 jo=55 R5
[16:40:42] START dates=['20260825'] jo=55 races=[5] out=/data/data/com.termux/files/home/Keirin-EV-Tool/scraper/data
[16:40:42] >>> 20260825 jo=55 R05
[16:41:19] OK  20260825 jo=55 R05 37s matrix=78 riders=6
[16:41:20] DONE ok=1 fail=0
END 20260825 jo=55 R5 code=0
START 20260825 jo=55 R6
[16:41:22] START dates=['20260825'] jo=55 races=[6] out=/data/data/com.termux/files/home/Keirin-EV-Tool/scraper/data
[16:41:22] >>> 20260825 jo=55 R06
[16:42:03] OK  20260825 jo=55 R06 41s matrix=132 riders=7
[16:42:04] DONE ok=1 fail=0
END 20260825 jo=55 R6 code=0
START 20260825 jo=55 R7
[16:42:06] START dates=['20260825'] jo=55 races=[7] out=/data/data/com.termux/files/home/Keirin-EV-Tool/scraper/data
[16:42:06] >>> 20260825 jo=55 R07
[16:42:49] OK  20260825 jo=55 R07 43s matrix=78 riders=6
[16:42:50] DONE ok=1 fail=0
END 20260825 jo=55 R7 code=0
START 20260825 jo=55 R8
[16:42:53] START dates=['20260825'] jo=55 races=[8] out=/data/data/com.termux/files/home/Keirin-EV-Tool/scraper/data
[16:42:53] >>> 20260825 jo=55 R08
[16:43:36] OK  20260825 jo=55 R08 43s matrix=132 riders=7
[16:43:37] DONE ok=1 fail=0
END 20260825 jo=55 R8 code=0
START 20260825 jo=55 R9
[16:43:40] START dates=['20260825'] jo=55 races=[9] out=/data/data/com.termux/files/home/Keirin-EV-Tool/scraper/data
[16:43:40] >>> 20260825 jo=55 R09
[16:44:22] OK  20260825 jo=55 R09 42s matrix=132 riders=7
[16:44:23] DONE ok=1 fail=0
END 20260825 jo=55 R9 code=0
START 20260825 jo=55 R10
[16:44:25] START dates=['20260825'] jo=55 races=[10] out=/data/data/com.termux/files/home/Keirin-EV-Tool/scraper/data
[16:44:25] >>> 20260825 jo=55 R10
[16:45:05] OK  20260825 jo=55 R10 40s matrix=132 riders=7
[16:45:06] DONE ok=1 fail=0
END 20260825 jo=55 R10 code=0
START 20260825 jo=55 R11
[16:45:09] START dates=['20260825'] jo=55 races=[11] out=/data/data/com.termux/files/home/Keirin-EV-Tool/scraper/data
[16:45:09] >>> 20260825 jo=55 R11
[16:45:49] OK  20260825 jo=55 R11 41s matrix=132 riders=7
[16:45:50] DONE ok=1 fail=0
END 20260825 jo=55 R11 code=0
START 20260825 jo=55 R12
[16:45:52] START dates=['20260825'] jo=55 races=[12] out=/data/data/com.termux/files/home/Keirin-EV-Tool/scraper/data
[16:45:52] >>> 20260825 jo=55 R12
[16:46:37] OK  20260825 jo=55 R12 45s matrix=0 riders=0
[16:46:38] DONE ok=1 fail=0
END 20260825 jo=55 R12 code=0
START 20260825 jo=63 R1
[16:46:40] START dates=['20260825'] jo=63 races=[1] out=/data/data/com.termux/files/home/Keirin-EV-Tool/scraper/data
[16:46:40] >>> 20260825 jo=63 R01
[16:47:19] OK  20260825 jo=63 R01 39s matrix=78 riders=6
[16:47:20] DONE ok=1 fail=0
END 20260825 jo=63 R1 code=0
START 20260825 jo=63 R2
[16:47:22] START dates=['20260825'] jo=63 races=[2] out=/data/data/com.termux/files/home/Keirin-EV-Tool/scraper/data
[16:47:22] >>> 20260825 jo=63 R02
[16:48:10] OK  20260825 jo=63 R02 48s matrix=132 riders=7
[16:48:11] DONE ok=1 fail=0
END 20260825 jo=63 R2 code=0
START 20260825 jo=63 R3
[16:48:13] START dates=['20260825'] jo=63 races=[3] out=/data/data/com.termux/files/home/Keirin-EV-Tool/scraper/data
[16:48:13] >>> 20260825 jo=63 R03
[16:48:56] OK  20260825 jo=63 R03 43s matrix=132 riders=7
[16:48:57] DONE ok=1 fail=0
END 20260825 jo=63 R3 code=0
START 20260825 jo=63 R4
[16:48:59] START dates=['20260825'] jo=63 races=[4] out=/data/data/com.termux/files/home/Keirin-EV-Tool/scraper/data
[16:48:59] >>> 20260825 jo=63 R04
[16:49:39] OK  20260825 jo=63 R04 40s matrix=132 riders=7
[16:49:40] DONE ok=1 fail=0
END 20260825 jo=63 R4 code=0
START 20260825 jo=63 R5
[16:49:51] START dates=['20260825'] jo=63 races=[5] out=/data/data/com.termux/files/home/Keirin-EV-Tool/scraper/data
[16:49:51] >>> 20260825 jo=63 R05
[16:50:33] OK  20260825 jo=63 R05 42s matrix=132 riders=7
[16:50:34] DONE ok=1 fail=0
END 20260825 jo=63 R5 code=0
START 20260825 jo=63 R6
[16:50:36] START dates=['20260825'] jo=63 races=[6] out=/data/data/com.termux/files/home/Keirin-EV-Tool/scraper/data
[16:50:36] >>> 20260825 jo=63 R06
[16:51:18] OK  20260825 jo=63 R06 42s matrix=132 riders=7
[16:51:19] DONE ok=1 fail=0
END 20260825 jo=63 R6 code=0
START 20260825 jo=63 R7
[16:51:22] START dates=['20260825'] jo=63 races=[7] out=/data/data/com.termux/files/home/Keirin-EV-Tool/scraper/data
[16:51:22] >>> 20260825 jo=63 R07
[16:52:15] OK  20260825 jo=63 R07 53s matrix=132 riders=7
[16:52:16] DONE ok=1 fail=0
END 20260825 jo=63 R7 code=0
START 20260825 jo=63 R8
[16:52:18] START dates=['20260825'] jo=63 races=[8] out=/data/data/com.termux/files/home/Keirin-EV-Tool/scraper/data
[16:52:18] >>> 20260825 jo=63 R08
[16:52:56] OK  20260825 jo=63 R08 38s matrix=132 riders=7
[16:52:57] DONE ok=1 fail=0
END 20260825 jo=63 R8 code=0
START 20260825 jo=63 R9
[16:52:59] START dates=['20260825'] jo=63 races=[9] out=/data/data/com.termux/files/home/Keirin-EV-Tool/scraper/data
[16:52:59] >>> 20260825 jo=63 R09
[16:53:37] OK  20260825 jo=63 R09 38s matrix=132 riders=7
[16:53:38] DONE ok=1 fail=0
END 20260825 jo=63 R9 code=0
START 20260825 jo=63 R10
[16:53:40] START dates=['20260825'] jo=63 races=[10] out=/data/data/com.termux/files/home/Keirin-EV-Tool/scraper/data
[16:53:40] >>> 20260825 jo=63 R10
[16:54:21] OK  20260825 jo=63 R10 41s matrix=132 riders=7
[16:54:22] DONE ok=1 fail=0
END 20260825 jo=63 R10 code=0
START 20260825 jo=63 R11
[16:54:24] START dates=['20260825'] jo=63 races=[11] out=/data/data/com.termux/files/home/Keirin-EV-Tool/scraper/data
[16:54:24] >>> 20260825 jo=63 R11
[16:55:03] OK  20260825 jo=63 R11 39s matrix=132 riders=7
[16:55:04] DONE ok=1 fail=0
END 20260825 jo=63 R11 code=0
START 20260825 jo=63 R12
[16:55:06] START dates=['20260825'] jo=63 races=[12] out=/data/data/com.termux/files/home/Keirin-EV-Tool/scraper/data
[16:55:06] >>> 20260825 jo=63 R12
[16:55:47] OK  20260825 jo=63 R12 41s matrix=132 riders=7
[16:55:48] DONE ok=1 fail=0
END 20260825 jo=63 R12 code=0
START 20260825 jo=74 R1
[16:55:50] START dates=['20260825'] jo=74 races=[1] out=/data/data/com.termux/files/home/Keirin-EV-Tool/scraper/data
[16:55:50] >>> 20260825 jo=74 R01
[16:56:33] OK  20260825 jo=74 R01 44s matrix=132 riders=7
[16:56:34] DONE ok=1 fail=0
END 20260825 jo=74 R1 code=0
START 20260825 jo=74 R2
[16:56:37] START dates=['20260825'] jo=74 races=[2] out=/data/data/com.termux/files/home/Keirin-EV-Tool/scraper/data
[16:56:37] >>> 20260825 jo=74 R02
[16:57:15] OK  20260825 jo=74 R02 38s matrix=132 riders=7
[16:57:16] DONE ok=1 fail=0
END 20260825 jo=74 R2 code=0
START 20260825 jo=74 R3
[16:57:18] START dates=['20260825'] jo=74 races=[3] out=/data/data/com.termux/files/home/Keirin-EV-Tool/scraper/data
[16:57:18] >>> 20260825 jo=74 R03
[16:57:56] OK  20260825 jo=74 R03 38s matrix=132 riders=7
[16:57:57] DONE ok=1 fail=0
END 20260825 jo=74 R3 code=0
START 20260825 jo=74 R4
[16:58:00] START dates=['20260825'] jo=74 races=[4] out=/data/data/com.termux/files/home/Keirin-EV-Tool/scraper/data
[16:58:00] >>> 20260825 jo=74 R04
[16:58:36] OK  20260825 jo=74 R04 36s matrix=132 riders=7
[16:58:37] DONE ok=1 fail=0
END 20260825 jo=74 R4 code=0
START 20260825 jo=74 R5
[16:58:39] START dates=['20260825'] jo=74 races=[5] out=/data/data/com.termux/files/home/Keirin-EV-Tool/scraper/data
[16:58:39] >>> 20260825 jo=74 R05
[16:59:21] OK  20260825 jo=74 R05 42s matrix=132 riders=7
[16:59:22] DONE ok=1 fail=0
END 20260825 jo=74 R5 code=0
START 20260825 jo=74 R6
[16:59:24] START dates=['20260825'] jo=74 races=[6] out=/data/data/com.termux/files/home/Keirin-EV-Tool/scraper/data
[16:59:24] >>> 20260825 jo=74 R06
[17:00:03] OK  20260825 jo=74 R06 39s matrix=132 riders=7
[17:00:04] DONE ok=1 fail=0
END 20260825 jo=74 R6 code=0
START 20260825 jo=74 R7
[17:00:06] START dates=['20260825'] jo=74 races=[7] out=/data/data/com.termux/files/home/Keirin-EV-Tool/scraper/data
[17:00:06] >>> 20260825 jo=74 R07
[17:00:40] OK  20260825 jo=74 R07 34s matrix=132 riders=7
[17:00:41] DONE ok=1 fail=0
END 20260825 jo=74 R7 code=0
START 20260825 jo=74 R8
[17:00:43] START dates=['20260825'] jo=74 races=[8] out=/data/data/com.termux/files/home/Keirin-EV-Tool/scraper/data
[17:00:43] >>> 20260825 jo=74 R08
[17:01:28] OK  20260825 jo=74 R08 45s matrix=0 riders=0
[17:01:29] DONE ok=1 fail=0
END 20260825 jo=74 R8 code=0
START 20260825 jo=74 R9
[17:01:32] START dates=['20260825'] jo=74 races=[9] out=/data/data/com.termux/files/home/Keirin-EV-Tool/scraper/data
[17:01:32] >>> 20260825 jo=74 R09
[17:02:14] OK  20260825 jo=74 R09 43s matrix=0 riders=0
[17:02:15] DONE ok=1 fail=0
END 20260825 jo=74 R9 code=0
START 20260825 jo=74 R10
[17:02:19] START dates=['20260825'] jo=74 races=[10] out=/data/data/com.termux/files/home/Keirin-EV-Tool/scraper/data
[17:02:19] >>> 20260825 jo=74 R10
[17:03:08] OK  20260825 jo=74 R10 49s matrix=0 riders=0
[17:03:09] DONE ok=1 fail=0
END 20260825 jo=74 R10 code=0
START 20260825 jo=74 R11
[17:03:11] START dates=['20260825'] jo=74 races=[11] out=/data/data/com.termux/files/home/Keirin-EV-Tool/scraper/data
[17:03:11] >>> 20260825 jo=74 R11
[17:04:06] OK  20260825 jo=74 R11 55s matrix=0 riders=0
[17:04:07] DONE ok=1 fail=0
END 20260825 jo=74 R11 code=0
START 20260825 jo=74 R12
[17:04:10] START dates=['20260825'] jo=74 races=[12] out=/data/data/com.termux/files/home/Keirin-EV-Tool/scraper/data
[17:04:10] >>> 20260825 jo=74 R12
[17:04:52] OK  20260825 jo=74 R12 42s matrix=0 riders=0
[17:04:53] DONE ok=1 fail=0
END 20260825 jo=74 R12 code=0
START 20260825 jo=87 R1
[17:04:55] START dates=['20260825'] jo=87 races=[1] out=/data/data/com.termux/files/home/Keirin-EV-Tool/scraper/data
[17:04:55] >>> 20260825 jo=87 R01
[17:05:35] OK  20260825 jo=87 R01 40s matrix=132 riders=7
[17:05:36] DONE ok=1 fail=0
END 20260825 jo=87 R1 code=0
START 20260825 jo=87 R2
[17:05:38] START dates=['20260825'] jo=87 races=[2] out=/data/data/com.termux/files/home/Keirin-EV-Tool/scraper/data
[17:05:38] >>> 20260825 jo=87 R02
[17:06:22] OK  20260825 jo=87 R02 44s matrix=132 riders=7
[17:06:23] DONE ok=1 fail=0
END 20260825 jo=87 R2 code=0
START 20260825 jo=87 R3
[17:06:25] START dates=['20260825'] jo=87 races=[3] out=/data/data/com.termux/files/home/Keirin-EV-Tool/scraper/data
[17:06:25] >>> 20260825 jo=87 R03
[17:07:05] OK  20260825 jo=87 R03 40s matrix=132 riders=7
[17:07:06] DONE ok=1 fail=0
END 20260825 jo=87 R3 code=0
START 20260825 jo=87 R4
[17:07:08] START dates=['20260825'] jo=87 races=[4] out=/data/data/com.termux/files/home/Keirin-EV-Tool/scraper/data
[17:07:08] >>> 20260825 jo=87 R04
[17:07:49] OK  20260825 jo=87 R04 41s matrix=132 riders=7
[17:07:50] DONE ok=1 fail=0
END 20260825 jo=87 R4 code=0
START 20260825 jo=87 R5
[17:07:52] START dates=['20260825'] jo=87 races=[5] out=/data/data/com.termux/files/home/Keirin-EV-Tool/scraper/data
[17:07:52] >>> 20260825 jo=87 R05
[17:08:29] OK  20260825 jo=87 R05 37s matrix=132 riders=7
[17:08:30] DONE ok=1 fail=0
END 20260825 jo=87 R5 code=0
START 20260825 jo=87 R6
[17:08:32] START dates=['20260825'] jo=87 races=[6] out=/data/data/com.termux/files/home/Keirin-EV-Tool/scraper/data
[17:08:32] >>> 20260825 jo=87 R06
[17:09:10] OK  20260825 jo=87 R06 38s matrix=132 riders=7
[17:09:11] DONE ok=1 fail=0
END 20260825 jo=87 R6 code=0
START 20260825 jo=87 R7
[17:09:14] START dates=['20260825'] jo=87 races=[7] out=/data/data/com.termux/files/home/Keirin-EV-Tool/scraper/data
[17:09:14] >>> 20260825 jo=87 R07
[17:09:55] OK  20260825 jo=87 R07 42s matrix=132 riders=7
[17:09:56] DONE ok=1 fail=0
END 20260825 jo=87 R7 code=0
START 20260825 jo=87 R8
[17:09:58] START dates=['20260825'] jo=87 races=[8] out=/data/data/com.termux/files/home/Keirin-EV-Tool/scraper/data
[17:09:58] >>> 20260825 jo=87 R08
[17:10:45] OK  20260825 jo=87 R08 47s matrix=0 riders=0
[17:10:46] DONE ok=1 fail=0
END 20260825 jo=87 R8 code=0
START 20260825 jo=87 R9
[17:10:48] START dates=['20260825'] jo=87 races=[9] out=/data/data/com.termux/files/home/Keirin-EV-Tool/scraper/data
[17:10:48] >>> 20260825 jo=87 R09
[17:11:36] OK  20260825 jo=87 R09 47s matrix=0 riders=0
[17:11:37] DONE ok=1 fail=0
END 20260825 jo=87 R9 code=0
START 20260825 jo=87 R10
[17:11:39] START dates=['20260825'] jo=87 races=[10] out=/data/data/com.termux/files/home/Keirin-EV-Tool/scraper/data
[17:11:39] >>> 20260825 jo=87 R10
[17:12:24] OK  20260825 jo=87 R10 45s matrix=0 riders=0
[17:12:25] DONE ok=1 fail=0
END 20260825 jo=87 R10 code=0
START 20260825 jo=87 R11
[17:12:27] START dates=['20260825'] jo=87 races=[11] out=/data/data/com.termux/files/home/Keirin-EV-Tool/scraper/data
[17:12:27] >>> 20260825 jo=87 R11
[17:13:11] OK  20260825 jo=87 R11 44s matrix=0 riders=0
[17:13:12] DONE ok=1 fail=0
END 20260825 jo=87 R11 code=0
START 20260825 jo=87 R12
[17:13:14] START dates=['20260825'] jo=87 races=[12] out=/data/data/com.termux/files/home/Keirin-EV-Tool/scraper/data
[17:13:14] >>> 20260825 jo=87 R12
[17:13:57] OK  20260825 jo=87 R12 43s matrix=0 riders=0
[17:13:58] DONE ok=1 fail=0
END 20260825 jo=87 R12 code=0
BATCH_DONE
BATCH_DONE
BATCH_DONE
BATCH_DONE
BATCH_DONE
BATCH_DONE
START 20260827 jo=22 R1
[09:33:40] START dates=['20260827'] jo=22 races=[1] out=/data/data/com.termux/files/home/Keirin-EV-Tool/scraper/data
[09:33:40] >>> 20260827 jo=22 R01
[09:34:26] OK  20260827 jo=22 R01 46s matrix=300 riders=9
[09:34:27] DONE ok=1 fail=0
END 20260827 jo=22 R1 code=0
START 20260827 jo=22 R2
[09:34:29] START dates=['20260827'] jo=22 races=[2] out=/data/data/com.termux/files/home/Keirin-EV-Tool/scraper/data
[09:34:29] >>> 20260827 jo=22 R02
[09:35:21] OK  20260827 jo=22 R02 52s matrix=300 riders=9
[09:35:22] DONE ok=1 fail=0
END 20260827 jo=22 R2 code=0
START 20260827 jo=22 R3
[09:35:24] START dates=['20260827'] jo=22 races=[3] out=/data/data/com.termux/files/home/Keirin-EV-Tool/scraper/data
[09:35:24] >>> 20260827 jo=22 R03
[09:36:12] OK  20260827 jo=22 R03 48s matrix=300 riders=9
[09:36:13] DONE ok=1 fail=0
END 20260827 jo=22 R3 code=0
START 20260827 jo=22 R4
[09:36:15] START dates=['20260827'] jo=22 races=[4] out=/data/data/com.termux/files/home/Keirin-EV-Tool/scraper/data
[09:36:15] >>> 20260827 jo=22 R04
[09:36:56] OK  20260827 jo=22 R04 41s matrix=300 riders=9
[09:36:57] DONE ok=1 fail=0
END 20260827 jo=22 R4 code=0
START 20260827 jo=22 R5
[09:36:59] START dates=['20260827'] jo=22 races=[5] out=/data/data/com.termux/files/home/Keirin-EV-Tool/scraper/data
[09:36:59] >>> 20260827 jo=22 R05
[09:37:48] OK  20260827 jo=22 R05 48s matrix=300 riders=9
[09:37:49] DONE ok=1 fail=0
END 20260827 jo=22 R5 code=0
START 20260827 jo=22 R6
[09:37:51] START dates=['20260827'] jo=22 races=[6] out=/data/data/com.termux/files/home/Keirin-EV-Tool/scraper/data
[09:37:51] >>> 20260827 jo=22 R06
[09:38:37] OK  20260827 jo=22 R06 47s matrix=300 riders=9
[09:38:38] DONE ok=1 fail=0
END 20260827 jo=22 R6 code=0
START 20260827 jo=22 R7
[09:38:40] START dates=['20260827'] jo=22 races=[7] out=/data/data/com.termux/files/home/Keirin-EV-Tool/scraper/data
[09:38:40] >>> 20260827 jo=22 R07
[09:39:25] OK  20260827 jo=22 R07 45s matrix=300 riders=9
[09:39:26] DONE ok=1 fail=0
END 20260827 jo=22 R7 code=0
START 20260827 jo=22 R8
[09:39:28] START dates=['20260827'] jo=22 races=[8] out=/data/data/com.termux/files/home/Keirin-EV-Tool/scraper/data
[09:39:28] >>> 20260827 jo=22 R08
[09:40:18] OK  20260827 jo=22 R08 50s matrix=300 riders=9
[09:40:19] DONE ok=1 fail=0
END 20260827 jo=22 R8 code=0
START 20260827 jo=22 R9
[09:40:21] START dates=['20260827'] jo=22 races=[9] out=/data/data/com.termux/files/home/Keirin-EV-Tool/scraper/data
[09:40:21] >>> 20260827 jo=22 R09
[09:41:09] OK  20260827 jo=22 R09 48s matrix=300 riders=9
[09:41:10] DONE ok=1 fail=0
END 20260827 jo=22 R9 code=0
START 20260827 jo=22 R10
[09:41:11] START dates=['20260827'] jo=22 races=[10] out=/data/data/com.termux/files/home/Keirin-EV-Tool/scraper/data
[09:41:11] >>> 20260827 jo=22 R10
[09:42:14] OK  20260827 jo=22 R10 62s matrix=300 riders=9
[09:42:22] DONE ok=1 fail=0
END 20260827 jo=22 R10 code=0
START 20260827 jo=22 R11
[09:42:28] START dates=['20260827'] jo=22 races=[11] out=/data/data/com.termux/files/home/Keirin-EV-Tool/scraper/data
[09:42:28] >>> 20260827 jo=22 R11
[09:43:13] OK  20260827 jo=22 R11 45s matrix=300 riders=9
[09:43:14] DONE ok=1 fail=0
END 20260827 jo=22 R11 code=0
START 20260827 jo=22 R12
[09:43:16] START dates=['20260827'] jo=22 races=[12] out=/data/data/com.termux/files/home/Keirin-EV-Tool/scraper/data
[09:43:16] >>> 20260827 jo=22 R12
[09:45:03] OK  20260827 jo=22 R12 107s matrix=300 riders=9
[09:45:04] DONE ok=1 fail=0
END 20260827 jo=22 R12 code=0
START 20260827 jo=37 R1
[09:45:06] START dates=['20260827'] jo=37 races=[1] out=/data/data/com.termux/files/home/Keirin-EV-Tool/scraper/data
[09:45:06] >>> 20260827 jo=37 R01
[09:45:43] OK  20260827 jo=37 R01 37s matrix=132 riders=7
[09:45:59] DONE ok=1 fail=0
END 20260827 jo=37 R1 code=0
START 20260827 jo=37 R2
[09:46:02] START dates=['20260827'] jo=37 races=[2] out=/data/data/com.termux/files/home/Keirin-EV-Tool/scraper/data
[09:46:02] >>> 20260827 jo=37 R02
[09:46:47] OK  20260827 jo=37 R02 45s matrix=132 riders=7
[09:46:48] DONE ok=1 fail=0
END 20260827 jo=37 R2 code=0
START 20260827 jo=37 R3
[09:46:50] START dates=['20260827'] jo=37 races=[3] out=/data/data/com.termux/files/home/Keirin-EV-Tool/scraper/data
[09:46:50] >>> 20260827 jo=37 R03
[09:47:26] OK  20260827 jo=37 R03 36s matrix=132 riders=7
[09:47:27] DONE ok=1 fail=0
END 20260827 jo=37 R3 code=0
START 20260827 jo=37 R4
[09:47:29] START dates=['20260827'] jo=37 races=[4] out=/data/data/com.termux/files/home/Keirin-EV-Tool/scraper/data
[09:47:29] >>> 20260827 jo=37 R04
[09:48:10] OK  20260827 jo=37 R04 41s matrix=132 riders=7
[09:48:11] DONE ok=1 fail=0
END 20260827 jo=37 R4 code=0
START 20260827 jo=37 R5
[09:48:13] START dates=['20260827'] jo=37 races=[5] out=/data/data/com.termux/files/home/Keirin-EV-Tool/scraper/data
[09:48:13] >>> 20260827 jo=37 R05
[09:48:57] OK  20260827 jo=37 R05 44s matrix=132 riders=7
[09:48:58] DONE ok=1 fail=0
END 20260827 jo=37 R5 code=0
START 20260827 jo=37 R6
[09:49:00] START dates=['20260827'] jo=37 races=[6] out=/data/data/com.termux/files/home/Keirin-EV-Tool/scraper/data
[09:49:00] >>> 20260827 jo=37 R06
[09:50:09] OK  20260827 jo=37 R06 68s matrix=132 riders=7
[09:50:10] DONE ok=1 fail=0
END 20260827 jo=37 R6 code=0
START 20260827 jo=37 R7
[09:50:12] START dates=['20260827'] jo=37 races=[7] out=/data/data/com.termux/files/home/Keirin-EV-Tool/scraper/data
[09:50:12] >>> 20260827 jo=37 R07
[09:50:55] OK  20260827 jo=37 R07 43s matrix=132 riders=7
[09:50:56] DONE ok=1 fail=0
END 20260827 jo=37 R7 code=0
START 20260827 jo=37 R8
[09:50:57] START dates=['20260827'] jo=37 races=[8] out=/data/data/com.termux/files/home/Keirin-EV-Tool/scraper/data
[09:50:57] >>> 20260827 jo=37 R08
[09:51:38] OK  20260827 jo=37 R08 41s matrix=0 riders=0
[09:51:39] DONE ok=1 fail=0
END 20260827 jo=37 R8 code=0
START 20260827 jo=37 R9
[09:51:41] START dates=['20260827'] jo=37 races=[9] out=/data/data/com.termux/files/home/Keirin-EV-Tool/scraper/data
[09:51:41] >>> 20260827 jo=37 R09
[09:52:26] OK  20260827 jo=37 R09 44s matrix=0 riders=0
[09:52:27] DONE ok=1 fail=0
END 20260827 jo=37 R9 code=0
START 20260827 jo=37 R10
[09:52:28] START dates=['20260827'] jo=37 races=[10] out=/data/data/com.termux/files/home/Keirin-EV-Tool/scraper/data
[09:52:28] >>> 20260827 jo=37 R10
[09:53:15] OK  20260827 jo=37 R10 47s matrix=0 riders=0
[09:53:16] DONE ok=1 fail=0
END 20260827 jo=37 R10 code=0
START 20260827 jo=37 R11
[09:53:18] START dates=['20260827'] jo=37 races=[11] out=/data/data/com.termux/files/home/Keirin-EV-Tool/scraper/data
[09:53:18] >>> 20260827 jo=37 R11
[09:54:04] OK  20260827 jo=37 R11 46s matrix=0 riders=0
[09:54:05] DONE ok=1 fail=0
END 20260827 jo=37 R11 code=0
START 20260827 jo=37 R12
[09:54:07] START dates=['20260827'] jo=37 races=[12] out=/data/data/com.termux/files/home/Keirin-EV-Tool/scraper/data
[09:54:07] >>> 20260827 jo=37 R12
[09:54:53] OK  20260827 jo=37 R12 46s matrix=0 riders=0
[09:54:54] DONE ok=1 fail=0
END 20260827 jo=37 R12 code=0
START 20260827 jo=47 R1
[09:54:56] START dates=['20260827'] jo=47 races=[1] out=/data/data/com.termux/files/home/Keirin-EV-Tool/scraper/data
[09:54:56] >>> 20260827 jo=47 R01
[09:55:30] OK  20260827 jo=47 R01 34s matrix=42 riders=5
[09:55:31] DONE ok=1 fail=0
END 20260827 jo=47 R1 code=0
START 20260827 jo=47 R2
[09:55:33] START dates=['20260827'] jo=47 races=[2] out=/data/data/com.termux/files/home/Keirin-EV-Tool/scraper/data
[09:55:33] >>> 20260827 jo=47 R02
[09:56:10] OK  20260827 jo=47 R02 37s matrix=78 riders=6
[09:56:11] DONE ok=1 fail=0
END 20260827 jo=47 R2 code=0
START 20260827 jo=47 R3
[09:56:13] START dates=['20260827'] jo=47 races=[3] out=/data/data/com.termux/files/home/Keirin-EV-Tool/scraper/data
[09:56:13] >>> 20260827 jo=47 R03
[09:56:54] OK  20260827 jo=47 R03 42s matrix=132 riders=7
[09:56:55] DONE ok=1 fail=0
END 20260827 jo=47 R3 code=0
START 20260827 jo=47 R4
[09:56:57] START dates=['20260827'] jo=47 races=[4] out=/data/data/com.termux/files/home/Keirin-EV-Tool/scraper/data
[09:56:57] >>> 20260827 jo=47 R04
[09:57:36] OK  20260827 jo=47 R04 39s matrix=78 riders=6
[09:57:37] DONE ok=1 fail=0
END 20260827 jo=47 R4 code=0
START 20260827 jo=47 R5
[09:57:39] START dates=['20260827'] jo=47 races=[5] out=/data/data/com.termux/files/home/Keirin-EV-Tool/scraper/data
[09:57:39] >>> 20260827 jo=47 R05
[09:58:20] OK  20260827 jo=47 R05 41s matrix=132 riders=7
[09:58:21] DONE ok=1 fail=0
END 20260827 jo=47 R5 code=0
START 20260827 jo=47 R6
[09:58:23] START dates=['20260827'] jo=47 races=[6] out=/data/data/com.termux/files/home/Keirin-EV-Tool/scraper/data
[09:58:23] >>> 20260827 jo=47 R06
[09:59:05] OK  20260827 jo=47 R06 42s matrix=132 riders=7
[09:59:06] DONE ok=1 fail=0
END 20260827 jo=47 R6 code=0
START 20260827 jo=47 R7
[09:59:08] START dates=['20260827'] jo=47 races=[7] out=/data/data/com.termux/files/home/Keirin-EV-Tool/scraper/data
[09:59:08] >>> 20260827 jo=47 R07
[09:59:51] OK  20260827 jo=47 R07 43s matrix=132 riders=7
[09:59:52] DONE ok=1 fail=0
END 20260827 jo=47 R7 code=0
START 20260827 jo=47 R8
[09:59:54] START dates=['20260827'] jo=47 races=[8] out=/data/data/com.termux/files/home/Keirin-EV-Tool/scraper/data
[09:59:54] >>> 20260827 jo=47 R08
[10:00:34] OK  20260827 jo=47 R08 40s matrix=132 riders=7
[10:00:35] DONE ok=1 fail=0
END 20260827 jo=47 R8 code=0
START 20260827 jo=47 R9
[10:00:38] START dates=['20260827'] jo=47 races=[9] out=/data/data/com.termux/files/home/Keirin-EV-Tool/scraper/data
[10:00:38] >>> 20260827 jo=47 R09
[10:01:17] OK  20260827 jo=47 R09 39s matrix=132 riders=7
[10:01:18] DONE ok=1 fail=0
END 20260827 jo=47 R9 code=0
START 20260827 jo=47 R10
[10:01:20] START dates=['20260827'] jo=47 races=[10] out=/data/data/com.termux/files/home/Keirin-EV-Tool/scraper/data
[10:01:20] >>> 20260827 jo=47 R10
[10:01:58] OK  20260827 jo=47 R10 37s matrix=132 riders=7
[10:01:59] DONE ok=1 fail=0
END 20260827 jo=47 R10 code=0
START 20260827 jo=47 R11
[10:02:01] START dates=['20260827'] jo=47 races=[11] out=/data/data/com.termux/files/home/Keirin-EV-Tool/scraper/data
[10:02:01] >>> 20260827 jo=47 R11
[10:02:44] OK  20260827 jo=47 R11 43s matrix=132 riders=7
[10:02:45] DONE ok=1 fail=0
END 20260827 jo=47 R11 code=0
START 20260827 jo=47 R12
[10:02:47] START dates=['20260827'] jo=47 races=[12] out=/data/data/com.termux/files/home/Keirin-EV-Tool/scraper/data
[10:02:47] >>> 20260827 jo=47 R12
[10:03:24] OK  20260827 jo=47 R12 37s matrix=0 riders=0
[10:03:25] DONE ok=1 fail=0
END 20260827 jo=47 R12 code=0
START 20260827 jo=53 R1
[10:03:28] START dates=['20260827'] jo=53 races=[1] out=/data/data/com.termux/files/home/Keirin-EV-Tool/scraper/data
[10:03:28] >>> 20260827 jo=53 R01
[10:04:11] OK  20260827 jo=53 R01 43s matrix=132 riders=7
[10:04:12] DONE ok=1 fail=0
END 20260827 jo=53 R1 code=0
START 20260827 jo=53 R2
[10:04:14] START dates=['20260827'] jo=53 races=[2] out=/data/data/com.termux/files/home/Keirin-EV-Tool/scraper/data
[10:04:14] >>> 20260827 jo=53 R02
[10:04:49] OK  20260827 jo=53 R02 36s matrix=132 riders=7
[10:04:50] DONE ok=1 fail=0
END 20260827 jo=53 R2 code=0
START 20260827 jo=53 R3
[10:04:52] START dates=['20260827'] jo=53 races=[3] out=/data/data/com.termux/files/home/Keirin-EV-Tool/scraper/data
[10:04:52] >>> 20260827 jo=53 R03
[10:05:28] OK  20260827 jo=53 R03 35s matrix=132 riders=7
[10:05:29] DONE ok=1 fail=0
END 20260827 jo=53 R3 code=0
START 20260827 jo=53 R4
[10:05:31] START dates=['20260827'] jo=53 races=[4] out=/data/data/com.termux/files/home/Keirin-EV-Tool/scraper/data
[10:05:31] >>> 20260827 jo=53 R04
[10:06:12] OK  20260827 jo=53 R04 41s matrix=132 riders=7
[10:06:13] DONE ok=1 fail=0
END 20260827 jo=53 R4 code=0
START 20260827 jo=53 R5
[10:06:15] START dates=['20260827'] jo=53 races=[5] out=/data/data/com.termux/files/home/Keirin-EV-Tool/scraper/data
[10:06:15] >>> 20260827 jo=53 R05
[10:07:18] OK  20260827 jo=53 R05 63s matrix=132 riders=7
[10:07:25] DONE ok=1 fail=0
END 20260827 jo=53 R5 code=0
START 20260827 jo=53 R6
[10:07:27] START dates=['20260827'] jo=53 races=[6] out=/data/data/com.termux/files/home/Keirin-EV-Tool/scraper/data
[10:07:27] >>> 20260827 jo=53 R06
[10:08:10] OK  20260827 jo=53 R06 43s matrix=132 riders=7
[10:08:13] DONE ok=1 fail=0
END 20260827 jo=53 R6 code=0
START 20260827 jo=53 R7
[10:08:15] START dates=['20260827'] jo=53 races=[7] out=/data/data/com.termux/files/home/Keirin-EV-Tool/scraper/data
[10:08:15] >>> 20260827 jo=53 R07
[10:09:02] OK  20260827 jo=53 R07 47s matrix=132 riders=7
[10:09:03] DONE ok=1 fail=0
END 20260827 jo=53 R7 code=0
START 20260827 jo=53 R8
[10:09:05] START dates=['20260827'] jo=53 races=[8] out=/data/data/com.termux/files/home/Keirin-EV-Tool/scraper/data
[10:09:05] >>> 20260827 jo=53 R08
[10:09:47] OK  20260827 jo=53 R08 42s matrix=132 riders=7
[10:09:48] DONE ok=1 fail=0
END 20260827 jo=53 R8 code=0
START 20260827 jo=53 R9
[10:09:50] START dates=['20260827'] jo=53 races=[9] out=/data/data/com.termux/files/home/Keirin-EV-Tool/scraper/data
[10:09:50] >>> 20260827 jo=53 R09
[10:10:28] OK  20260827 jo=53 R09 38s matrix=132 riders=7
[10:10:29] DONE ok=1 fail=0
END 20260827 jo=53 R9 code=0
START 20260827 jo=53 R10
[10:10:31] START dates=['20260827'] jo=53 races=[10] out=/data/data/com.termux/files/home/Keirin-EV-Tool/scraper/data
[10:10:31] >>> 20260827 jo=53 R10
[10:11:09] OK  20260827 jo=53 R10 38s matrix=132 riders=7
[10:11:10] DONE ok=1 fail=0
END 20260827 jo=53 R10 code=0
START 20260827 jo=53 R11
[10:11:13] START dates=['20260827'] jo=53 races=[11] out=/data/data/com.termux/files/home/Keirin-EV-Tool/scraper/data
[10:11:13] >>> 20260827 jo=53 R11
[10:11:52] OK  20260827 jo=53 R11 39s matrix=132 riders=7
[10:11:53] DONE ok=1 fail=0
END 20260827 jo=53 R11 code=0
START 20260827 jo=53 R12
[10:11:55] START dates=['20260827'] jo=53 races=[12] out=/data/data/com.termux/files/home/Keirin-EV-Tool/scraper/data
[10:11:55] >>> 20260827 jo=53 R12
[10:12:36] OK  20260827 jo=53 R12 40s matrix=132 riders=7
[10:12:37] DONE ok=1 fail=0
END 20260827 jo=53 R12 code=0
START 20260827 jo=56 R1
[10:12:39] START dates=['20260827'] jo=56 races=[1] out=/data/data/com.termux/files/home/Keirin-EV-Tool/scraper/data
[10:12:39] >>> 20260827 jo=56 R01
[10:13:38] OK  20260827 jo=56 R01 59s matrix=132 riders=7
[10:13:39] DONE ok=1 fail=0
END 20260827 jo=56 R1 code=0
START 20260827 jo=56 R2
[10:13:42] START dates=['20260827'] jo=56 races=[2] out=/data/data/com.termux/files/home/Keirin-EV-Tool/scraper/data
[10:13:42] >>> 20260827 jo=56 R02
[10:14:25] OK  20260827 jo=56 R02 43s matrix=132 riders=7
[10:14:26] DONE ok=1 fail=0
END 20260827 jo=56 R2 code=0
START 20260827 jo=56 R3
[10:14:28] START dates=['20260827'] jo=56 races=[3] out=/data/data/com.termux/files/home/Keirin-EV-Tool/scraper/data
[10:14:28] >>> 20260827 jo=56 R03
[10:15:14] OK  20260827 jo=56 R03 46s matrix=132 riders=7
[10:15:15] DONE ok=1 fail=0
END 20260827 jo=56 R3 code=0
START 20260827 jo=56 R4
[10:15:17] START dates=['20260827'] jo=56 races=[4] out=/data/data/com.termux/files/home/Keirin-EV-Tool/scraper/data
[10:15:17] >>> 20260827 jo=56 R04
[10:16:00] OK  20260827 jo=56 R04 43s matrix=132 riders=7
[10:16:01] DONE ok=1 fail=0
END 20260827 jo=56 R4 code=0
START 20260827 jo=56 R5
[10:16:03] START dates=['20260827'] jo=56 races=[5] out=/data/data/com.termux/files/home/Keirin-EV-Tool/scraper/data
[10:16:03] >>> 20260827 jo=56 R05
[10:16:44] OK  20260827 jo=56 R05 41s matrix=132 riders=7
[10:16:45] DONE ok=1 fail=0
END 20260827 jo=56 R5 code=0
START 20260827 jo=56 R6
[10:16:48] START dates=['20260827'] jo=56 races=[6] out=/data/data/com.termux/files/home/Keirin-EV-Tool/scraper/data
[10:16:48] >>> 20260827 jo=56 R06
[10:17:26] OK  20260827 jo=56 R06 39s matrix=82 riders=7
[10:17:27] DONE ok=1 fail=0
END 20260827 jo=56 R6 code=0
START 20260827 jo=56 R7
[10:17:30] START dates=['20260827'] jo=56 races=[7] out=/data/data/com.termux/files/home/Keirin-EV-Tool/scraper/data
[10:17:30] >>> 20260827 jo=56 R07
[10:18:11] OK  20260827 jo=56 R07 41s matrix=132 riders=7
[10:18:12] DONE ok=1 fail=0
END 20260827 jo=56 R7 code=0
START 20260827 jo=56 R8
[10:18:14] START dates=['20260827'] jo=56 races=[8] out=/data/data/com.termux/files/home/Keirin-EV-Tool/scraper/data
[10:18:14] >>> 20260827 jo=56 R08
[10:18:54] OK  20260827 jo=56 R08 40s matrix=132 riders=7
[10:18:55] DONE ok=1 fail=0
END 20260827 jo=56 R8 code=0
START 20260827 jo=56 R9
[10:18:57] START dates=['20260827'] jo=56 races=[9] out=/data/data/com.termux/files/home/Keirin-EV-Tool/scraper/data
[10:18:57] >>> 20260827 jo=56 R09
[10:19:39] OK  20260827 jo=56 R09 42s matrix=132 riders=7
[10:19:40] DONE ok=1 fail=0
END 20260827 jo=56 R9 code=0
START 20260827 jo=56 R10
[10:19:43] START dates=['20260827'] jo=56 races=[10] out=/data/data/com.termux/files/home/Keirin-EV-Tool/scraper/data
[10:19:43] >>> 20260827 jo=56 R10
[10:20:23] OK  20260827 jo=56 R10 40s matrix=0 riders=0
[10:20:24] DONE ok=1 fail=0
END 20260827 jo=56 R10 code=0
START 20260827 jo=56 R11
[10:20:26] START dates=['20260827'] jo=56 races=[11] out=/data/data/com.termux/files/home/Keirin-EV-Tool/scraper/data
[10:20:26] >>> 20260827 jo=56 R11
[10:21:09] OK  20260827 jo=56 R11 42s matrix=0 riders=0
[10:21:10] DONE ok=1 fail=0
END 20260827 jo=56 R11 code=0
START 20260827 jo=56 R12
[10:21:12] START dates=['20260827'] jo=56 races=[12] out=/data/data/com.termux/files/home/Keirin-EV-Tool/scraper/data
[10:21:12] >>> 20260827 jo=56 R12
[10:21:55] OK  20260827 jo=56 R12 43s matrix=0 riders=0
[10:21:56] DONE ok=1 fail=0
END 20260827 jo=56 R12 code=0
START 20260827 jo=61 R1
[10:21:58] START dates=['20260827'] jo=61 races=[1] out=/data/data/com.termux/files/home/Keirin-EV-Tool/scraper/data
[10:21:58] >>> 20260827 jo=61 R01
[10:22:40] OK  20260827 jo=61 R01 41s matrix=132 riders=7
[10:22:41] DONE ok=1 fail=0
END 20260827 jo=61 R1 code=0
START 20260827 jo=61 R2
[10:22:43] START dates=['20260827'] jo=61 races=[2] out=/data/data/com.termux/files/home/Keirin-EV-Tool/scraper/data
[10:22:43] >>> 20260827 jo=61 R02
[10:23:22] OK  20260827 jo=61 R02 40s matrix=132 riders=7
[10:23:23] DONE ok=1 fail=0
END 20260827 jo=61 R2 code=0
START 20260827 jo=61 R3
[10:23:26] START dates=['20260827'] jo=61 races=[3] out=/data/data/com.termux/files/home/Keirin-EV-Tool/scraper/data
[10:23:26] >>> 20260827 jo=61 R03
[10:24:08] OK  20260827 jo=61 R03 43s matrix=132 riders=7
[10:24:09] DONE ok=1 fail=0
END 20260827 jo=61 R3 code=0
START 20260827 jo=61 R4
[10:24:12] START dates=['20260827'] jo=61 races=[4] out=/data/data/com.termux/files/home/Keirin-EV-Tool/scraper/data
[10:24:12] >>> 20260827 jo=61 R04
[10:24:52] OK  20260827 jo=61 R04 41s matrix=132 riders=7
[10:24:53] DONE ok=1 fail=0
END 20260827 jo=61 R4 code=0
START 20260827 jo=61 R5
[10:24:55] START dates=['20260827'] jo=61 races=[5] out=/data/data/com.termux/files/home/Keirin-EV-Tool/scraper/data
[10:24:55] >>> 20260827 jo=61 R05
[10:25:37] OK  20260827 jo=61 R05 41s matrix=132 riders=7
[10:25:38] DONE ok=1 fail=0
END 20260827 jo=61 R5 code=0
START 20260827 jo=61 R6
[10:25:40] START dates=['20260827'] jo=61 races=[6] out=/data/data/com.termux/files/home/Keirin-EV-Tool/scraper/data
[10:25:40] >>> 20260827 jo=61 R06
[10:26:17] OK  20260827 jo=61 R06 37s matrix=132 riders=7
[10:26:18] DONE ok=1 fail=0
END 20260827 jo=61 R6 code=0
START 20260827 jo=61 R7
[10:26:20] START dates=['20260827'] jo=61 races=[7] out=/data/data/com.termux/files/home/Keirin-EV-Tool/scraper/data
[10:26:20] >>> 20260827 jo=61 R07
[10:27:21] OK  20260827 jo=61 R07 61s matrix=132 riders=7
[10:27:43] DONE ok=1 fail=0
END 20260827 jo=61 R7 code=0
START 20260827 jo=61 R8
[10:27:45] START dates=['20260827'] jo=61 races=[8] out=/data/data/com.termux/files/home/Keirin-EV-Tool/scraper/data
[10:27:45] >>> 20260827 jo=61 R08
[10:28:47] OK  20260827 jo=61 R08 62s matrix=132 riders=7
[10:28:58] DONE ok=1 fail=0
END 20260827 jo=61 R8 code=0
START 20260827 jo=61 R9
[10:29:00] START dates=['20260827'] jo=61 races=[9] out=/data/data/com.termux/files/home/Keirin-EV-Tool/scraper/data
[10:29:00] >>> 20260827 jo=61 R09
[10:30:47] OK  20260827 jo=61 R09 108s matrix=132 riders=7
[10:30:51] DONE ok=1 fail=0
END 20260827 jo=61 R9 code=0
START 20260827 jo=61 R10
[10:30:57] START dates=['20260827'] jo=61 races=[10] out=/data/data/com.termux/files/home/Keirin-EV-Tool/scraper/data
[10:30:57] >>> 20260827 jo=61 R10
[10:31:54] OK  20260827 jo=61 R10 57s matrix=132 riders=7
[10:31:55] DONE ok=1 fail=0
END 20260827 jo=61 R10 code=0
START 20260827 jo=61 R11
[10:31:58] START dates=['20260827'] jo=61 races=[11] out=/data/data/com.termux/files/home/Keirin-EV-Tool/scraper/data
[10:31:58] >>> 20260827 jo=61 R11
[10:33:01] OK  20260827 jo=61 R11 63s matrix=132 riders=7
[10:33:13] DONE ok=1 fail=0
END 20260827 jo=61 R11 code=0
START 20260827 jo=61 R12
[10:33:48] START dates=['20260827'] jo=61 races=[12] out=/data/data/com.termux/files/home/Keirin-EV-Tool/scraper/data
[10:33:48] >>> 20260827 jo=61 R12
[10:34:43] OK  20260827 jo=61 R12 55s matrix=132 riders=7
[10:34:56] DONE ok=1 fail=0
END 20260827 jo=61 R12 code=0
START 20260827 jo=73 R1
[10:35:13] START dates=['20260827'] jo=73 races=[1] out=/data/data/com.termux/files/home/Keirin-EV-Tool/scraper/data
[10:35:13] >>> 20260827 jo=73 R01
[10:36:40] OK  20260827 jo=73 R01 86s matrix=132 riders=7
[10:36:41] DONE ok=1 fail=0
END 20260827 jo=73 R1 code=0
START 20260827 jo=73 R2
[10:36:43] START dates=['20260827'] jo=73 races=[2] out=/data/data/com.termux/files/home/Keirin-EV-Tool/scraper/data
[10:36:43] >>> 20260827 jo=73 R02
[10:37:38] OK  20260827 jo=73 R02 56s matrix=132 riders=7
[10:37:51] DONE ok=1 fail=0
END 20260827 jo=73 R2 code=0
START 20260827 jo=73 R3
[10:38:01] START dates=['20260827'] jo=73 races=[3] out=/data/data/com.termux/files/home/Keirin-EV-Tool/scraper/data
[10:38:01] >>> 20260827 jo=73 R03
[10:39:03] OK  20260827 jo=73 R03 62s matrix=132 riders=7
[10:39:04] DONE ok=1 fail=0
END 20260827 jo=73 R3 code=0
START 20260827 jo=73 R4
[10:39:06] START dates=['20260827'] jo=73 races=[4] out=/data/data/com.termux/files/home/Keirin-EV-Tool/scraper/data
[10:39:06] >>> 20260827 jo=73 R04
[10:39:55] OK  20260827 jo=73 R04 50s matrix=132 riders=7
[10:40:01] DONE ok=1 fail=0
END 20260827 jo=73 R4 code=0
START 20260827 jo=73 R5
[10:40:07] START dates=['20260827'] jo=73 races=[5] out=/data/data/com.termux/files/home/Keirin-EV-Tool/scraper/data
[10:40:07] >>> 20260827 jo=73 R05
[10:41:36] OK  20260827 jo=73 R05 89s matrix=132 riders=7
[10:41:37] DONE ok=1 fail=0
END 20260827 jo=73 R5 code=0
START 20260827 jo=73 R6
[10:41:43] START dates=['20260827'] jo=73 races=[6] out=/data/data/com.termux/files/home/Keirin-EV-Tool/scraper/data
[10:41:43] >>> 20260827 jo=73 R06
[10:43:02] OK  20260827 jo=73 R06 79s matrix=132 riders=7
[10:43:03] DONE ok=1 fail=0
END 20260827 jo=73 R6 code=0
START 20260827 jo=73 R7
[10:43:49] START dates=['20260827'] jo=73 races=[7] out=/data/data/com.termux/files/home/Keirin-EV-Tool/scraper/data
[10:43:49] >>> 20260827 jo=73 R07
[10:45:18] OK  20260827 jo=73 R07 88s matrix=132 riders=7
[10:45:48] DONE ok=1 fail=0
END 20260827 jo=73 R7 code=0
START 20260827 jo=73 R8
[10:45:53] START dates=['20260827'] jo=73 races=[8] out=/data/data/com.termux/files/home/Keirin-EV-Tool/scraper/data
[10:45:53] >>> 20260827 jo=73 R08
[10:47:02] OK  20260827 jo=73 R08 70s matrix=132 riders=7
[10:47:18] DONE ok=1 fail=0
END 20260827 jo=73 R8 code=0
START 20260827 jo=73 R9
[10:47:50] START dates=['20260827'] jo=73 races=[9] out=/data/data/com.termux/files/home/Keirin-EV-Tool/scraper/data
[10:47:50] >>> 20260827 jo=73 R09
[10:49:07] OK  20260827 jo=73 R09 77s matrix=132 riders=7
[10:49:08] DONE ok=1 fail=0
END 20260827 jo=73 R9 code=0
START 20260827 jo=73 R10
[10:49:21] START dates=['20260827'] jo=73 races=[10] out=/data/data/com.termux/files/home/Keirin-EV-Tool/scraper/data
[10:49:21] >>> 20260827 jo=73 R10
[10:50:30] OK  20260827 jo=73 R10 69s matrix=0 riders=0
[10:50:31] DONE ok=1 fail=0
END 20260827 jo=73 R10 code=0
START 20260827 jo=73 R11
[10:50:33] START dates=['20260827'] jo=73 races=[11] out=/data/data/com.termux/files/home/Keirin-EV-Tool/scraper/data
[10:50:33] >>> 20260827 jo=73 R11
[10:51:18] OK  20260827 jo=73 R11 45s matrix=0 riders=0
[10:51:19] DONE ok=1 fail=0
END 20260827 jo=73 R11 code=0
START 20260827 jo=73 R12
[10:51:22] START dates=['20260827'] jo=73 races=[12] out=/data/data/com.termux/files/home/Keirin-EV-Tool/scraper/data
[10:51:22] >>> 20260827 jo=73 R12
[10:52:07] OK  20260827 jo=73 R12 45s matrix=0 riders=0
[10:52:08] DONE ok=1 fail=0
END 20260827 jo=73 R12 code=0
START 20260827 jo=74 R1
[10:52:10] START dates=['20260827'] jo=74 races=[1] out=/data/data/com.termux/files/home/Keirin-EV-Tool/scraper/data
[10:52:10] >>> 20260827 jo=74 R01
[10:52:49] OK  20260827 jo=74 R01 39s matrix=132 riders=7
[10:52:51] DONE ok=1 fail=0
END 20260827 jo=74 R1 code=0
START 20260827 jo=74 R2
[10:52:53] START dates=['20260827'] jo=74 races=[2] out=/data/data/com.termux/files/home/Keirin-EV-Tool/scraper/data
[10:52:53] >>> 20260827 jo=74 R02
[10:54:05] OK  20260827 jo=74 R02 71s matrix=132 riders=7
[10:54:07] DONE ok=1 fail=0
END 20260827 jo=74 R2 code=0
START 20260827 jo=74 R3
[10:54:10] START dates=['20260827'] jo=74 races=[3] out=/data/data/com.termux/files/home/Keirin-EV-Tool/scraper/data
[10:54:10] >>> 20260827 jo=74 R03
[10:55:04] OK  20260827 jo=74 R03 54s matrix=132 riders=7
[10:55:14] DONE ok=1 fail=0
END 20260827 jo=74 R3 code=0
START 20260827 jo=74 R4
[10:55:35] START dates=['20260827'] jo=74 races=[4] out=/data/data/com.termux/files/home/Keirin-EV-Tool/scraper/data
[10:55:35] >>> 20260827 jo=74 R04
[10:57:02] OK  20260827 jo=74 R04 87s matrix=132 riders=7
[10:57:46] DONE ok=1 fail=0
END 20260827 jo=74 R4 code=0
START 20260827 jo=74 R5
[10:58:07] START dates=['20260827'] jo=74 races=[5] out=/data/data/com.termux/files/home/Keirin-EV-Tool/scraper/data
[10:58:07] >>> 20260827 jo=74 R05
[10:59:55] OK  20260827 jo=74 R05 108s matrix=132 riders=7
[10:59:56] DONE ok=1 fail=0
END 20260827 jo=74 R5 code=0
START 20260827 jo=74 R6
[10:59:59] START dates=['20260827'] jo=74 races=[6] out=/data/data/com.termux/files/home/Keirin-EV-Tool/scraper/data
[10:59:59] >>> 20260827 jo=74 R06
[11:01:19] OK  20260827 jo=74 R06 81s matrix=132 riders=7
[11:01:21] DONE ok=1 fail=0
END 20260827 jo=74 R6 code=0
START 20260827 jo=74 R7
[11:01:25] START dates=['20260827'] jo=74 races=[7] out=/data/data/com.termux/files/home/Keirin-EV-Tool/scraper/data
[11:01:25] >>> 20260827 jo=74 R07
[11:02:27] OK  20260827 jo=74 R07 62s matrix=132 riders=7
[11:02:47] DONE ok=1 fail=0
END 20260827 jo=74 R7 code=0
START 20260827 jo=74 R8
[11:02:49] START dates=['20260827'] jo=74 races=[8] out=/data/data/com.termux/files/home/Keirin-EV-Tool/scraper/data
[11:02:49] >>> 20260827 jo=74 R08
[11:04:15] OK  20260827 jo=74 R08 86s matrix=0 riders=0
[11:04:30] DONE ok=1 fail=0
END 20260827 jo=74 R8 code=0
START 20260827 jo=74 R9
[11:04:47] START dates=['20260827'] jo=74 races=[9] out=/data/data/com.termux/files/home/Keirin-EV-Tool/scraper/data
[11:04:47] >>> 20260827 jo=74 R09
[11:06:34] OK  20260827 jo=74 R09 107s matrix=0 riders=0
[11:06:35] DONE ok=1 fail=0
END 20260827 jo=74 R9 code=0
START 20260827 jo=74 R10
[11:06:40] START dates=['20260827'] jo=74 races=[10] out=/data/data/com.termux/files/home/Keirin-EV-Tool/scraper/data
[11:06:40] >>> 20260827 jo=74 R10
[11:08:25] OK  20260827 jo=74 R10 105s matrix=0 riders=0
[11:08:38] DONE ok=1 fail=0
END 20260827 jo=74 R10 code=0
START 20260827 jo=74 R11
[11:08:48] START dates=['20260827'] jo=74 races=[11] out=/data/data/com.termux/files/home/Keirin-EV-Tool/scraper/data
[11:08:48] >>> 20260827 jo=74 R11
[11:10:18] OK  20260827 jo=74 R11 90s matrix=0 riders=0
[11:10:35] DONE ok=1 fail=0
END 20260827 jo=74 R11 code=0
START 20260827 jo=74 R12
[11:10:37] START dates=['20260827'] jo=74 races=[12] out=/data/data/com.termux/files/home/Keirin-EV-Tool/scraper/data
[11:10:37] >>> 20260827 jo=74 R12
[11:11:23] OK  20260827 jo=74 R12 46s matrix=0 riders=0
[11:11:24] DONE ok=1 fail=0
END 20260827 jo=74 R12 code=0
BATCH_DONE
START 20260824 jo=28 R7
[17:50:50] START dates=['20260824'] jo=28 races=[7] out=/data/data/com.termux/files/home/Keirin-EV-Tool/scraper/data
[17:50:50] >>> 20260824 jo=28 R07
[17:51:29] OK  20260824 jo=28 R07 40s matrix=132 riders=7
[17:51:30] DONE ok=1 fail=0
END 20260824 jo=28 R7 code=0
START 20260824 jo=28 R8
[17:51:33] START dates=['20260824'] jo=28 races=[8] out=/data/data/com.termux/files/home/Keirin-EV-Tool/scraper/data
[17:51:33] >>> 20260824 jo=28 R08
[17:52:22] OK  20260824 jo=28 R08 49s matrix=0 riders=0
[17:52:23] DONE ok=1 fail=0
END 20260824 jo=28 R8 code=0
START 20260824 jo=28 R9
[17:52:25] START dates=['20260824'] jo=28 races=[9] out=/data/data/com.termux/files/home/Keirin-EV-Tool/scraper/data
[17:52:25] >>> 20260824 jo=28 R09
[17:53:07] OK  20260824 jo=28 R09 42s matrix=0 riders=0
[17:53:08] DONE ok=1 fail=0
END 20260824 jo=28 R9 code=0
START 20260824 jo=28 R10
[17:53:10] START dates=['20260824'] jo=28 races=[10] out=/data/data/com.termux/files/home/Keirin-EV-Tool/scraper/data
[17:53:10] >>> 20260824 jo=28 R10
[17:53:55] OK  20260824 jo=28 R10 44s matrix=0 riders=0
[17:53:56] DONE ok=1 fail=0
END 20260824 jo=28 R10 code=0
START 20260824 jo=28 R11
[17:53:58] START dates=['20260824'] jo=28 races=[11] out=/data/data/com.termux/files/home/Keirin-EV-Tool/scraper/data
[17:53:58] >>> 20260824 jo=28 R11
[17:54:42] OK  20260824 jo=28 R11 44s matrix=0 riders=0
[17:54:43] DONE ok=1 fail=0
END 20260824 jo=28 R11 code=0
START 20260824 jo=28 R12
[17:54:45] START dates=['20260824'] jo=28 races=[12] out=/data/data/com.termux/files/home/Keirin-EV-Tool/scraper/data
[17:54:45] >>> 20260824 jo=28 R12
[17:55:25] OK  20260824 jo=28 R12 41s matrix=0 riders=0
[17:55:26] DONE ok=1 fail=0
END 20260824 jo=28 R12 code=0
START 20260824 jo=31 R1
[17:55:28] START dates=['20260824'] jo=31 races=[1] out=/data/data/com.termux/files/home/Keirin-EV-Tool/scraper/data
[17:55:28] >>> 20260824 jo=31 R01
[17:56:08] OK  20260824 jo=31 R01 40s matrix=132 riders=7
[17:56:09] DONE ok=1 fail=0
END 20260824 jo=31 R1 code=0
START 20260824 jo=31 R2
[17:56:11] START dates=['20260824'] jo=31 races=[2] out=/data/data/com.termux/files/home/Keirin-EV-Tool/scraper/data
[17:56:11] >>> 20260824 jo=31 R02
[17:56:46] OK  20260824 jo=31 R02 36s matrix=132 riders=7
[17:56:47] DONE ok=1 fail=0
END 20260824 jo=31 R2 code=0
START 20260824 jo=31 R3
[17:56:49] START dates=['20260824'] jo=31 races=[3] out=/data/data/com.termux/files/home/Keirin-EV-Tool/scraper/data
[17:56:49] >>> 20260824 jo=31 R03
[17:57:27] OK  20260824 jo=31 R03 38s matrix=132 riders=7
[17:57:28] DONE ok=1 fail=0
END 20260824 jo=31 R3 code=0
START 20260824 jo=31 R4
[17:57:30] START dates=['20260824'] jo=31 races=[4] out=/data/data/com.termux/files/home/Keirin-EV-Tool/scraper/data
[17:57:30] >>> 20260824 jo=31 R04
[17:58:12] OK  20260824 jo=31 R04 42s matrix=300 riders=9
[17:58:13] DONE ok=1 fail=0
END 20260824 jo=31 R4 code=0
START 20260824 jo=31 R5
[17:58:16] START dates=['20260824'] jo=31 races=[5] out=/data/data/com.termux/files/home/Keirin-EV-Tool/scraper/data
[17:58:16] >>> 20260824 jo=31 R05
[17:59:03] OK  20260824 jo=31 R05 47s matrix=300 riders=9
[17:59:04] DONE ok=1 fail=0
END 20260824 jo=31 R5 code=0
START 20260824 jo=31 R6
[17:59:07] START dates=['20260824'] jo=31 races=[6] out=/data/data/com.termux/files/home/Keirin-EV-Tool/scraper/data
[17:59:07] >>> 20260824 jo=31 R06
[18:00:02] OK  20260824 jo=31 R06 55s matrix=300 riders=9
[18:00:03] DONE ok=1 fail=0
END 20260824 jo=31 R6 code=0
START 20260824 jo=31 R7
[18:00:05] START dates=['20260824'] jo=31 races=[7] out=/data/data/com.termux/files/home/Keirin-EV-Tool/scraper/data
[18:00:05] >>> 20260824 jo=31 R07
[18:00:51] OK  20260824 jo=31 R07 46s matrix=300 riders=9
[18:00:52] DONE ok=1 fail=0
END 20260824 jo=31 R7 code=0
START 20260824 jo=31 R8
[18:00:54] START dates=['20260824'] jo=31 races=[8] out=/data/data/com.termux/files/home/Keirin-EV-Tool/scraper/data
[18:00:54] >>> 20260824 jo=31 R08
[18:01:40] OK  20260824 jo=31 R08 46s matrix=300 riders=9
[18:01:41] DONE ok=1 fail=0
END 20260824 jo=31 R8 code=0
START 20260824 jo=31 R9
[18:01:43] START dates=['20260824'] jo=31 races=[9] out=/data/data/com.termux/files/home/Keirin-EV-Tool/scraper/data
[18:01:43] >>> 20260824 jo=31 R09
[18:02:25] OK  20260824 jo=31 R09 42s matrix=300 riders=9
[18:02:26] DONE ok=1 fail=0
END 20260824 jo=31 R9 code=0
START 20260824 jo=31 R10
[18:02:28] START dates=['20260824'] jo=31 races=[10] out=/data/data/com.termux/files/home/Keirin-EV-Tool/scraper/data
[18:02:28] >>> 20260824 jo=31 R10
[18:03:22] OK  20260824 jo=31 R10 53s matrix=300 riders=9
[18:03:23] DONE ok=1 fail=0
END 20260824 jo=31 R10 code=0
START 20260824 jo=31 R11
[18:03:25] START dates=['20260824'] jo=31 races=[11] out=/data/data/com.termux/files/home/Keirin-EV-Tool/scraper/data
[18:03:25] >>> 20260824 jo=31 R11
[18:04:55] OK  20260824 jo=31 R11 90s matrix=300 riders=9
[18:04:58] DONE ok=1 fail=0
END 20260824 jo=31 R11 code=0
START 20260824 jo=31 R12
[18:05:00] START dates=['20260824'] jo=31 races=[12] out=/data/data/com.termux/files/home/Keirin-EV-Tool/scraper/data
[18:05:00] >>> 20260824 jo=31 R12
[18:06:27] OK  20260824 jo=31 R12 87s matrix=300 riders=9
[18:06:28] DONE ok=1 fail=0
END 20260824 jo=31 R12 code=0
START 20260824 jo=43 R1
[18:06:31] START dates=['20260824'] jo=43 races=[1] out=/data/data/com.termux/files/home/Keirin-EV-Tool/scraper/data
[18:06:31] >>> 20260824 jo=43 R01
[18:07:10] OK  20260824 jo=43 R01 40s matrix=132 riders=7
[18:07:11] DONE ok=1 fail=0
END 20260824 jo=43 R1 code=0
START 20260824 jo=43 R2
[18:07:14] START dates=['20260824'] jo=43 races=[2] out=/data/data/com.termux/files/home/Keirin-EV-Tool/scraper/data
[18:07:14] >>> 20260824 jo=43 R02
[18:07:51] OK  20260824 jo=43 R02 37s matrix=132 riders=7
[18:07:52] DONE ok=1 fail=0
END 20260824 jo=43 R2 code=0
START 20260824 jo=43 R3
[18:07:54] START dates=['20260824'] jo=43 races=[3] out=/data/data/com.termux/files/home/Keirin-EV-Tool/scraper/data
[18:07:54] >>> 20260824 jo=43 R03
[18:08:33] OK  20260824 jo=43 R03 39s matrix=132 riders=7
[18:08:34] DONE ok=1 fail=0
END 20260824 jo=43 R3 code=0
START 20260824 jo=43 R4
[18:08:37] START dates=['20260824'] jo=43 races=[4] out=/data/data/com.termux/files/home/Keirin-EV-Tool/scraper/data
[18:08:37] >>> 20260824 jo=43 R04
[18:09:18] OK  20260824 jo=43 R04 41s matrix=132 riders=7
[18:09:19] DONE ok=1 fail=0
END 20260824 jo=43 R4 code=0
START 20260824 jo=43 R5
[18:09:21] START dates=['20260824'] jo=43 races=[5] out=/data/data/com.termux/files/home/Keirin-EV-Tool/scraper/data
[18:09:21] >>> 20260824 jo=43 R05
[18:10:04] OK  20260824 jo=43 R05 42s matrix=132 riders=7
[18:10:05] DONE ok=1 fail=0
END 20260824 jo=43 R5 code=0
START 20260824 jo=43 R6
[18:10:07] START dates=['20260824'] jo=43 races=[6] out=/data/data/com.termux/files/home/Keirin-EV-Tool/scraper/data
[18:10:07] >>> 20260824 jo=43 R06
[18:10:45] OK  20260824 jo=43 R06 38s matrix=132 riders=7
[18:10:46] DONE ok=1 fail=0
END 20260824 jo=43 R6 code=0
START 20260824 jo=43 R7
[18:10:48] START dates=['20260824'] jo=43 races=[7] out=/data/data/com.termux/files/home/Keirin-EV-Tool/scraper/data
[18:10:48] >>> 20260824 jo=43 R07
[18:11:28] OK  20260824 jo=43 R07 40s matrix=132 riders=7
[18:11:29] DONE ok=1 fail=0
END 20260824 jo=43 R7 code=0
START 20260824 jo=43 R8
[18:11:31] START dates=['20260824'] jo=43 races=[8] out=/data/data/com.termux/files/home/Keirin-EV-Tool/scraper/data
[18:11:31] >>> 20260824 jo=43 R08
[18:12:10] OK  20260824 jo=43 R08 39s matrix=132 riders=7
[18:12:11] DONE ok=1 fail=0
END 20260824 jo=43 R8 code=0
START 20260824 jo=43 R9
[18:12:13] START dates=['20260824'] jo=43 races=[9] out=/data/data/com.termux/files/home/Keirin-EV-Tool/scraper/data
[18:12:13] >>> 20260824 jo=43 R09
[18:12:55] OK  20260824 jo=43 R09 42s matrix=132 riders=7
[18:12:56] DONE ok=1 fail=0
END 20260824 jo=43 R9 code=0
START 20260824 jo=43 R10
[18:12:58] START dates=['20260824'] jo=43 races=[10] out=/data/data/com.termux/files/home/Keirin-EV-Tool/scraper/data
[18:12:58] >>> 20260824 jo=43 R10
[18:13:38] OK  20260824 jo=43 R10 40s matrix=132 riders=7
[18:13:39] DONE ok=1 fail=0
END 20260824 jo=43 R10 code=0
START 20260824 jo=43 R11
[18:13:41] START dates=['20260824'] jo=43 races=[11] out=/data/data/com.termux/files/home/Keirin-EV-Tool/scraper/data
[18:13:41] >>> 20260824 jo=43 R11
[18:14:22] OK  20260824 jo=43 R11 40s matrix=132 riders=7
[18:14:23] DONE ok=1 fail=0
END 20260824 jo=43 R11 code=0
START 20260824 jo=43 R12
[18:14:25] START dates=['20260824'] jo=43 races=[12] out=/data/data/com.termux/files/home/Keirin-EV-Tool/scraper/data
[18:14:25] >>> 20260824 jo=43 R12
[18:15:05] OK  20260824 jo=43 R12 39s matrix=132 riders=7
[18:15:06] DONE ok=1 fail=0
END 20260824 jo=43 R12 code=0
START 20260824 jo=55 R1
[18:15:08] START dates=['20260824'] jo=55 races=[1] out=/data/data/com.termux/files/home/Keirin-EV-Tool/scraper/data
[18:15:08] >>> 20260824 jo=55 R01
[18:15:50] OK  20260824 jo=55 R01 42s matrix=132 riders=7
[18:15:51] DONE ok=1 fail=0
END 20260824 jo=55 R1 code=0
START 20260824 jo=55 R2
[18:15:53] START dates=['20260824'] jo=55 races=[2] out=/data/data/com.termux/files/home/Keirin-EV-Tool/scraper/data
[18:15:53] >>> 20260824 jo=55 R02
[18:16:31] OK  20260824 jo=55 R02 38s matrix=132 riders=7
[18:16:32] DONE ok=1 fail=0
END 20260824 jo=55 R2 code=0
START 20260824 jo=55 R3
[18:16:34] START dates=['20260824'] jo=55 races=[3] out=/data/data/com.termux/files/home/Keirin-EV-Tool/scraper/data
[18:16:34] >>> 20260824 jo=55 R03
[18:17:13] OK  20260824 jo=55 R03 39s matrix=132 riders=7
[18:17:14] DONE ok=1 fail=0
END 20260824 jo=55 R3 code=0
START 20260824 jo=55 R4
[18:17:16] START dates=['20260824'] jo=55 races=[4] out=/data/data/com.termux/files/home/Keirin-EV-Tool/scraper/data
[18:17:16] >>> 20260824 jo=55 R04
[18:17:56] OK  20260824 jo=55 R04 40s matrix=132 riders=7
[18:17:57] DONE ok=1 fail=0
END 20260824 jo=55 R4 code=0
START 20260824 jo=55 R5
[18:18:00] START dates=['20260824'] jo=55 races=[5] out=/data/data/com.termux/files/home/Keirin-EV-Tool/scraper/data
[18:18:00] >>> 20260824 jo=55 R05
[18:18:43] OK  20260824 jo=55 R05 43s matrix=132 riders=7
[18:18:44] DONE ok=1 fail=0
END 20260824 jo=55 R5 code=0
START 20260824 jo=55 R6
[18:18:47] START dates=['20260824'] jo=55 races=[6] out=/data/data/com.termux/files/home/Keirin-EV-Tool/scraper/data
[18:18:47] >>> 20260824 jo=55 R06
[18:19:29] OK  20260824 jo=55 R06 42s matrix=132 riders=7
[18:19:30] DONE ok=1 fail=0
END 20260824 jo=55 R6 code=0
START 20260824 jo=55 R7
[18:19:32] START dates=['20260824'] jo=55 races=[7] out=/data/data/com.termux/files/home/Keirin-EV-Tool/scraper/data
[18:19:32] >>> 20260824 jo=55 R07
[18:20:10] OK  20260824 jo=55 R07 39s matrix=78 riders=6
[18:20:11] DONE ok=1 fail=0
END 20260824 jo=55 R7 code=0
START 20260824 jo=55 R8
[18:20:14] START dates=['20260824'] jo=55 races=[8] out=/data/data/com.termux/files/home/Keirin-EV-Tool/scraper/data
[18:20:14] >>> 20260824 jo=55 R08
[18:20:53] OK  20260824 jo=55 R08 40s matrix=132 riders=7
[18:20:54] DONE ok=1 fail=0
END 20260824 jo=55 R8 code=0
START 20260824 jo=55 R9
[18:20:56] START dates=['20260824'] jo=55 races=[9] out=/data/data/com.termux/files/home/Keirin-EV-Tool/scraper/data
[18:20:56] >>> 20260824 jo=55 R09
[18:21:36] OK  20260824 jo=55 R09 40s matrix=132 riders=7
[18:21:37] DONE ok=1 fail=0
END 20260824 jo=55 R9 code=0
START 20260824 jo=55 R10
[18:21:39] START dates=['20260824'] jo=55 races=[10] out=/data/data/com.termux/files/home/Keirin-EV-Tool/scraper/data
[18:21:39] >>> 20260824 jo=55 R10
[18:22:13] OK  20260824 jo=55 R10 34s matrix=132 riders=7
[18:22:14] DONE ok=1 fail=0
END 20260824 jo=55 R10 code=0
START 20260824 jo=55 R11
[18:22:16] START dates=['20260824'] jo=55 races=[11] out=/data/data/com.termux/files/home/Keirin-EV-Tool/scraper/data
[18:22:16] >>> 20260824 jo=55 R11
[18:22:53] OK  20260824 jo=55 R11 37s matrix=132 riders=7
[18:22:54] DONE ok=1 fail=0
END 20260824 jo=55 R11 code=0
START 20260824 jo=55 R12
[18:22:57] START dates=['20260824'] jo=55 races=[12] out=/data/data/com.termux/files/home/Keirin-EV-Tool/scraper/data
[18:22:57] >>> 20260824 jo=55 R12
[18:23:40] OK  20260824 jo=55 R12 43s matrix=0 riders=0
[18:23:41] DONE ok=1 fail=0
END 20260824 jo=55 R12 code=0
START 20260824 jo=63 R1
[18:23:45] START dates=['20260824'] jo=63 races=[1] out=/data/data/com.termux/files/home/Keirin-EV-Tool/scraper/data
[18:23:45] >>> 20260824 jo=63 R01
[18:24:22] OK  20260824 jo=63 R01 37s matrix=78 riders=6
[18:24:23] DONE ok=1 fail=0
END 20260824 jo=63 R1 code=0
START 20260824 jo=63 R2
[18:24:26] START dates=['20260824'] jo=63 races=[2] out=/data/data/com.termux/files/home/Keirin-EV-Tool/scraper/data
[18:24:26] >>> 20260824 jo=63 R02
[18:25:07] OK  20260824 jo=63 R02 41s matrix=78 riders=6
[18:25:08] DONE ok=1 fail=0
END 20260824 jo=63 R2 code=0
START 20260824 jo=63 R3
[18:25:10] START dates=['20260824'] jo=63 races=[3] out=/data/data/com.termux/files/home/Keirin-EV-Tool/scraper/data
[18:25:10] >>> 20260824 jo=63 R03
[18:25:48] OK  20260824 jo=63 R03 38s matrix=132 riders=7
[18:25:49] DONE ok=1 fail=0
END 20260824 jo=63 R3 code=0
START 20260824 jo=63 R4
[18:25:51] START dates=['20260824'] jo=63 races=[4] out=/data/data/com.termux/files/home/Keirin-EV-Tool/scraper/data
[18:25:51] >>> 20260824 jo=63 R04
[18:26:34] OK  20260824 jo=63 R04 43s matrix=132 riders=7
[18:26:35] DONE ok=1 fail=0
END 20260824 jo=63 R4 code=0
START 20260824 jo=63 R5
[18:26:37] START dates=['20260824'] jo=63 races=[5] out=/data/data/com.termux/files/home/Keirin-EV-Tool/scraper/data
[18:26:37] >>> 20260824 jo=63 R05
[18:27:18] OK  20260824 jo=63 R05 41s matrix=132 riders=7
[18:27:19] DONE ok=1 fail=0
END 20260824 jo=63 R5 code=0
START 20260824 jo=63 R6
[18:27:21] START dates=['20260824'] jo=63 races=[6] out=/data/data/com.termux/files/home/Keirin-EV-Tool/scraper/data
[18:27:21] >>> 20260824 jo=63 R06
[18:27:59] OK  20260824 jo=63 R06 38s matrix=132 riders=7
[18:28:00] DONE ok=1 fail=0
END 20260824 jo=63 R6 code=0
START 20260824 jo=63 R7
[18:28:02] START dates=['20260824'] jo=63 races=[7] out=/data/data/com.termux/files/home/Keirin-EV-Tool/scraper/data
[18:28:02] >>> 20260824 jo=63 R07
[18:28:40] OK  20260824 jo=63 R07 37s matrix=132 riders=7
[18:28:41] DONE ok=1 fail=0
END 20260824 jo=63 R7 code=0
START 20260824 jo=63 R8
[18:28:43] START dates=['20260824'] jo=63 races=[8] out=/data/data/com.termux/files/home/Keirin-EV-Tool/scraper/data
[18:28:43] >>> 20260824 jo=63 R08
[18:29:23] OK  20260824 jo=63 R08 40s matrix=132 riders=7
[18:29:24] DONE ok=1 fail=0
END 20260824 jo=63 R8 code=0
START 20260824 jo=63 R9
[18:29:26] START dates=['20260824'] jo=63 races=[9] out=/data/data/com.termux/files/home/Keirin-EV-Tool/scraper/data
[18:29:26] >>> 20260824 jo=63 R09
[18:30:05] OK  20260824 jo=63 R09 39s matrix=132 riders=7
[18:30:06] DONE ok=1 fail=0
END 20260824 jo=63 R9 code=0
START 20260824 jo=63 R10
[18:30:09] START dates=['20260824'] jo=63 races=[10] out=/data/data/com.termux/files/home/Keirin-EV-Tool/scraper/data
[18:30:09] >>> 20260824 jo=63 R10
[18:30:47] OK  20260824 jo=63 R10 39s matrix=132 riders=7
[18:30:48] DONE ok=1 fail=0
END 20260824 jo=63 R10 code=0
START 20260824 jo=63 R11
[18:30:50] START dates=['20260824'] jo=63 races=[11] out=/data/data/com.termux/files/home/Keirin-EV-Tool/scraper/data
[18:30:50] >>> 20260824 jo=63 R11
[18:31:34] OK  20260824 jo=63 R11 43s matrix=132 riders=7
[18:31:35] DONE ok=1 fail=0
END 20260824 jo=63 R11 code=0
START 20260824 jo=63 R12
[18:31:37] START dates=['20260824'] jo=63 races=[12] out=/data/data/com.termux/files/home/Keirin-EV-Tool/scraper/data
[18:31:37] >>> 20260824 jo=63 R12
[18:32:19] OK  20260824 jo=63 R12 42s matrix=132 riders=7
[18:32:20] DONE ok=1 fail=0
END 20260824 jo=63 R12 code=0
START 20260824 jo=87 R1
[18:32:22] START dates=['20260824'] jo=87 races=[1] out=/data/data/com.termux/files/home/Keirin-EV-Tool/scraper/data
[18:32:22] >>> 20260824 jo=87 R01
[18:32:58] OK  20260824 jo=87 R01 37s matrix=132 riders=7
[18:32:59] DONE ok=1 fail=0
END 20260824 jo=87 R1 code=0
START 20260824 jo=87 R2
[18:33:01] START dates=['20260824'] jo=87 races=[2] out=/data/data/com.termux/files/home/Keirin-EV-Tool/scraper/data
[18:33:01] >>> 20260824 jo=87 R02
[18:33:47] OK  20260824 jo=87 R02 45s matrix=132 riders=7
[18:33:48] DONE ok=1 fail=0
END 20260824 jo=87 R2 code=0
START 20260824 jo=87 R3
[18:33:50] START dates=['20260824'] jo=87 races=[3] out=/data/data/com.termux/files/home/Keirin-EV-Tool/scraper/data
[18:33:50] >>> 20260824 jo=87 R03
[18:34:35] OK  20260824 jo=87 R03 45s matrix=132 riders=7
[18:34:36] DONE ok=1 fail=0
END 20260824 jo=87 R3 code=0
START 20260824 jo=87 R4
[18:34:38] START dates=['20260824'] jo=87 races=[4] out=/data/data/com.termux/files/home/Keirin-EV-Tool/scraper/data
[18:34:38] >>> 20260824 jo=87 R04
[18:35:15] OK  20260824 jo=87 R04 37s matrix=132 riders=7
[18:35:16] DONE ok=1 fail=0
END 20260824 jo=87 R4 code=0
START 20260824 jo=87 R5
[18:35:20] START dates=['20260824'] jo=87 races=[5] out=/data/data/com.termux/files/home/Keirin-EV-Tool/scraper/data
[18:35:20] >>> 20260824 jo=87 R05
[18:36:01] OK  20260824 jo=87 R05 42s matrix=132 riders=7
[18:36:02] DONE ok=1 fail=0
END 20260824 jo=87 R5 code=0
START 20260824 jo=87 R6
[18:36:05] START dates=['20260824'] jo=87 races=[6] out=/data/data/com.termux/files/home/Keirin-EV-Tool/scraper/data
[18:36:05] >>> 20260824 jo=87 R06
[18:36:45] OK  20260824 jo=87 R06 40s matrix=132 riders=7
[18:36:46] DONE ok=1 fail=0
END 20260824 jo=87 R6 code=0
START 20260824 jo=87 R7
[18:36:49] START dates=['20260824'] jo=87 races=[7] out=/data/data/com.termux/files/home/Keirin-EV-Tool/scraper/data
[18:36:49] >>> 20260824 jo=87 R07
[18:37:34] OK  20260824 jo=87 R07 45s matrix=132 riders=7
[18:37:35] DONE ok=1 fail=0
END 20260824 jo=87 R7 code=0
START 20260824 jo=87 R8
[18:37:38] START dates=['20260824'] jo=87 races=[8] out=/data/data/com.termux/files/home/Keirin-EV-Tool/scraper/data
[18:37:38] >>> 20260824 jo=87 R08
[18:38:16] OK  20260824 jo=87 R08 38s matrix=0 riders=0
[18:38:17] DONE ok=1 fail=0
END 20260824 jo=87 R8 code=0
START 20260824 jo=87 R9
[18:38:20] START dates=['20260824'] jo=87 races=[9] out=/data/data/com.termux/files/home/Keirin-EV-Tool/scraper/data
[18:38:20] >>> 20260824 jo=87 R09
[18:39:02] OK  20260824 jo=87 R09 43s matrix=0 riders=0
[18:39:03] DONE ok=1 fail=0
END 20260824 jo=87 R9 code=0
START 20260824 jo=87 R10
[18:39:06] START dates=['20260824'] jo=87 races=[10] out=/data/data/com.termux/files/home/Keirin-EV-Tool/scraper/data
[18:39:06] >>> 20260824 jo=87 R10
[18:39:49] OK  20260824 jo=87 R10 44s matrix=0 riders=0
[18:39:50] DONE ok=1 fail=0
END 20260824 jo=87 R10 code=0
START 20260824 jo=87 R11
[18:39:52] START dates=['20260824'] jo=87 races=[11] out=/data/data/com.termux/files/home/Keirin-EV-Tool/scraper/data
[18:39:52] >>> 20260824 jo=87 R11
[18:40:33] OK  20260824 jo=87 R11 41s matrix=0 riders=0
[18:40:34] DONE ok=1 fail=0
END 20260824 jo=87 R11 code=0
START 20260824 jo=87 R12
[18:40:37] START dates=['20260824'] jo=87 races=[12] out=/data/data/com.termux/files/home/Keirin-EV-Tool/scraper/data
[18:40:37] >>> 20260824 jo=87 R12
[18:41:21] OK  20260824 jo=87 R12 44s matrix=0 riders=0
[18:41:22] DONE ok=1 fail=0
END 20260824 jo=87 R12 code=0
BATCH_DONE
START 20260823 jo=26 R1
[20:32:14] START dates=['20260823'] jo=26 races=[1] out=/data/data/com.termux/files/home/Keirin-EV-Tool/scraper/data
[20:32:14] >>> 20260823 jo=26 R01
[20:32:55] OK  20260823 jo=26 R01 41s matrix=132 riders=7
[20:32:56] DONE ok=1 fail=0
END 20260823 jo=26 R1 code=0
START 20260823 jo=26 R2
[20:32:58] START dates=['20260823'] jo=26 races=[2] out=/data/data/com.termux/files/home/Keirin-EV-Tool/scraper/data
[20:32:58] >>> 20260823 jo=26 R02
[20:33:40] OK  20260823 jo=26 R02 42s matrix=132 riders=7
[20:33:41] DONE ok=1 fail=0
END 20260823 jo=26 R2 code=0
START 20260823 jo=26 R3
[20:33:43] START dates=['20260823'] jo=26 races=[3] out=/data/data/com.termux/files/home/Keirin-EV-Tool/scraper/data
[20:33:43] >>> 20260823 jo=26 R03
[20:34:19] OK  20260823 jo=26 R03 36s matrix=132 riders=7
[20:34:20] DONE ok=1 fail=0
END 20260823 jo=26 R3 code=0
START 20260823 jo=26 R4
[20:34:23] START dates=['20260823'] jo=26 races=[4] out=/data/data/com.termux/files/home/Keirin-EV-Tool/scraper/data
[20:34:23] >>> 20260823 jo=26 R04
[20:35:05] OK  20260823 jo=26 R04 42s matrix=132 riders=7
[20:35:06] DONE ok=1 fail=0
END 20260823 jo=26 R4 code=0
START 20260823 jo=26 R5
[20:35:08] START dates=['20260823'] jo=26 races=[5] out=/data/data/com.termux/files/home/Keirin-EV-Tool/scraper/data
[20:35:08] >>> 20260823 jo=26 R05
[20:35:49] OK  20260823 jo=26 R05 41s matrix=132 riders=7
[20:35:50] DONE ok=1 fail=0
END 20260823 jo=26 R5 code=0
START 20260823 jo=26 R6
[20:35:52] START dates=['20260823'] jo=26 races=[6] out=/data/data/com.termux/files/home/Keirin-EV-Tool/scraper/data
[20:35:52] >>> 20260823 jo=26 R06
[20:36:31] OK  20260823 jo=26 R06 39s matrix=132 riders=7
[20:36:32] DONE ok=1 fail=0
END 20260823 jo=26 R6 code=0
START 20260823 jo=26 R7
[20:36:34] START dates=['20260823'] jo=26 races=[7] out=/data/data/com.termux/files/home/Keirin-EV-Tool/scraper/data
[20:36:34] >>> 20260823 jo=26 R07
[20:37:13] OK  20260823 jo=26 R07 39s matrix=132 riders=7
[20:37:14] DONE ok=1 fail=0
END 20260823 jo=26 R7 code=0
START 20260823 jo=26 R8
[20:37:17] START dates=['20260823'] jo=26 races=[8] out=/data/data/com.termux/files/home/Keirin-EV-Tool/scraper/data
[20:37:17] >>> 20260823 jo=26 R08
[20:37:55] OK  20260823 jo=26 R08 39s matrix=132 riders=7
[20:37:56] DONE ok=1 fail=0
END 20260823 jo=26 R8 code=0
START 20260823 jo=26 R9
[20:37:58] START dates=['20260823'] jo=26 races=[9] out=/data/data/com.termux/files/home/Keirin-EV-Tool/scraper/data
[20:37:58] >>> 20260823 jo=26 R09
[20:38:40] OK  20260823 jo=26 R09 42s matrix=132 riders=7
[20:38:41] DONE ok=1 fail=0
END 20260823 jo=26 R9 code=0
START 20260823 jo=26 R10
[20:38:44] START dates=['20260823'] jo=26 races=[10] out=/data/data/com.termux/files/home/Keirin-EV-Tool/scraper/data
[20:38:44] >>> 20260823 jo=26 R10
[20:39:24] OK  20260823 jo=26 R10 40s matrix=132 riders=7
[20:39:25] DONE ok=1 fail=0
END 20260823 jo=26 R10 code=0
START 20260823 jo=26 R11
[20:39:27] START dates=['20260823'] jo=26 races=[11] out=/data/data/com.termux/files/home/Keirin-EV-Tool/scraper/data
[20:39:27] >>> 20260823 jo=26 R11
[20:40:04] OK  20260823 jo=26 R11 37s matrix=132 riders=7
[20:40:05] DONE ok=1 fail=0
END 20260823 jo=26 R11 code=0
START 20260823 jo=26 R12
[20:40:07] START dates=['20260823'] jo=26 races=[12] out=/data/data/com.termux/files/home/Keirin-EV-Tool/scraper/data
[20:40:07] >>> 20260823 jo=26 R12
[20:40:51] OK  20260823 jo=26 R12 44s matrix=132 riders=7
[20:40:52] DONE ok=1 fail=0
END 20260823 jo=26 R12 code=0
START 20260823 jo=28 R1
[20:40:54] START dates=['20260823'] jo=28 races=[1] out=/data/data/com.termux/files/home/Keirin-EV-Tool/scraper/data
[20:40:54] >>> 20260823 jo=28 R01
[20:41:35] OK  20260823 jo=28 R01 40s matrix=132 riders=7
[20:41:36] DONE ok=1 fail=0
END 20260823 jo=28 R1 code=0
START 20260823 jo=28 R2
[20:41:41] START dates=['20260823'] jo=28 races=[2] out=/data/data/com.termux/files/home/Keirin-EV-Tool/scraper/data
[20:41:41] >>> 20260823 jo=28 R02
[20:42:31] OK  20260823 jo=28 R02 50s matrix=132 riders=7
[20:42:32] DONE ok=1 fail=0
END 20260823 jo=28 R2 code=0
START 20260823 jo=28 R3
[20:42:37] START dates=['20260823'] jo=28 races=[3] out=/data/data/com.termux/files/home/Keirin-EV-Tool/scraper/data
[20:42:37] >>> 20260823 jo=28 R03
[20:43:18] OK  20260823 jo=28 R03 41s matrix=132 riders=7
[20:43:19] DONE ok=1 fail=0
END 20260823 jo=28 R3 code=0
START 20260823 jo=28 R4
[20:43:21] START dates=['20260823'] jo=28 races=[4] out=/data/data/com.termux/files/home/Keirin-EV-Tool/scraper/data
[20:43:21] >>> 20260823 jo=28 R04
[20:44:01] OK  20260823 jo=28 R04 40s matrix=132 riders=7
[20:44:02] DONE ok=1 fail=0
END 20260823 jo=28 R4 code=0
START 20260823 jo=28 R5
[20:44:04] START dates=['20260823'] jo=28 races=[5] out=/data/data/com.termux/files/home/Keirin-EV-Tool/scraper/data
[20:44:04] >>> 20260823 jo=28 R05
[20:44:49] OK  20260823 jo=28 R05 44s matrix=132 riders=7
[20:44:50] DONE ok=1 fail=0
END 20260823 jo=28 R5 code=0
START 20260823 jo=28 R6
[20:44:52] START dates=['20260823'] jo=28 races=[6] out=/data/data/com.termux/files/home/Keirin-EV-Tool/scraper/data
[20:44:52] >>> 20260823 jo=28 R06
[20:45:32] OK  20260823 jo=28 R06 40s matrix=132 riders=7
[20:45:33] DONE ok=1 fail=0
END 20260823 jo=28 R6 code=0
START 20260823 jo=28 R7
[20:45:35] START dates=['20260823'] jo=28 races=[7] out=/data/data/com.termux/files/home/Keirin-EV-Tool/scraper/data
[20:45:35] >>> 20260823 jo=28 R07
[20:46:12] OK  20260823 jo=28 R07 37s matrix=132 riders=7
[20:46:13] DONE ok=1 fail=0
END 20260823 jo=28 R7 code=0
START 20260823 jo=28 R8
[20:46:15] START dates=['20260823'] jo=28 races=[8] out=/data/data/com.termux/files/home/Keirin-EV-Tool/scraper/data
[20:46:15] >>> 20260823 jo=28 R08
[20:47:03] OK  20260823 jo=28 R08 47s matrix=0 riders=0
[20:47:04] DONE ok=1 fail=0
END 20260823 jo=28 R8 code=0
START 20260823 jo=28 R9
[20:47:05] START dates=['20260823'] jo=28 races=[9] out=/data/data/com.termux/files/home/Keirin-EV-Tool/scraper/data
[20:47:05] >>> 20260823 jo=28 R09
[20:47:47] OK  20260823 jo=28 R09 42s matrix=0 riders=0
[20:47:48] DONE ok=1 fail=0
END 20260823 jo=28 R9 code=0
START 20260823 jo=28 R10
[20:47:50] START dates=['20260823'] jo=28 races=[10] out=/data/data/com.termux/files/home/Keirin-EV-Tool/scraper/data
[20:47:50] >>> 20260823 jo=28 R10
[20:48:36] OK  20260823 jo=28 R10 46s matrix=0 riders=0
[20:48:37] DONE ok=1 fail=0
END 20260823 jo=28 R10 code=0
START 20260823 jo=28 R11
[20:48:39] START dates=['20260823'] jo=28 races=[11] out=/data/data/com.termux/files/home/Keirin-EV-Tool/scraper/data
[20:48:39] >>> 20260823 jo=28 R11
[20:49:25] OK  20260823 jo=28 R11 46s matrix=0 riders=0
[20:49:26] DONE ok=1 fail=0
END 20260823 jo=28 R11 code=0
START 20260823 jo=28 R12
[20:49:28] START dates=['20260823'] jo=28 races=[12] out=/data/data/com.termux/files/home/Keirin-EV-Tool/scraper/data
[20:49:28] >>> 20260823 jo=28 R12
[20:50:14] OK  20260823 jo=28 R12 46s matrix=0 riders=0
[20:50:15] DONE ok=1 fail=0
END 20260823 jo=28 R12 code=0
START 20260823 jo=31 R1
[20:50:17] START dates=['20260823'] jo=31 races=[1] out=/data/data/com.termux/files/home/Keirin-EV-Tool/scraper/data
[20:50:17] >>> 20260823 jo=31 R01
[20:50:58] OK  20260823 jo=31 R01 41s matrix=204 riders=8
[20:50:59] DONE ok=1 fail=0
END 20260823 jo=31 R1 code=0
START 20260823 jo=31 R2
[20:51:02] START dates=['20260823'] jo=31 races=[2] out=/data/data/com.termux/files/home/Keirin-EV-Tool/scraper/data
[20:51:02] >>> 20260823 jo=31 R02
[20:51:41] OK  20260823 jo=31 R02 39s matrix=204 riders=8
[20:51:42] DONE ok=1 fail=0
END 20260823 jo=31 R2 code=0
START 20260823 jo=31 R3
[20:51:44] START dates=['20260823'] jo=31 races=[3] out=/data/data/com.termux/files/home/Keirin-EV-Tool/scraper/data
[20:51:44] >>> 20260823 jo=31 R03
[20:52:36] OK  20260823 jo=31 R03 52s matrix=300 riders=9
[20:52:37] DONE ok=1 fail=0
END 20260823 jo=31 R3 code=0
START 20260823 jo=31 R4
[20:52:39] START dates=['20260823'] jo=31 races=[4] out=/data/data/com.termux/files/home/Keirin-EV-Tool/scraper/data
[20:52:39] >>> 20260823 jo=31 R04
[20:53:18] OK  20260823 jo=31 R04 39s matrix=300 riders=9
[20:53:19] DONE ok=1 fail=0
END 20260823 jo=31 R4 code=0
START 20260823 jo=31 R5
[20:53:22] START dates=['20260823'] jo=31 races=[5] out=/data/data/com.termux/files/home/Keirin-EV-Tool/scraper/data
[20:53:22] >>> 20260823 jo=31 R05
[20:54:07] OK  20260823 jo=31 R05 46s matrix=210 riders=9
[20:54:08] DONE ok=1 fail=0
END 20260823 jo=31 R5 code=0
START 20260823 jo=31 R6
[20:54:10] START dates=['20260823'] jo=31 races=[6] out=/data/data/com.termux/files/home/Keirin-EV-Tool/scraper/data
[20:54:10] >>> 20260823 jo=31 R06
[20:55:00] OK  20260823 jo=31 R06 49s matrix=300 riders=9
[20:55:01] DONE ok=1 fail=0
END 20260823 jo=31 R6 code=0
START 20260823 jo=31 R7
[20:55:03] START dates=['20260823'] jo=31 races=[7] out=/data/data/com.termux/files/home/Keirin-EV-Tool/scraper/data
[20:55:03] >>> 20260823 jo=31 R07
[20:55:43] OK  20260823 jo=31 R07 40s matrix=300 riders=9
[20:55:44] DONE ok=1 fail=0
END 20260823 jo=31 R7 code=0
START 20260823 jo=31 R8
[20:55:46] START dates=['20260823'] jo=31 races=[8] out=/data/data/com.termux/files/home/Keirin-EV-Tool/scraper/data
[20:55:46] >>> 20260823 jo=31 R08
[20:56:30] OK  20260823 jo=31 R08 44s matrix=300 riders=9
[20:56:31] DONE ok=1 fail=0
END 20260823 jo=31 R8 code=0
START 20260823 jo=31 R9
[20:56:33] START dates=['20260823'] jo=31 races=[9] out=/data/data/com.termux/files/home/Keirin-EV-Tool/scraper/data
[20:56:33] >>> 20260823 jo=31 R09
[20:57:18] OK  20260823 jo=31 R09 45s matrix=300 riders=9
[20:57:19] DONE ok=1 fail=0
END 20260823 jo=31 R9 code=0
START 20260823 jo=31 R10
[20:57:21] START dates=['20260823'] jo=31 races=[10] out=/data/data/com.termux/files/home/Keirin-EV-Tool/scraper/data
[20:57:21] >>> 20260823 jo=31 R10
[20:58:07] OK  20260823 jo=31 R10 45s matrix=300 riders=9
[20:58:08] DONE ok=1 fail=0
END 20260823 jo=31 R10 code=0
START 20260823 jo=31 R11
[20:58:10] START dates=['20260823'] jo=31 races=[11] out=/data/data/com.termux/files/home/Keirin-EV-Tool/scraper/data
[20:58:10] >>> 20260823 jo=31 R11
[20:58:51] OK  20260823 jo=31 R11 42s matrix=300 riders=9
[20:58:52] DONE ok=1 fail=0
END 20260823 jo=31 R11 code=0
START 20260823 jo=31 R12
[20:58:54] START dates=['20260823'] jo=31 races=[12] out=/data/data/com.termux/files/home/Keirin-EV-Tool/scraper/data
[20:58:54] >>> 20260823 jo=31 R12
[20:59:40] OK  20260823 jo=31 R12 45s matrix=300 riders=9
[20:59:41] DONE ok=1 fail=0
END 20260823 jo=31 R12 code=0
START 20260823 jo=44 R1
[20:59:43] START dates=['20260823'] jo=44 races=[1] out=/data/data/com.termux/files/home/Keirin-EV-Tool/scraper/data
[20:59:43] >>> 20260823 jo=44 R01
[21:00:26] OK  20260823 jo=44 R01 43s matrix=132 riders=7
[21:00:27] DONE ok=1 fail=0
END 20260823 jo=44 R1 code=0
START 20260823 jo=44 R2
[21:00:29] START dates=['20260823'] jo=44 races=[2] out=/data/data/com.termux/files/home/Keirin-EV-Tool/scraper/data
[21:00:29] >>> 20260823 jo=44 R02
[21:01:16] OK  20260823 jo=44 R02 47s matrix=132 riders=7
[21:01:17] DONE ok=1 fail=0
END 20260823 jo=44 R2 code=0
START 20260823 jo=44 R3
[21:01:20] START dates=['20260823'] jo=44 races=[3] out=/data/data/com.termux/files/home/Keirin-EV-Tool/scraper/data
[21:01:20] >>> 20260823 jo=44 R03
[21:02:03] OK  20260823 jo=44 R03 43s matrix=132 riders=7
[21:02:04] DONE ok=1 fail=0
END 20260823 jo=44 R3 code=0
START 20260823 jo=44 R4
[21:02:06] START dates=['20260823'] jo=44 races=[4] out=/data/data/com.termux/files/home/Keirin-EV-Tool/scraper/data
[21:02:06] >>> 20260823 jo=44 R04
[21:02:46] OK  20260823 jo=44 R04 40s matrix=132 riders=7
[21:02:47] DONE ok=1 fail=0
END 20260823 jo=44 R4 code=0
START 20260823 jo=44 R5
[21:02:50] START dates=['20260823'] jo=44 races=[5] out=/data/data/com.termux/files/home/Keirin-EV-Tool/scraper/data
[21:02:50] >>> 20260823 jo=44 R05
[21:03:23] OK  20260823 jo=44 R05 33s matrix=132 riders=7
[21:03:24] DONE ok=1 fail=0
END 20260823 jo=44 R5 code=0
START 20260823 jo=44 R6
[21:03:26] START dates=['20260823'] jo=44 races=[6] out=/data/data/com.termux/files/home/Keirin-EV-Tool/scraper/data
[21:03:26] >>> 20260823 jo=44 R06
[21:04:08] OK  20260823 jo=44 R06 41s matrix=132 riders=7
[21:04:09] DONE ok=1 fail=0
END 20260823 jo=44 R6 code=0
START 20260823 jo=44 R7
[21:04:11] START dates=['20260823'] jo=44 races=[7] out=/data/data/com.termux/files/home/Keirin-EV-Tool/scraper/data
[21:04:11] >>> 20260823 jo=44 R07
[21:04:55] OK  20260823 jo=44 R07 44s matrix=132 riders=7
[21:04:56] DONE ok=1 fail=0
END 20260823 jo=44 R7 code=0
START 20260823 jo=44 R8
[21:04:59] START dates=['20260823'] jo=44 races=[8] out=/data/data/com.termux/files/home/Keirin-EV-Tool/scraper/data
[21:04:59] >>> 20260823 jo=44 R08
[21:05:42] OK  20260823 jo=44 R08 43s matrix=132 riders=7
[21:05:43] DONE ok=1 fail=0
END 20260823 jo=44 R8 code=0
START 20260823 jo=44 R9
[21:05:46] START dates=['20260823'] jo=44 races=[9] out=/data/data/com.termux/files/home/Keirin-EV-Tool/scraper/data
[21:05:46] >>> 20260823 jo=44 R09
[21:06:26] OK  20260823 jo=44 R09 40s matrix=132 riders=7
[21:06:27] DONE ok=1 fail=0
END 20260823 jo=44 R9 code=0
START 20260823 jo=44 R10
[21:06:29] START dates=['20260823'] jo=44 races=[10] out=/data/data/com.termux/files/home/Keirin-EV-Tool/scraper/data
[21:06:29] >>> 20260823 jo=44 R10
[21:07:16] OK  20260823 jo=44 R10 46s matrix=0 riders=0
[21:07:17] DONE ok=1 fail=0
END 20260823 jo=44 R10 code=0
START 20260823 jo=44 R11
[21:07:19] START dates=['20260823'] jo=44 races=[11] out=/data/data/com.termux/files/home/Keirin-EV-Tool/scraper/data
[21:07:19] >>> 20260823 jo=44 R11
[21:08:05] OK  20260823 jo=44 R11 47s matrix=0 riders=0
[21:08:06] DONE ok=1 fail=0
END 20260823 jo=44 R11 code=0
START 20260823 jo=44 R12
[21:08:10] START dates=['20260823'] jo=44 races=[12] out=/data/data/com.termux/files/home/Keirin-EV-Tool/scraper/data
[21:08:10] >>> 20260823 jo=44 R12
[21:08:57] OK  20260823 jo=44 R12 47s matrix=0 riders=0
[21:08:58] DONE ok=1 fail=0
END 20260823 jo=44 R12 code=0
START 20260823 jo=55 R1
[21:09:00] START dates=['20260823'] jo=55 races=[1] out=/data/data/com.termux/files/home/Keirin-EV-Tool/scraper/data
[21:09:00] >>> 20260823 jo=55 R01
[21:09:39] OK  20260823 jo=55 R01 39s matrix=132 riders=7
[21:09:40] DONE ok=1 fail=0
END 20260823 jo=55 R1 code=0
START 20260823 jo=55 R2
[21:09:42] START dates=['20260823'] jo=55 races=[2] out=/data/data/com.termux/files/home/Keirin-EV-Tool/scraper/data
[21:09:42] >>> 20260823 jo=55 R02
[21:10:21] OK  20260823 jo=55 R02 39s matrix=82 riders=7
[21:10:22] DONE ok=1 fail=0
END 20260823 jo=55 R2 code=0
START 20260823 jo=55 R3
[21:10:25] START dates=['20260823'] jo=55 races=[3] out=/data/data/com.termux/files/home/Keirin-EV-Tool/scraper/data
[21:10:25] >>> 20260823 jo=55 R03
[21:11:04] OK  20260823 jo=55 R03 40s matrix=132 riders=7
[21:11:05] DONE ok=1 fail=0
END 20260823 jo=55 R3 code=0
START 20260823 jo=55 R4
[21:11:08] START dates=['20260823'] jo=55 races=[4] out=/data/data/com.termux/files/home/Keirin-EV-Tool/scraper/data
[21:11:08] >>> 20260823 jo=55 R04
[21:11:42] OK  20260823 jo=55 R04 35s matrix=132 riders=7
[21:11:43] DONE ok=1 fail=0
END 20260823 jo=55 R4 code=0
START 20260823 jo=55 R5
[21:11:46] START dates=['20260823'] jo=55 races=[5] out=/data/data/com.termux/files/home/Keirin-EV-Tool/scraper/data
[21:11:46] >>> 20260823 jo=55 R05
[21:12:26] OK  20260823 jo=55 R05 40s matrix=132 riders=7
[21:12:27] DONE ok=1 fail=0
END 20260823 jo=55 R5 code=0
START 20260823 jo=55 R6
[21:12:29] START dates=['20260823'] jo=55 races=[6] out=/data/data/com.termux/files/home/Keirin-EV-Tool/scraper/data
[21:12:29] >>> 20260823 jo=55 R06
[21:13:10] OK  20260823 jo=55 R06 41s matrix=132 riders=7
[21:13:11] DONE ok=1 fail=0
END 20260823 jo=55 R6 code=0
START 20260823 jo=55 R7
[21:13:13] START dates=['20260823'] jo=55 races=[7] out=/data/data/com.termux/files/home/Keirin-EV-Tool/scraper/data
[21:13:13] >>> 20260823 jo=55 R07
[21:14:00] OK  20260823 jo=55 R07 47s matrix=132 riders=7
[21:14:01] DONE ok=1 fail=0
END 20260823 jo=55 R7 code=0
START 20260823 jo=55 R8
[21:14:03] START dates=['20260823'] jo=55 races=[8] out=/data/data/com.termux/files/home/Keirin-EV-Tool/scraper/data
[21:14:03] >>> 20260823 jo=55 R08
[21:14:46] OK  20260823 jo=55 R08 43s matrix=132 riders=7
[21:14:47] DONE ok=1 fail=0
END 20260823 jo=55 R8 code=0
START 20260823 jo=55 R9
[21:14:49] START dates=['20260823'] jo=55 races=[9] out=/data/data/com.termux/files/home/Keirin-EV-Tool/scraper/data
[21:14:49] >>> 20260823 jo=55 R09
[21:15:32] OK  20260823 jo=55 R09 43s matrix=132 riders=7
[21:15:33] DONE ok=1 fail=0
END 20260823 jo=55 R9 code=0
START 20260823 jo=55 R10
[21:15:35] START dates=['20260823'] jo=55 races=[10] out=/data/data/com.termux/files/home/Keirin-EV-Tool/scraper/data
[21:15:35] >>> 20260823 jo=55 R10
[21:16:14] OK  20260823 jo=55 R10 39s matrix=132 riders=7
[21:16:15] DONE ok=1 fail=0
END 20260823 jo=55 R10 code=0
START 20260823 jo=55 R11
[21:16:17] START dates=['20260823'] jo=55 races=[11] out=/data/data/com.termux/files/home/Keirin-EV-Tool/scraper/data
[21:16:17] >>> 20260823 jo=55 R11
[21:16:59] OK  20260823 jo=55 R11 42s matrix=132 riders=7
[21:17:00] DONE ok=1 fail=0
END 20260823 jo=55 R11 code=0
START 20260823 jo=55 R12
[21:17:02] START dates=['20260823'] jo=55 races=[12] out=/data/data/com.termux/files/home/Keirin-EV-Tool/scraper/data
[21:17:02] >>> 20260823 jo=55 R12
[21:17:48] OK  20260823 jo=55 R12 45s matrix=0 riders=0
[21:17:49] DONE ok=1 fail=0
END 20260823 jo=55 R12 code=0
START 20260823 jo=63 R1
[21:17:51] START dates=['20260823'] jo=63 races=[1] out=/data/data/com.termux/files/home/Keirin-EV-Tool/scraper/data
[21:17:51] >>> 20260823 jo=63 R01
[21:18:33] OK  20260823 jo=63 R01 42s matrix=132 riders=7
[21:18:34] DONE ok=1 fail=0
END 20260823 jo=63 R1 code=0
START 20260823 jo=63 R2
[21:18:36] START dates=['20260823'] jo=63 races=[2] out=/data/data/com.termux/files/home/Keirin-EV-Tool/scraper/data
[21:18:36] >>> 20260823 jo=63 R02
[21:19:17] OK  20260823 jo=63 R02 40s matrix=132 riders=7
[21:19:18] DONE ok=1 fail=0
END 20260823 jo=63 R2 code=0
START 20260823 jo=63 R3
[21:19:20] START dates=['20260823'] jo=63 races=[3] out=/data/data/com.termux/files/home/Keirin-EV-Tool/scraper/data
[21:19:20] >>> 20260823 jo=63 R03
[21:19:59] OK  20260823 jo=63 R03 39s matrix=132 riders=7
[21:20:00] DONE ok=1 fail=0
END 20260823 jo=63 R3 code=0
START 20260823 jo=63 R4
[21:20:02] START dates=['20260823'] jo=63 races=[4] out=/data/data/com.termux/files/home/Keirin-EV-Tool/scraper/data
[21:20:02] >>> 20260823 jo=63 R04
[21:20:39] OK  20260823 jo=63 R04 37s matrix=132 riders=7
[21:20:40] DONE ok=1 fail=0
END 20260823 jo=63 R4 code=0
START 20260823 jo=63 R5
[21:20:42] START dates=['20260823'] jo=63 races=[5] out=/data/data/com.termux/files/home/Keirin-EV-Tool/scraper/data
[21:20:42] >>> 20260823 jo=63 R05
[21:21:19] OK  20260823 jo=63 R05 38s matrix=132 riders=7
[21:21:20] DONE ok=1 fail=0
END 20260823 jo=63 R5 code=0
START 20260823 jo=63 R6
[21:21:22] START dates=['20260823'] jo=63 races=[6] out=/data/data/com.termux/files/home/Keirin-EV-Tool/scraper/data
[21:21:22] >>> 20260823 jo=63 R06
[21:22:02] OK  20260823 jo=63 R06 39s matrix=132 riders=7
[21:22:03] DONE ok=1 fail=0
END 20260823 jo=63 R6 code=0
START 20260823 jo=63 R7
[21:22:05] START dates=['20260823'] jo=63 races=[7] out=/data/data/com.termux/files/home/Keirin-EV-Tool/scraper/data
[21:22:05] >>> 20260823 jo=63 R07
[21:22:43] OK  20260823 jo=63 R07 38s matrix=132 riders=7
[21:22:44] DONE ok=1 fail=0
END 20260823 jo=63 R7 code=0
START 20260823 jo=63 R8
[21:22:46] START dates=['20260823'] jo=63 races=[8] out=/data/data/com.termux/files/home/Keirin-EV-Tool/scraper/data
[21:22:46] >>> 20260823 jo=63 R08
[21:23:31] OK  20260823 jo=63 R08 45s matrix=132 riders=7
[21:23:32] DONE ok=1 fail=0
END 20260823 jo=63 R8 code=0
START 20260823 jo=63 R9
[21:23:34] START dates=['20260823'] jo=63 races=[9] out=/data/data/com.termux/files/home/Keirin-EV-Tool/scraper/data
[21:23:34] >>> 20260823 jo=63 R09
[21:24:12] OK  20260823 jo=63 R09 38s matrix=132 riders=7
[21:24:13] DONE ok=1 fail=0
END 20260823 jo=63 R9 code=0
START 20260823 jo=63 R10
[21:24:15] START dates=['20260823'] jo=63 races=[10] out=/data/data/com.termux/files/home/Keirin-EV-Tool/scraper/data
[21:24:15] >>> 20260823 jo=63 R10
[21:25:01] OK  20260823 jo=63 R10 46s matrix=132 riders=7
[21:25:02] DONE ok=1 fail=0
END 20260823 jo=63 R10 code=0
START 20260823 jo=63 R11
[21:25:04] START dates=['20260823'] jo=63 races=[11] out=/data/data/com.termux/files/home/Keirin-EV-Tool/scraper/data
[21:25:04] >>> 20260823 jo=63 R11
[21:25:47] OK  20260823 jo=63 R11 43s matrix=132 riders=7
[21:25:48] DONE ok=1 fail=0
END 20260823 jo=63 R11 code=0
START 20260823 jo=63 R12
[21:25:50] START dates=['20260823'] jo=63 races=[12] out=/data/data/com.termux/files/home/Keirin-EV-Tool/scraper/data
[21:25:50] >>> 20260823 jo=63 R12
[21:26:29] OK  20260823 jo=63 R12 40s matrix=132 riders=7
[21:26:30] DONE ok=1 fail=0
END 20260823 jo=63 R12 code=0
START 20260823 jo=75 R1
[21:26:33] START dates=['20260823'] jo=75 races=[1] out=/data/data/com.termux/files/home/Keirin-EV-Tool/scraper/data
[21:26:33] >>> 20260823 jo=75 R01
[21:27:08] OK  20260823 jo=75 R01 35s matrix=78 riders=6
[21:27:09] DONE ok=1 fail=0
END 20260823 jo=75 R1 code=0
START 20260823 jo=75 R2
[21:27:11] START dates=['20260823'] jo=75 races=[2] out=/data/data/com.termux/files/home/Keirin-EV-Tool/scraper/data
[21:27:11] >>> 20260823 jo=75 R02
[21:27:50] OK  20260823 jo=75 R02 39s matrix=132 riders=7
[21:27:51] DONE ok=1 fail=0
END 20260823 jo=75 R2 code=0
START 20260823 jo=75 R3
[21:27:53] START dates=['20260823'] jo=75 races=[3] out=/data/data/com.termux/files/home/Keirin-EV-Tool/scraper/data
[21:27:53] >>> 20260823 jo=75 R03
[21:28:30] OK  20260823 jo=75 R03 37s matrix=132 riders=7
[21:28:31] DONE ok=1 fail=0
END 20260823 jo=75 R3 code=0
START 20260823 jo=75 R4
[21:28:33] START dates=['20260823'] jo=75 races=[4] out=/data/data/com.termux/files/home/Keirin-EV-Tool/scraper/data
[21:28:33] >>> 20260823 jo=75 R04
[21:29:12] OK  20260823 jo=75 R04 39s matrix=132 riders=7
[21:29:13] DONE ok=1 fail=0
END 20260823 jo=75 R4 code=0
START 20260823 jo=75 R5
[21:29:15] START dates=['20260823'] jo=75 races=[5] out=/data/data/com.termux/files/home/Keirin-EV-Tool/scraper/data
[21:29:15] >>> 20260823 jo=75 R05
[21:29:53] OK  20260823 jo=75 R05 39s matrix=132 riders=7
[21:29:54] DONE ok=1 fail=0
END 20260823 jo=75 R5 code=0
START 20260823 jo=75 R6
[21:29:56] START dates=['20260823'] jo=75 races=[6] out=/data/data/com.termux/files/home/Keirin-EV-Tool/scraper/data
[21:29:56] >>> 20260823 jo=75 R06
[21:30:38] OK  20260823 jo=75 R06 42s matrix=132 riders=7
[21:30:39] DONE ok=1 fail=0
END 20260823 jo=75 R6 code=0
START 20260823 jo=75 R7
[21:30:41] START dates=['20260823'] jo=75 races=[7] out=/data/data/com.termux/files/home/Keirin-EV-Tool/scraper/data
[21:30:41] >>> 20260823 jo=75 R07
[21:31:19] OK  20260823 jo=75 R07 38s matrix=132 riders=7
[21:31:20] DONE ok=1 fail=0
END 20260823 jo=75 R7 code=0
START 20260823 jo=75 R8
[21:31:23] START dates=['20260823'] jo=75 races=[8] out=/data/data/com.termux/files/home/Keirin-EV-Tool/scraper/data
[21:31:23] >>> 20260823 jo=75 R08
[21:32:02] OK  20260823 jo=75 R08 40s matrix=132 riders=7
[21:32:03] DONE ok=1 fail=0
END 20260823 jo=75 R8 code=0
START 20260823 jo=75 R9
[21:32:05] START dates=['20260823'] jo=75 races=[9] out=/data/data/com.termux/files/home/Keirin-EV-Tool/scraper/data
[21:32:05] >>> 20260823 jo=75 R09
[21:32:44] OK  20260823 jo=75 R09 39s matrix=132 riders=7
[21:32:45] DONE ok=1 fail=0
END 20260823 jo=75 R9 code=0
START 20260823 jo=75 R10
[21:32:47] START dates=['20260823'] jo=75 races=[10] out=/data/data/com.termux/files/home/Keirin-EV-Tool/scraper/data
[21:32:47] >>> 20260823 jo=75 R10
[21:33:33] OK  20260823 jo=75 R10 46s matrix=0 riders=0
[21:33:34] DONE ok=1 fail=0
END 20260823 jo=75 R10 code=0
START 20260823 jo=75 R11
[21:33:36] START dates=['20260823'] jo=75 races=[11] out=/data/data/com.termux/files/home/Keirin-EV-Tool/scraper/data
[21:33:36] >>> 20260823 jo=75 R11
[21:34:21] OK  20260823 jo=75 R11 46s matrix=0 riders=0
[21:34:22] DONE ok=1 fail=0
END 20260823 jo=75 R11 code=0
START 20260823 jo=75 R12
[21:34:24] START dates=['20260823'] jo=75 races=[12] out=/data/data/com.termux/files/home/Keirin-EV-Tool/scraper/data
[21:34:24] >>> 20260823 jo=75 R12
[21:35:12] OK  20260823 jo=75 R12 47s matrix=0 riders=0
[21:35:21] DONE ok=1 fail=0
END 20260823 jo=75 R12 code=0
START 20260823 jo=84 R1
[21:35:25] START dates=['20260823'] jo=84 races=[1] out=/data/data/com.termux/files/home/Keirin-EV-Tool/scraper/data
[21:35:25] >>> 20260823 jo=84 R01
[21:36:13] OK  20260823 jo=84 R01 49s matrix=132 riders=7
[21:36:14] DONE ok=1 fail=0
END 20260823 jo=84 R1 code=0
START 20260823 jo=84 R2
[21:36:17] START dates=['20260823'] jo=84 races=[2] out=/data/data/com.termux/files/home/Keirin-EV-Tool/scraper/data
[21:36:17] >>> 20260823 jo=84 R02
[21:37:00] OK  20260823 jo=84 R02 43s matrix=132 riders=7
[21:37:01] DONE ok=1 fail=0
END 20260823 jo=84 R2 code=0
START 20260823 jo=84 R3
[21:37:03] START dates=['20260823'] jo=84 races=[3] out=/data/data/com.termux/files/home/Keirin-EV-Tool/scraper/data
[21:37:03] >>> 20260823 jo=84 R03
[21:37:39] OK  20260823 jo=84 R03 36s matrix=132 riders=7
[21:37:40] DONE ok=1 fail=0
END 20260823 jo=84 R3 code=0
START 20260823 jo=84 R4
[21:37:42] START dates=['20260823'] jo=84 races=[4] out=/data/data/com.termux/files/home/Keirin-EV-Tool/scraper/data
[21:37:42] >>> 20260823 jo=84 R04
[21:38:27] OK  20260823 jo=84 R04 45s matrix=132 riders=7
[21:38:28] DONE ok=1 fail=0
END 20260823 jo=84 R4 code=0
START 20260823 jo=84 R5
[21:38:30] START dates=['20260823'] jo=84 races=[5] out=/data/data/com.termux/files/home/Keirin-EV-Tool/scraper/data
[21:38:30] >>> 20260823 jo=84 R05
[21:39:12] OK  20260823 jo=84 R05 42s matrix=132 riders=7
[21:39:13] DONE ok=1 fail=0
END 20260823 jo=84 R5 code=0
START 20260823 jo=84 R6
[21:39:15] START dates=['20260823'] jo=84 races=[6] out=/data/data/com.termux/files/home/Keirin-EV-Tool/scraper/data
[21:39:15] >>> 20260823 jo=84 R06
[21:39:56] OK  20260823 jo=84 R06 41s matrix=132 riders=7
[21:39:57] DONE ok=1 fail=0
END 20260823 jo=84 R6 code=0
START 20260823 jo=84 R7
[21:39:59] START dates=['20260823'] jo=84 races=[7] out=/data/data/com.termux/files/home/Keirin-EV-Tool/scraper/data
[21:39:59] >>> 20260823 jo=84 R07
[21:40:38] OK  20260823 jo=84 R07 39s matrix=132 riders=7
[21:40:39] DONE ok=1 fail=0
END 20260823 jo=84 R7 code=0
START 20260823 jo=84 R8
[21:40:41] START dates=['20260823'] jo=84 races=[8] out=/data/data/com.termux/files/home/Keirin-EV-Tool/scraper/data
[21:40:41] >>> 20260823 jo=84 R08
[21:41:25] OK  20260823 jo=84 R08 44s matrix=0 riders=0
[21:41:26] DONE ok=1 fail=0
END 20260823 jo=84 R8 code=0
START 20260823 jo=84 R9
[21:41:28] START dates=['20260823'] jo=84 races=[9] out=/data/data/com.termux/files/home/Keirin-EV-Tool/scraper/data
[21:41:28] >>> 20260823 jo=84 R09
[21:42:10] OK  20260823 jo=84 R09 41s matrix=0 riders=0
[21:42:11] DONE ok=1 fail=0
END 20260823 jo=84 R9 code=0
START 20260823 jo=84 R10
[21:42:13] START dates=['20260823'] jo=84 races=[10] out=/data/data/com.termux/files/home/Keirin-EV-Tool/scraper/data
[21:42:13] >>> 20260823 jo=84 R10
[21:42:49] OK  20260823 jo=84 R10 37s matrix=0 riders=0
[21:42:50] DONE ok=1 fail=0
END 20260823 jo=84 R10 code=0
START 20260823 jo=84 R11
[21:42:52] START dates=['20260823'] jo=84 races=[11] out=/data/data/com.termux/files/home/Keirin-EV-Tool/scraper/data
[21:42:52] >>> 20260823 jo=84 R11
[21:43:39] OK  20260823 jo=84 R11 46s matrix=0 riders=0
[21:43:40] DONE ok=1 fail=0
END 20260823 jo=84 R11 code=0
START 20260823 jo=84 R12
[21:43:42] START dates=['20260823'] jo=84 races=[12] out=/data/data/com.termux/files/home/Keirin-EV-Tool/scraper/data
[21:43:42] >>> 20260823 jo=84 R12
[21:44:25] OK  20260823 jo=84 R12 43s matrix=0 riders=0
[21:44:26] DONE ok=1 fail=0
END 20260823 jo=84 R12 code=0
BATCH_DONE
START 20260822 jo=26 R1
[23:52:34] START dates=['20260822'] jo=26 races=[1] out=/data/data/com.termux/files/home/Keirin-EV-Tool/scraper/data
[23:52:34] >>> 20260822 jo=26 R01
[23:53:25] OK  20260822 jo=26 R01 51s matrix=132 riders=7
[23:53:33] DONE ok=1 fail=0
END 20260822 jo=26 R1 code=0
START 20260822 jo=26 R2
[23:53:38] START dates=['20260822'] jo=26 races=[2] out=/data/data/com.termux/files/home/Keirin-EV-Tool/scraper/data
[23:53:38] >>> 20260822 jo=26 R02
[23:54:37] OK  20260822 jo=26 R02 60s matrix=132 riders=7
[23:54:45] DONE ok=1 fail=0
END 20260822 jo=26 R2 code=0
START 20260822 jo=26 R3
[23:54:59] START dates=['20260822'] jo=26 races=[3] out=/data/data/com.termux/files/home/Keirin-EV-Tool/scraper/data
[23:54:59] >>> 20260822 jo=26 R03
[23:56:35] OK  20260822 jo=26 R03 96s matrix=132 riders=7
[23:56:51] DONE ok=1 fail=0
END 20260822 jo=26 R3 code=0
START 20260822 jo=26 R4
[23:57:07] START dates=['20260822'] jo=26 races=[4] out=/data/data/com.termux/files/home/Keirin-EV-Tool/scraper/data
[23:57:07] >>> 20260822 jo=26 R04
[23:58:29] OK  20260822 jo=26 R04 81s matrix=132 riders=7
[23:58:30] DONE ok=1 fail=0
END 20260822 jo=26 R4 code=0
START 20260822 jo=26 R5
[23:58:32] START dates=['20260822'] jo=26 races=[5] out=/data/data/com.termux/files/home/Keirin-EV-Tool/scraper/data
[23:58:32] >>> 20260822 jo=26 R05
[00:00:17] OK  20260822 jo=26 R05 105s matrix=132 riders=7
[00:00:18] DONE ok=1 fail=0
END 20260822 jo=26 R5 code=0
START 20260822 jo=26 R6
[00:00:20] START dates=['20260822'] jo=26 races=[6] out=/data/data/com.termux/files/home/Keirin-EV-Tool/scraper/data
[00:00:20] >>> 20260822 jo=26 R06
[00:01:08] OK  20260822 jo=26 R06 48s matrix=132 riders=7
[00:01:09] DONE ok=1 fail=0
END 20260822 jo=26 R6 code=0
START 20260822 jo=26 R7
[00:01:11] START dates=['20260822'] jo=26 races=[7] out=/data/data/com.termux/files/home/Keirin-EV-Tool/scraper/data
[00:01:11] >>> 20260822 jo=26 R07
[00:01:52] OK  20260822 jo=26 R07 41s matrix=132 riders=7
[00:01:53] DONE ok=1 fail=0
END 20260822 jo=26 R7 code=0
START 20260822 jo=26 R8
[00:01:55] START dates=['20260822'] jo=26 races=[8] out=/data/data/com.termux/files/home/Keirin-EV-Tool/scraper/data
[00:01:55] >>> 20260822 jo=26 R08
[00:02:32] OK  20260822 jo=26 R08 37s matrix=132 riders=7
[00:02:33] DONE ok=1 fail=0
END 20260822 jo=26 R8 code=0
START 20260822 jo=26 R9
[00:02:35] START dates=['20260822'] jo=26 races=[9] out=/data/data/com.termux/files/home/Keirin-EV-Tool/scraper/data
[00:02:35] >>> 20260822 jo=26 R09
[00:03:15] OK  20260822 jo=26 R09 40s matrix=132 riders=7
[00:03:16] DONE ok=1 fail=0
END 20260822 jo=26 R9 code=0
START 20260822 jo=26 R10
[00:03:22] START dates=['20260822'] jo=26 races=[10] out=/data/data/com.termux/files/home/Keirin-EV-Tool/scraper/data
[00:03:22] >>> 20260822 jo=26 R10
[00:04:29] OK  20260822 jo=26 R10 68s matrix=132 riders=7
[00:04:34] DONE ok=1 fail=0
END 20260822 jo=26 R10 code=0
START 20260822 jo=26 R11
[00:04:57] START dates=['20260822'] jo=26 races=[11] out=/data/data/com.termux/files/home/Keirin-EV-Tool/scraper/data
[00:04:57] >>> 20260822 jo=26 R11
[00:05:38] OK  20260822 jo=26 R11 41s matrix=132 riders=7
[00:05:39] DONE ok=1 fail=0
END 20260822 jo=26 R11 code=0
START 20260822 jo=26 R12
[00:05:41] START dates=['20260822'] jo=26 races=[12] out=/data/data/com.termux/files/home/Keirin-EV-Tool/scraper/data
[00:05:41] >>> 20260822 jo=26 R12
[00:06:28] OK  20260822 jo=26 R12 47s matrix=132 riders=7
[00:06:29] DONE ok=1 fail=0
END 20260822 jo=26 R12 code=0
START 20260822 jo=28 R1
[00:06:31] START dates=['20260822'] jo=28 races=[1] out=/data/data/com.termux/files/home/Keirin-EV-Tool/scraper/data
[00:06:31] >>> 20260822 jo=28 R01
[00:07:56] OK  20260822 jo=28 R01 85s matrix=132 riders=7
[00:07:57] DONE ok=1 fail=0
END 20260822 jo=28 R1 code=0
START 20260822 jo=28 R2
[00:07:59] START dates=['20260822'] jo=28 races=[2] out=/data/data/com.termux/files/home/Keirin-EV-Tool/scraper/data
[00:07:59] >>> 20260822 jo=28 R02
[00:10:24] OK  20260822 jo=28 R02 145s matrix=132 riders=7
[00:10:25] DONE ok=1 fail=0
END 20260822 jo=28 R2 code=0
START 20260822 jo=28 R3
[00:10:27] START dates=['20260822'] jo=28 races=[3] out=/data/data/com.termux/files/home/Keirin-EV-Tool/scraper/data
[00:10:27] >>> 20260822 jo=28 R03
[00:11:37] OK  20260822 jo=28 R03 70s matrix=132 riders=7
[00:11:44] DONE ok=1 fail=0
END 20260822 jo=28 R3 code=0
START 20260822 jo=28 R4
[00:11:57] START dates=['20260822'] jo=28 races=[4] out=/data/data/com.termux/files/home/Keirin-EV-Tool/scraper/data
[00:11:57] >>> 20260822 jo=28 R04
[00:14:02] OK  20260822 jo=28 R04 125s matrix=132 riders=7
[00:14:03] DONE ok=1 fail=0
END 20260822 jo=28 R4 code=0
START 20260822 jo=28 R5
[00:14:05] START dates=['20260822'] jo=28 races=[5] out=/data/data/com.termux/files/home/Keirin-EV-Tool/scraper/data
[00:14:05] >>> 20260822 jo=28 R05
[00:16:01] OK  20260822 jo=28 R05 117s matrix=132 riders=7
[00:16:02] DONE ok=1 fail=0
END 20260822 jo=28 R5 code=0
START 20260822 jo=28 R6
[00:16:04] START dates=['20260822'] jo=28 races=[6] out=/data/data/com.termux/files/home/Keirin-EV-Tool/scraper/data
[00:16:04] >>> 20260822 jo=28 R06
[00:18:26] OK  20260822 jo=28 R06 142s matrix=132 riders=7
[00:18:43] DONE ok=1 fail=0
END 20260822 jo=28 R6 code=0
START 20260822 jo=28 R7
[00:18:59] START dates=['20260822'] jo=28 races=[7] out=/data/data/com.termux/files/home/Keirin-EV-Tool/scraper/data
[00:18:59] >>> 20260822 jo=28 R07
[00:19:59] OK  20260822 jo=28 R07 61s matrix=132 riders=7
[00:20:00] DONE ok=1 fail=0
END 20260822 jo=28 R7 code=0
START 20260822 jo=28 R8
[00:20:03] START dates=['20260822'] jo=28 races=[8] out=/data/data/com.termux/files/home/Keirin-EV-Tool/scraper/data
[00:20:03] >>> 20260822 jo=28 R08
[00:21:26] OK  20260822 jo=28 R08 83s matrix=0 riders=0
[00:21:27] DONE ok=1 fail=0
END 20260822 jo=28 R8 code=0
START 20260822 jo=28 R9
[00:21:29] START dates=['20260822'] jo=28 races=[9] out=/data/data/com.termux/files/home/Keirin-EV-Tool/scraper/data
[00:21:29] >>> 20260822 jo=28 R09
[00:22:12] OK  20260822 jo=28 R09 43s matrix=0 riders=0
[00:22:29] DONE ok=1 fail=0
END 20260822 jo=28 R9 code=0
START 20260822 jo=28 R10
[00:23:01] START dates=['20260822'] jo=28 races=[10] out=/data/data/com.termux/files/home/Keirin-EV-Tool/scraper/data
[00:23:01] >>> 20260822 jo=28 R10
[00:24:09] OK  20260822 jo=28 R10 67s matrix=0 riders=0
[00:24:13] DONE ok=1 fail=0
END 20260822 jo=28 R10 code=0
START 20260822 jo=28 R11
[00:24:22] START dates=['20260822'] jo=28 races=[11] out=/data/data/com.termux/files/home/Keirin-EV-Tool/scraper/data
[00:24:22] >>> 20260822 jo=28 R11
[00:25:47] OK  20260822 jo=28 R11 85s matrix=0 riders=0
[00:25:58] DONE ok=1 fail=0
END 20260822 jo=28 R11 code=0
START 20260822 jo=28 R12
[00:26:00] START dates=['20260822'] jo=28 races=[12] out=/data/data/com.termux/files/home/Keirin-EV-Tool/scraper/data
[00:26:00] >>> 20260822 jo=28 R12
[00:27:19] OK  20260822 jo=28 R12 79s matrix=0 riders=0
[00:27:35] DONE ok=1 fail=0
END 20260822 jo=28 R12 code=0
START 20260822 jo=31 R1
[00:27:50] START dates=['20260822'] jo=31 races=[1] out=/data/data/com.termux/files/home/Keirin-EV-Tool/scraper/data
[00:27:50] >>> 20260822 jo=31 R01
[00:29:29] OK  20260822 jo=31 R01 99s matrix=300 riders=9
[00:29:34] DONE ok=1 fail=0
END 20260822 jo=31 R1 code=0
START 20260822 jo=31 R2
[00:29:37] START dates=['20260822'] jo=31 races=[2] out=/data/data/com.termux/files/home/Keirin-EV-Tool/scraper/data
[00:29:37] >>> 20260822 jo=31 R02
[00:31:03] OK  20260822 jo=31 R02 86s matrix=300 riders=9
[00:31:55] DONE ok=1 fail=0
END 20260822 jo=31 R2 code=0
START 20260822 jo=31 R3
[00:32:05] START dates=['20260822'] jo=31 races=[3] out=/data/data/com.termux/files/home/Keirin-EV-Tool/scraper/data
[00:32:05] >>> 20260822 jo=31 R03
[00:33:31] OK  20260822 jo=31 R03 86s matrix=300 riders=9
[00:33:43] DONE ok=1 fail=0
END 20260822 jo=31 R3 code=0
START 20260822 jo=31 R4
[00:33:59] START dates=['20260822'] jo=31 races=[4] out=/data/data/com.termux/files/home/Keirin-EV-Tool/scraper/data
[00:33:59] >>> 20260822 jo=31 R04
[00:35:28] OK  20260822 jo=31 R04 89s matrix=300 riders=9
[00:35:42] DONE ok=1 fail=0
END 20260822 jo=31 R4 code=0
START 20260822 jo=31 R5
[00:35:44] START dates=['20260822'] jo=31 races=[5] out=/data/data/com.termux/files/home/Keirin-EV-Tool/scraper/data
[00:35:44] >>> 20260822 jo=31 R05
[00:37:17] OK  20260822 jo=31 R05 93s matrix=300 riders=9
[00:37:29] DONE ok=1 fail=0
END 20260822 jo=31 R5 code=0
START 20260822 jo=31 R6
[00:37:58] START dates=['20260822'] jo=31 races=[6] out=/data/data/com.termux/files/home/Keirin-EV-Tool/scraper/data
[00:37:58] >>> 20260822 jo=31 R06
[00:39:41] OK  20260822 jo=31 R06 103s matrix=300 riders=9
[00:39:56] DONE ok=1 fail=0
END 20260822 jo=31 R6 code=0
START 20260822 jo=31 R7
[00:40:10] START dates=['20260822'] jo=31 races=[7] out=/data/data/com.termux/files/home/Keirin-EV-Tool/scraper/data
[00:40:10] >>> 20260822 jo=31 R07
[00:41:42] OK  20260822 jo=31 R07 92s matrix=300 riders=9
[00:41:53] DONE ok=1 fail=0
END 20260822 jo=31 R7 code=0
START 20260822 jo=31 R8
[00:42:07] START dates=['20260822'] jo=31 races=[8] out=/data/data/com.termux/files/home/Keirin-EV-Tool/scraper/data
[00:42:07] >>> 20260822 jo=31 R08
[00:44:02] OK  20260822 jo=31 R08 115s matrix=300 riders=9
[00:44:13] DONE ok=1 fail=0
END 20260822 jo=31 R8 code=0
START 20260822 jo=31 R9
[00:44:18] START dates=['20260822'] jo=31 races=[9] out=/data/data/com.termux/files/home/Keirin-EV-Tool/scraper/data
[00:44:18] >>> 20260822 jo=31 R09
[00:45:17] OK  20260822 jo=31 R09 58s matrix=300 riders=9
[00:45:18] DONE ok=1 fail=0
END 20260822 jo=31 R9 code=0
START 20260822 jo=31 R10
[00:45:20] START dates=['20260822'] jo=31 races=[10] out=/data/data/com.termux/files/home/Keirin-EV-Tool/scraper/data
[00:45:20] >>> 20260822 jo=31 R10
[00:47:22] OK  20260822 jo=31 R10 122s matrix=300 riders=9
[00:47:38] DONE ok=1 fail=0
END 20260822 jo=31 R10 code=0
START 20260822 jo=31 R11
[00:47:40] START dates=['20260822'] jo=31 races=[11] out=/data/data/com.termux/files/home/Keirin-EV-Tool/scraper/data
[00:47:40] >>> 20260822 jo=31 R11
[00:48:34] OK  20260822 jo=31 R11 55s matrix=300 riders=9
[00:49:00] DONE ok=1 fail=0
END 20260822 jo=31 R11 code=0
START 20260822 jo=31 R12
[00:49:23] START dates=['20260822'] jo=31 races=[12] out=/data/data/com.termux/files/home/Keirin-EV-Tool/scraper/data
[00:49:23] >>> 20260822 jo=31 R12
[00:52:00] OK  20260822 jo=31 R12 157s matrix=300 riders=9
[00:52:01] DONE ok=1 fail=0
END 20260822 jo=31 R12 code=0
START 20260822 jo=44 R1
[00:52:03] START dates=['20260822'] jo=44 races=[1] out=/data/data/com.termux/files/home/Keirin-EV-Tool/scraper/data
[00:52:03] >>> 20260822 jo=44 R01
[00:52:58] OK  20260822 jo=44 R01 54s matrix=132 riders=7
[00:52:59] DONE ok=1 fail=0
END 20260822 jo=44 R1 code=0
START 20260822 jo=44 R2
[00:53:01] START dates=['20260822'] jo=44 races=[2] out=/data/data/com.termux/files/home/Keirin-EV-Tool/scraper/data
[00:53:01] >>> 20260822 jo=44 R02
[00:54:36] OK  20260822 jo=44 R02 95s matrix=132 riders=7
[00:54:37] DONE ok=1 fail=0
END 20260822 jo=44 R2 code=0
START 20260822 jo=44 R3
[00:54:39] START dates=['20260822'] jo=44 races=[3] out=/data/data/com.termux/files/home/Keirin-EV-Tool/scraper/data
[00:54:39] >>> 20260822 jo=44 R03
[00:55:19] OK  20260822 jo=44 R03 40s matrix=132 riders=7
[00:55:20] DONE ok=1 fail=0
END 20260822 jo=44 R3 code=0
START 20260822 jo=44 R4
[00:55:23] START dates=['20260822'] jo=44 races=[4] out=/data/data/com.termux/files/home/Keirin-EV-Tool/scraper/data
[00:55:23] >>> 20260822 jo=44 R04
[00:56:03] OK  20260822 jo=44 R04 39s matrix=132 riders=7
[00:56:04] DONE ok=1 fail=0
END 20260822 jo=44 R4 code=0
START 20260822 jo=44 R5
[00:56:06] START dates=['20260822'] jo=44 races=[5] out=/data/data/com.termux/files/home/Keirin-EV-Tool/scraper/data
[00:56:06] >>> 20260822 jo=44 R05
[00:57:01] OK  20260822 jo=44 R05 55s matrix=132 riders=7
[00:57:20] DONE ok=1 fail=0
END 20260822 jo=44 R5 code=0
START 20260822 jo=44 R6
[00:57:47] START dates=['20260822'] jo=44 races=[6] out=/data/data/com.termux/files/home/Keirin-EV-Tool/scraper/data
[00:57:47] >>> 20260822 jo=44 R06
[00:59:26] OK  20260822 jo=44 R06 99s matrix=132 riders=7
[00:59:47] DONE ok=1 fail=0
END 20260822 jo=44 R6 code=0
START 20260822 jo=44 R7
[00:59:49] START dates=['20260822'] jo=44 races=[7] out=/data/data/com.termux/files/home/Keirin-EV-Tool/scraper/data
[00:59:49] >>> 20260822 jo=44 R07
[01:01:02] OK  20260822 jo=44 R07 73s matrix=132 riders=7
[01:01:20] DONE ok=1 fail=0
END 20260822 jo=44 R7 code=0
START 20260822 jo=44 R8
[01:01:50] START dates=['20260822'] jo=44 races=[8] out=/data/data/com.termux/files/home/Keirin-EV-Tool/scraper/data
[01:01:50] >>> 20260822 jo=44 R08
[01:03:04] OK  20260822 jo=44 R08 74s matrix=132 riders=7
[01:03:24] DONE ok=1 fail=0
END 20260822 jo=44 R8 code=0
START 20260822 jo=44 R9
[01:03:52] START dates=['20260822'] jo=44 races=[9] out=/data/data/com.termux/files/home/Keirin-EV-Tool/scraper/data
[01:03:52] >>> 20260822 jo=44 R09
[01:05:11] OK  20260822 jo=44 R09 79s matrix=132 riders=7
[01:05:13] DONE ok=1 fail=0
END 20260822 jo=44 R9 code=0
START 20260822 jo=44 R10
[01:05:36] START dates=['20260822'] jo=44 races=[10] out=/data/data/com.termux/files/home/Keirin-EV-Tool/scraper/data
[01:05:36] >>> 20260822 jo=44 R10
[01:07:01] OK  20260822 jo=44 R10 85s matrix=0 riders=0
[01:07:02] DONE ok=1 fail=0
END 20260822 jo=44 R10 code=0
START 20260822 jo=44 R11
[01:07:04] START dates=['20260822'] jo=44 races=[11] out=/data/data/com.termux/files/home/Keirin-EV-Tool/scraper/data
[01:07:04] >>> 20260822 jo=44 R11
[01:08:57] OK  20260822 jo=44 R11 114s matrix=0 riders=0
[01:08:58] DONE ok=1 fail=0
END 20260822 jo=44 R11 code=0
START 20260822 jo=44 R12
[01:09:00] START dates=['20260822'] jo=44 races=[12] out=/data/data/com.termux/files/home/Keirin-EV-Tool/scraper/data
[01:09:00] >>> 20260822 jo=44 R12
[01:10:37] OK  20260822 jo=44 R12 97s matrix=0 riders=0
[01:10:41] DONE ok=1 fail=0
END 20260822 jo=44 R12 code=0
START 20260822 jo=46 R1
[01:11:57] START dates=['20260822'] jo=46 races=[1] out=/data/data/com.termux/files/home/Keirin-EV-Tool/scraper/data
[01:11:57] >>> 20260822 jo=46 R01
[01:13:56] OK  20260822 jo=46 R01 119s matrix=132 riders=7
[01:13:57] DONE ok=1 fail=0
END 20260822 jo=46 R1 code=0
START 20260822 jo=46 R2
[01:13:59] START dates=['20260822'] jo=46 races=[2] out=/data/data/com.termux/files/home/Keirin-EV-Tool/scraper/data
[01:13:59] >>> 20260822 jo=46 R02
[01:15:23] OK  20260822 jo=46 R02 84s matrix=132 riders=7
[01:15:35] DONE ok=1 fail=0
END 20260822 jo=46 R2 code=0
START 20260822 jo=46 R3
[01:15:52] START dates=['20260822'] jo=46 races=[3] out=/data/data/com.termux/files/home/Keirin-EV-Tool/scraper/data
[01:15:52] >>> 20260822 jo=46 R03
[01:17:03] OK  20260822 jo=46 R03 72s matrix=132 riders=7
[01:17:19] DONE ok=1 fail=0
END 20260822 jo=46 R3 code=0
START 20260822 jo=46 R4
[01:17:45] START dates=['20260822'] jo=46 races=[4] out=/data/data/com.termux/files/home/Keirin-EV-Tool/scraper/data
[01:17:45] >>> 20260822 jo=46 R04
[01:19:27] OK  20260822 jo=46 R04 102s matrix=132 riders=7
[01:19:43] DONE ok=1 fail=0
END 20260822 jo=46 R4 code=0
START 20260822 jo=46 R5
[01:19:59] START dates=['20260822'] jo=46 races=[5] out=/data/data/com.termux/files/home/Keirin-EV-Tool/scraper/data
[01:19:59] >>> 20260822 jo=46 R05
[01:21:39] OK  20260822 jo=46 R05 100s matrix=78 riders=6
[01:21:55] DONE ok=1 fail=0
END 20260822 jo=46 R5 code=0
START 20260822 jo=46 R6
[01:22:02] START dates=['20260822'] jo=46 races=[6] out=/data/data/com.termux/files/home/Keirin-EV-Tool/scraper/data
[01:22:02] >>> 20260822 jo=46 R06
[01:23:53] OK  20260822 jo=46 R06 111s matrix=132 riders=7
[01:24:01] DONE ok=1 fail=0
END 20260822 jo=46 R6 code=0
START 20260822 jo=46 R7
[01:24:03] START dates=['20260822'] jo=46 races=[7] out=/data/data/com.termux/files/home/Keirin-EV-Tool/scraper/data
[01:24:03] >>> 20260822 jo=46 R07
[01:25:39] OK  20260822 jo=46 R07 96s matrix=132 riders=7
[01:25:40] DONE ok=1 fail=0
END 20260822 jo=46 R7 code=0
START 20260822 jo=46 R8
[01:25:42] START dates=['20260822'] jo=46 races=[8] out=/data/data/com.termux/files/home/Keirin-EV-Tool/scraper/data
[01:25:42] >>> 20260822 jo=46 R08
[01:26:24] OK  20260822 jo=46 R08 42s matrix=132 riders=7
[01:26:25] DONE ok=1 fail=0
END 20260822 jo=46 R8 code=0
START 20260822 jo=46 R9
[01:26:27] START dates=['20260822'] jo=46 races=[9] out=/data/data/com.termux/files/home/Keirin-EV-Tool/scraper/data
[01:26:27] >>> 20260822 jo=46 R09
[01:27:06] OK  20260822 jo=46 R09 39s matrix=132 riders=7
[01:27:10] DONE ok=1 fail=0
END 20260822 jo=46 R9 code=0
START 20260822 jo=46 R10
[01:27:14] START dates=['20260822'] jo=46 races=[10] out=/data/data/com.termux/files/home/Keirin-EV-Tool/scraper/data
[01:27:14] >>> 20260822 jo=46 R10
[01:28:36] OK  20260822 jo=46 R10 82s matrix=132 riders=7
[01:28:37] DONE ok=1 fail=0
END 20260822 jo=46 R10 code=0
START 20260822 jo=46 R11
[01:28:53] START dates=['20260822'] jo=46 races=[11] out=/data/data/com.termux/files/home/Keirin-EV-Tool/scraper/data
[01:28:53] >>> 20260822 jo=46 R11
[01:30:18] OK  20260822 jo=46 R11 85s matrix=132 riders=7
[01:30:32] DONE ok=1 fail=0
END 20260822 jo=46 R11 code=0
START 20260822 jo=46 R12
[01:30:34] START dates=['20260822'] jo=46 races=[12] out=/data/data/com.termux/files/home/Keirin-EV-Tool/scraper/data
[01:30:34] >>> 20260822 jo=46 R12
[01:31:29] OK  20260822 jo=46 R12 55s matrix=132 riders=7
[01:31:45] DONE ok=1 fail=0
END 20260822 jo=46 R12 code=0
START 20260822 jo=53 R1
[01:31:54] START dates=['20260822'] jo=53 races=[1] out=/data/data/com.termux/files/home/Keirin-EV-Tool/scraper/data
[01:31:54] >>> 20260822 jo=53 R01
[01:33:07] OK  20260822 jo=53 R01 73s matrix=78 riders=6
[01:33:08] DONE ok=1 fail=0
END 20260822 jo=53 R1 code=0
START 20260822 jo=53 R2
[01:33:10] START dates=['20260822'] jo=53 races=[2] out=/data/data/com.termux/files/home/Keirin-EV-Tool/scraper/data
[01:33:10] >>> 20260822 jo=53 R02
[01:33:47] OK  20260822 jo=53 R02 37s matrix=78 riders=6
[01:33:48] DONE ok=1 fail=0
END 20260822 jo=53 R2 code=0
START 20260822 jo=53 R3
[01:33:50] START dates=['20260822'] jo=53 races=[3] out=/data/data/com.termux/files/home/Keirin-EV-Tool/scraper/data
[01:33:50] >>> 20260822 jo=53 R03
[01:34:34] OK  20260822 jo=53 R03 44s matrix=132 riders=7
[01:34:35] DONE ok=1 fail=0
END 20260822 jo=53 R3 code=0
START 20260822 jo=53 R4
[01:34:40] START dates=['20260822'] jo=53 races=[4] out=/data/data/com.termux/files/home/Keirin-EV-Tool/scraper/data
[01:34:40] >>> 20260822 jo=53 R04
[01:35:40] OK  20260822 jo=53 R04 60s matrix=132 riders=7
[01:35:41] DONE ok=1 fail=0
END 20260822 jo=53 R4 code=0
START 20260822 jo=53 R5
[01:35:47] START dates=['20260822'] jo=53 races=[5] out=/data/data/com.termux/files/home/Keirin-EV-Tool/scraper/data
[01:35:47] >>> 20260822 jo=53 R05
[01:37:14] OK  20260822 jo=53 R05 87s matrix=78 riders=6
[01:37:15] DONE ok=1 fail=0
END 20260822 jo=53 R5 code=0
START 20260822 jo=53 R6
[01:37:22] START dates=['20260822'] jo=53 races=[6] out=/data/data/com.termux/files/home/Keirin-EV-Tool/scraper/data
[01:37:22] >>> 20260822 jo=53 R06
[01:38:27] OK  20260822 jo=53 R06 65s matrix=132 riders=7
[01:38:40] DONE ok=1 fail=0
END 20260822 jo=53 R6 code=0
START 20260822 jo=53 R7
[01:38:42] START dates=['20260822'] jo=53 races=[7] out=/data/data/com.termux/files/home/Keirin-EV-Tool/scraper/data
[01:38:42] >>> 20260822 jo=53 R07
[01:39:52] OK  20260822 jo=53 R07 70s matrix=132 riders=7
[01:39:53] DONE ok=1 fail=0
END 20260822 jo=53 R7 code=0
START 20260822 jo=53 R8
[01:39:56] START dates=['20260822'] jo=53 races=[8] out=/data/data/com.termux/files/home/Keirin-EV-Tool/scraper/data
[01:39:56] >>> 20260822 jo=53 R08
[01:40:35] OK  20260822 jo=53 R08 40s matrix=132 riders=7
[01:40:36] DONE ok=1 fail=0
END 20260822 jo=53 R8 code=0
START 20260822 jo=53 R9
[01:40:38] START dates=['20260822'] jo=53 races=[9] out=/data/data/com.termux/files/home/Keirin-EV-Tool/scraper/data
[01:40:38] >>> 20260822 jo=53 R09
[01:41:17] OK  20260822 jo=53 R09 38s matrix=132 riders=7
[01:41:18] DONE ok=1 fail=0
END 20260822 jo=53 R9 code=0
START 20260822 jo=53 R10
[01:41:21] START dates=['20260822'] jo=53 races=[10] out=/data/data/com.termux/files/home/Keirin-EV-Tool/scraper/data
[01:41:21] >>> 20260822 jo=53 R10
[01:42:09] OK  20260822 jo=53 R10 48s matrix=132 riders=7
[01:42:12] DONE ok=1 fail=0
END 20260822 jo=53 R10 code=0
START 20260822 jo=53 R11
[01:42:19] START dates=['20260822'] jo=53 races=[11] out=/data/data/com.termux/files/home/Keirin-EV-Tool/scraper/data
[01:42:19] >>> 20260822 jo=53 R11
[01:43:47] OK  20260822 jo=53 R11 88s matrix=132 riders=7
[01:43:54] DONE ok=1 fail=0
END 20260822 jo=53 R11 code=0
START 20260822 jo=53 R12
[01:44:06] START dates=['20260822'] jo=53 races=[12] out=/data/data/com.termux/files/home/Keirin-EV-Tool/scraper/data
[01:44:06] >>> 20260822 jo=53 R12
[01:44:50] OK  20260822 jo=53 R12 43s matrix=0 riders=0
[01:44:51] DONE ok=1 fail=0
END 20260822 jo=53 R12 code=0
START 20260822 jo=61 R1
[01:44:53] START dates=['20260822'] jo=61 races=[1] out=/data/data/com.termux/files/home/Keirin-EV-Tool/scraper/data
[01:44:53] >>> 20260822 jo=61 R01
[01:45:41] OK  20260822 jo=61 R01 47s matrix=78 riders=6
[01:46:01] DONE ok=1 fail=0
END 20260822 jo=61 R1 code=0
START 20260822 jo=61 R2
[01:46:17] START dates=['20260822'] jo=61 races=[2] out=/data/data/com.termux/files/home/Keirin-EV-Tool/scraper/data
[01:46:17] >>> 20260822 jo=61 R02
[01:47:04] OK  20260822 jo=61 R02 47s matrix=84 riders=7
[01:47:05] DONE ok=1 fail=0
END 20260822 jo=61 R2 code=0
START 20260822 jo=61 R3
[01:47:07] START dates=['20260822'] jo=61 races=[3] out=/data/data/com.termux/files/home/Keirin-EV-Tool/scraper/data
[01:47:07] >>> 20260822 jo=61 R03
[01:49:03] OK  20260822 jo=61 R03 116s matrix=132 riders=7
[01:49:04] DONE ok=1 fail=0
END 20260822 jo=61 R3 code=0
START 20260822 jo=61 R4
[01:49:10] START dates=['20260822'] jo=61 races=[4] out=/data/data/com.termux/files/home/Keirin-EV-Tool/scraper/data
[01:49:10] >>> 20260822 jo=61 R04
[01:50:27] OK  20260822 jo=61 R04 77s matrix=132 riders=7
[01:50:43] DONE ok=1 fail=0
END 20260822 jo=61 R4 code=0
START 20260822 jo=61 R5
[01:50:45] START dates=['20260822'] jo=61 races=[5] out=/data/data/com.termux/files/home/Keirin-EV-Tool/scraper/data
[01:50:45] >>> 20260822 jo=61 R05
[01:51:57] OK  20260822 jo=61 R05 73s matrix=78 riders=6
[01:51:58] DONE ok=1 fail=0
END 20260822 jo=61 R5 code=0
START 20260822 jo=61 R6
[01:52:00] START dates=['20260822'] jo=61 races=[6] out=/data/data/com.termux/files/home/Keirin-EV-Tool/scraper/data
[01:52:00] >>> 20260822 jo=61 R06
[01:53:34] OK  20260822 jo=61 R06 94s matrix=132 riders=7
[01:53:50] DONE ok=1 fail=0
END 20260822 jo=61 R6 code=0
START 20260822 jo=61 R7
[01:54:01] START dates=['20260822'] jo=61 races=[7] out=/data/data/com.termux/files/home/Keirin-EV-Tool/scraper/data
[01:54:01] >>> 20260822 jo=61 R07
[01:54:47] OK  20260822 jo=61 R07 46s matrix=132 riders=7
[01:54:48] DONE ok=1 fail=0
END 20260822 jo=61 R7 code=0
START 20260822 jo=61 R8
[01:54:50] START dates=['20260822'] jo=61 races=[8] out=/data/data/com.termux/files/home/Keirin-EV-Tool/scraper/data
[01:54:50] >>> 20260822 jo=61 R08
[01:55:28] OK  20260822 jo=61 R08 38s matrix=132 riders=7
[01:55:41] DONE ok=1 fail=0
END 20260822 jo=61 R8 code=0
START 20260822 jo=61 R9
[01:55:58] START dates=['20260822'] jo=61 races=[9] out=/data/data/com.termux/files/home/Keirin-EV-Tool/scraper/data
[01:55:58] >>> 20260822 jo=61 R09
[01:57:06] OK  20260822 jo=61 R09 68s matrix=132 riders=7
[01:57:07] DONE ok=1 fail=0
END 20260822 jo=61 R9 code=0
START 20260822 jo=61 R10
[01:57:09] START dates=['20260822'] jo=61 races=[10] out=/data/data/com.termux/files/home/Keirin-EV-Tool/scraper/data
[01:57:09] >>> 20260822 jo=61 R10
[01:58:47] OK  20260822 jo=61 R10 98s matrix=132 riders=7
[01:59:01] DONE ok=1 fail=0
END 20260822 jo=61 R10 code=0
START 20260822 jo=61 R11
[01:59:03] START dates=['20260822'] jo=61 races=[11] out=/data/data/com.termux/files/home/Keirin-EV-Tool/scraper/data
[01:59:03] >>> 20260822 jo=61 R11
[02:00:01] OK  20260822 jo=61 R11 58s matrix=132 riders=7
[02:00:10] DONE ok=1 fail=0
END 20260822 jo=61 R11 code=0
START 20260822 jo=61 R12
[02:00:12] START dates=['20260822'] jo=61 races=[12] out=/data/data/com.termux/files/home/Keirin-EV-Tool/scraper/data
[02:00:12] >>> 20260822 jo=61 R12
[02:00:57] OK  20260822 jo=61 R12 45s matrix=0 riders=0
[02:00:58] DONE ok=1 fail=0
END 20260822 jo=61 R12 code=0
START 20260822 jo=75 R1
[02:01:02] START dates=['20260822'] jo=75 races=[1] out=/data/data/com.termux/files/home/Keirin-EV-Tool/scraper/data
[02:01:02] >>> 20260822 jo=75 R01
[02:01:42] OK  20260822 jo=75 R01 40s matrix=78 riders=6
[02:01:43] DONE ok=1 fail=0
END 20260822 jo=75 R1 code=0
START 20260822 jo=75 R2
[02:01:46] START dates=['20260822'] jo=75 races=[2] out=/data/data/com.termux/files/home/Keirin-EV-Tool/scraper/data
[02:01:46] >>> 20260822 jo=75 R02
[02:02:26] OK  20260822 jo=75 R02 40s matrix=132 riders=7
[02:02:28] DONE ok=1 fail=0
END 20260822 jo=75 R2 code=0
START 20260822 jo=75 R3
[02:02:30] START dates=['20260822'] jo=75 races=[3] out=/data/data/com.termux/files/home/Keirin-EV-Tool/scraper/data
[02:02:30] >>> 20260822 jo=75 R03
[02:03:13] OK  20260822 jo=75 R03 43s matrix=132 riders=7
[02:03:28] DONE ok=1 fail=0
END 20260822 jo=75 R3 code=0
START 20260822 jo=75 R4
[02:03:51] START dates=['20260822'] jo=75 races=[4] out=/data/data/com.termux/files/home/Keirin-EV-Tool/scraper/data
[02:03:51] >>> 20260822 jo=75 R04
[02:05:03] OK  20260822 jo=75 R04 72s matrix=132 riders=7
[02:05:06] DONE ok=1 fail=0
END 20260822 jo=75 R4 code=0
START 20260822 jo=75 R5
[02:05:08] START dates=['20260822'] jo=75 races=[5] out=/data/data/com.termux/files/home/Keirin-EV-Tool/scraper/data
[02:05:08] >>> 20260822 jo=75 R05
[02:06:27] OK  20260822 jo=75 R05 79s matrix=132 riders=7
[02:06:28] DONE ok=1 fail=0
END 20260822 jo=75 R5 code=0
START 20260822 jo=75 R6
[02:06:30] START dates=['20260822'] jo=75 races=[6] out=/data/data/com.termux/files/home/Keirin-EV-Tool/scraper/data
[02:06:30] >>> 20260822 jo=75 R06
[02:07:11] OK  20260822 jo=75 R06 41s matrix=132 riders=7
[02:07:12] DONE ok=1 fail=0
END 20260822 jo=75 R6 code=0
START 20260822 jo=75 R7
[02:07:14] START dates=['20260822'] jo=75 races=[7] out=/data/data/com.termux/files/home/Keirin-EV-Tool/scraper/data
[02:07:14] >>> 20260822 jo=75 R07
[02:07:53] OK  20260822 jo=75 R07 39s matrix=132 riders=7
[02:08:01] DONE ok=1 fail=0
END 20260822 jo=75 R7 code=0
START 20260822 jo=75 R8
[02:08:26] START dates=['20260822'] jo=75 races=[8] out=/data/data/com.termux/files/home/Keirin-EV-Tool/scraper/data
[02:08:26] >>> 20260822 jo=75 R08
[02:09:12] OK  20260822 jo=75 R08 46s matrix=132 riders=7
[02:09:13] DONE ok=1 fail=0
END 20260822 jo=75 R8 code=0
START 20260822 jo=75 R9
[02:09:15] START dates=['20260822'] jo=75 races=[9] out=/data/data/com.termux/files/home/Keirin-EV-Tool/scraper/data
[02:09:15] >>> 20260822 jo=75 R09
[02:09:59] OK  20260822 jo=75 R09 44s matrix=132 riders=7
[02:10:00] DONE ok=1 fail=0
END 20260822 jo=75 R9 code=0
START 20260822 jo=75 R10
[02:10:13] START dates=['20260822'] jo=75 races=[10] out=/data/data/com.termux/files/home/Keirin-EV-Tool/scraper/data
[02:10:13] >>> 20260822 jo=75 R10
[02:10:55] OK  20260822 jo=75 R10 42s matrix=0 riders=0
[02:10:56] DONE ok=1 fail=0
END 20260822 jo=75 R10 code=0
START 20260822 jo=75 R11
[02:10:58] START dates=['20260822'] jo=75 races=[11] out=/data/data/com.termux/files/home/Keirin-EV-Tool/scraper/data
[02:10:58] >>> 20260822 jo=75 R11
[02:11:45] OK  20260822 jo=75 R11 47s matrix=0 riders=0
[02:11:56] DONE ok=1 fail=0
END 20260822 jo=75 R11 code=0
START 20260822 jo=75 R12
[02:12:28] START dates=['20260822'] jo=75 races=[12] out=/data/data/com.termux/files/home/Keirin-EV-Tool/scraper/data
[02:12:28] >>> 20260822 jo=75 R12
[02:14:08] OK  20260822 jo=75 R12 100s matrix=0 riders=0
[02:14:36] DONE ok=1 fail=0
END 20260822 jo=75 R12 code=0
START 20260822 jo=84 R1
[02:14:39] START dates=['20260822'] jo=84 races=[1] out=/data/data/com.termux/files/home/Keirin-EV-Tool/scraper/data
[02:14:39] >>> 20260822 jo=84 R01
[02:15:54] OK  20260822 jo=84 R01 75s matrix=132 riders=7
[02:15:55] DONE ok=1 fail=0
END 20260822 jo=84 R1 code=0
START 20260822 jo=84 R2
[02:16:07] START dates=['20260822'] jo=84 races=[2] out=/data/data/com.termux/files/home/Keirin-EV-Tool/scraper/data
[02:16:07] >>> 20260822 jo=84 R02
[02:17:46] OK  20260822 jo=84 R02 99s matrix=132 riders=7
[02:17:47] DONE ok=1 fail=0
END 20260822 jo=84 R2 code=0
START 20260822 jo=84 R3
[02:17:49] START dates=['20260822'] jo=84 races=[3] out=/data/data/com.termux/files/home/Keirin-EV-Tool/scraper/data
[02:17:49] >>> 20260822 jo=84 R03
[02:19:11] OK  20260822 jo=84 R03 82s matrix=132 riders=7
[02:19:12] DONE ok=1 fail=0
END 20260822 jo=84 R3 code=0
START 20260822 jo=84 R4
[02:19:14] START dates=['20260822'] jo=84 races=[4] out=/data/data/com.termux/files/home/Keirin-EV-Tool/scraper/data
[02:19:14] >>> 20260822 jo=84 R04
[02:19:52] OK  20260822 jo=84 R04 37s matrix=132 riders=7
[02:19:53] DONE ok=1 fail=0
END 20260822 jo=84 R4 code=0
START 20260822 jo=84 R5
[02:19:55] START dates=['20260822'] jo=84 races=[5] out=/data/data/com.termux/files/home/Keirin-EV-Tool/scraper/data
[02:19:55] >>> 20260822 jo=84 R05
[02:20:37] OK  20260822 jo=84 R05 42s matrix=132 riders=7
[02:20:38] DONE ok=1 fail=0
END 20260822 jo=84 R5 code=0
START 20260822 jo=84 R6
[02:20:40] START dates=['20260822'] jo=84 races=[6] out=/data/data/com.termux/files/home/Keirin-EV-Tool/scraper/data
[02:20:40] >>> 20260822 jo=84 R06
[02:21:58] OK  20260822 jo=84 R06 78s matrix=132 riders=7
[02:21:59] DONE ok=1 fail=0
END 20260822 jo=84 R6 code=0
START 20260822 jo=84 R7
[02:22:01] START dates=['20260822'] jo=84 races=[7] out=/data/data/com.termux/files/home/Keirin-EV-Tool/scraper/data
[02:22:01] >>> 20260822 jo=84 R07
[02:23:14] OK  20260822 jo=84 R07 73s matrix=132 riders=7
[02:23:16] DONE ok=1 fail=0
END 20260822 jo=84 R7 code=0
START 20260822 jo=84 R8
[02:23:23] START dates=['20260822'] jo=84 races=[8] out=/data/data/com.termux/files/home/Keirin-EV-Tool/scraper/data
[02:23:23] >>> 20260822 jo=84 R08
[02:24:37] OK  20260822 jo=84 R08 75s matrix=0 riders=0
[02:24:38] DONE ok=1 fail=0
END 20260822 jo=84 R8 code=0
START 20260822 jo=84 R9
[02:24:55] START dates=['20260822'] jo=84 races=[9] out=/data/data/com.termux/files/home/Keirin-EV-Tool/scraper/data
[02:24:55] >>> 20260822 jo=84 R09
[02:26:19] OK  20260822 jo=84 R09 83s matrix=0 riders=0
[02:26:20] DONE ok=1 fail=0
END 20260822 jo=84 R9 code=0
START 20260822 jo=84 R10
[02:26:22] START dates=['20260822'] jo=84 races=[10] out=/data/data/com.termux/files/home/Keirin-EV-Tool/scraper/data
[02:26:22] >>> 20260822 jo=84 R10
[02:28:01] OK  20260822 jo=84 R10 99s matrix=0 riders=0
[02:28:04] DONE ok=1 fail=0
END 20260822 jo=84 R10 code=0
START 20260822 jo=84 R11
[02:28:06] START dates=['20260822'] jo=84 races=[11] out=/data/data/com.termux/files/home/Keirin-EV-Tool/scraper/data
[02:28:06] >>> 20260822 jo=84 R11
[02:28:52] OK  20260822 jo=84 R11 47s matrix=0 riders=0
[02:28:53] DONE ok=1 fail=0
END 20260822 jo=84 R11 code=0
START 20260822 jo=84 R12
[02:28:56] START dates=['20260822'] jo=84 races=[12] out=/data/data/com.termux/files/home/Keirin-EV-Tool/scraper/data
[02:28:56] >>> 20260822 jo=84 R12
[02:29:36] OK  20260822 jo=84 R12 41s matrix=0 riders=0
[02:29:37] DONE ok=1 fail=0
END 20260822 jo=84 R12 code=0
BATCH_DONE
BATCH_DONE
BATCH_DONE
BATCH_DONE
BATCH_DONE
BATCH_DONE
START 20260821 jo=26 R1
[01:58:45] START dates=['20260821'] jo=26 races=[1] out=/data/data/com.termux/files/home/Keirin-EV-Tool/scraper/data
[01:58:45] >>> 20260821 jo=26 R01
[01:59:23] OK  20260821 jo=26 R01 38s matrix=132 riders=7
[01:59:24] DONE ok=1 fail=0
END 20260821 jo=26 R1 code=0
START 20260821 jo=26 R2
[01:59:25] START dates=['20260821'] jo=26 races=[2] out=/data/data/com.termux/files/home/Keirin-EV-Tool/scraper/data
[01:59:25] >>> 20260821 jo=26 R02
[02:00:09] OK  20260821 jo=26 R02 43s matrix=132 riders=7
[02:00:10] DONE ok=1 fail=0
END 20260821 jo=26 R2 code=0
START 20260821 jo=26 R3
[02:00:12] START dates=['20260821'] jo=26 races=[3] out=/data/data/com.termux/files/home/Keirin-EV-Tool/scraper/data
[02:00:12] >>> 20260821 jo=26 R03
[02:00:51] OK  20260821 jo=26 R03 39s matrix=132 riders=7
[02:00:52] DONE ok=1 fail=0
END 20260821 jo=26 R3 code=0
START 20260821 jo=26 R4
[02:00:54] START dates=['20260821'] jo=26 races=[4] out=/data/data/com.termux/files/home/Keirin-EV-Tool/scraper/data
[02:00:54] >>> 20260821 jo=26 R04
[02:01:38] OK  20260821 jo=26 R04 44s matrix=132 riders=7
[02:01:39] DONE ok=1 fail=0
END 20260821 jo=26 R4 code=0
START 20260821 jo=26 R5
[02:01:41] START dates=['20260821'] jo=26 races=[5] out=/data/data/com.termux/files/home/Keirin-EV-Tool/scraper/data
[02:01:41] >>> 20260821 jo=26 R05
[02:02:28] OK  20260821 jo=26 R05 46s matrix=132 riders=7
[02:02:29] DONE ok=1 fail=0
END 20260821 jo=26 R5 code=0
START 20260821 jo=26 R6
[02:02:31] START dates=['20260821'] jo=26 races=[6] out=/data/data/com.termux/files/home/Keirin-EV-Tool/scraper/data
[02:02:31] >>> 20260821 jo=26 R06
[02:03:13] OK  20260821 jo=26 R06 43s matrix=132 riders=7
[02:03:14] DONE ok=1 fail=0
END 20260821 jo=26 R6 code=0
START 20260821 jo=26 R7
[02:03:16] START dates=['20260821'] jo=26 races=[7] out=/data/data/com.termux/files/home/Keirin-EV-Tool/scraper/data
[02:03:16] >>> 20260821 jo=26 R07
[02:04:01] OK  20260821 jo=26 R07 44s matrix=132 riders=7
[02:04:02] DONE ok=1 fail=0
END 20260821 jo=26 R7 code=0
START 20260821 jo=26 R8
[02:04:03] START dates=['20260821'] jo=26 races=[8] out=/data/data/com.termux/files/home/Keirin-EV-Tool/scraper/data
[02:04:03] >>> 20260821 jo=26 R08
[02:04:47] OK  20260821 jo=26 R08 43s matrix=132 riders=7
[02:04:48] DONE ok=1 fail=0
END 20260821 jo=26 R8 code=0
START 20260821 jo=26 R9
[02:04:50] START dates=['20260821'] jo=26 races=[9] out=/data/data/com.termux/files/home/Keirin-EV-Tool/scraper/data
[02:04:50] >>> 20260821 jo=26 R09
[02:05:40] OK  20260821 jo=26 R09 50s matrix=132 riders=7
[02:05:41] DONE ok=1 fail=0
END 20260821 jo=26 R9 code=0
START 20260821 jo=26 R10
[02:05:43] START dates=['20260821'] jo=26 races=[10] out=/data/data/com.termux/files/home/Keirin-EV-Tool/scraper/data
[02:05:43] >>> 20260821 jo=26 R10
[02:06:24] OK  20260821 jo=26 R10 41s matrix=132 riders=7
[02:06:25] DONE ok=1 fail=0
END 20260821 jo=26 R10 code=0
START 20260821 jo=26 R11
[02:06:27] START dates=['20260821'] jo=26 races=[11] out=/data/data/com.termux/files/home/Keirin-EV-Tool/scraper/data
[02:06:27] >>> 20260821 jo=26 R11
[02:07:10] OK  20260821 jo=26 R11 43s matrix=132 riders=7
[02:07:11] DONE ok=1 fail=0
END 20260821 jo=26 R11 code=0
START 20260821 jo=26 R12
[02:07:13] START dates=['20260821'] jo=26 races=[12] out=/data/data/com.termux/files/home/Keirin-EV-Tool/scraper/data
[02:07:13] >>> 20260821 jo=26 R12
[02:07:58] OK  20260821 jo=26 R12 46s matrix=132 riders=7
[02:07:59] DONE ok=1 fail=0
END 20260821 jo=26 R12 code=0
START 20260821 jo=34 R1
[02:08:02] START dates=['20260821'] jo=34 races=[1] out=/data/data/com.termux/files/home/Keirin-EV-Tool/scraper/data
[02:08:02] >>> 20260821 jo=34 R01
[02:08:40] OK  20260821 jo=34 R01 38s matrix=78 riders=6
[02:08:41] DONE ok=1 fail=0
END 20260821 jo=34 R1 code=0
START 20260821 jo=34 R2
[02:08:43] START dates=['20260821'] jo=34 races=[2] out=/data/data/com.termux/files/home/Keirin-EV-Tool/scraper/data
[02:08:43] >>> 20260821 jo=34 R02
[02:09:23] OK  20260821 jo=34 R02 40s matrix=78 riders=6
[02:09:24] DONE ok=1 fail=0
END 20260821 jo=34 R2 code=0
START 20260821 jo=34 R3
[02:09:26] START dates=['20260821'] jo=34 races=[3] out=/data/data/com.termux/files/home/Keirin-EV-Tool/scraper/data
[02:09:26] >>> 20260821 jo=34 R03
[02:10:03] OK  20260821 jo=34 R03 38s matrix=132 riders=7
[02:10:04] DONE ok=1 fail=0
END 20260821 jo=34 R3 code=0
START 20260821 jo=34 R4
[02:10:06] START dates=['20260821'] jo=34 races=[4] out=/data/data/com.termux/files/home/Keirin-EV-Tool/scraper/data
[02:10:06] >>> 20260821 jo=34 R04
[02:10:50] OK  20260821 jo=34 R04 43s matrix=132 riders=7
[02:10:51] DONE ok=1 fail=0
END 20260821 jo=34 R4 code=0
START 20260821 jo=34 R5
[02:10:53] START dates=['20260821'] jo=34 races=[5] out=/data/data/com.termux/files/home/Keirin-EV-Tool/scraper/data
[02:10:53] >>> 20260821 jo=34 R05
[02:11:32] OK  20260821 jo=34 R05 39s matrix=78 riders=6
[02:11:33] DONE ok=1 fail=0
END 20260821 jo=34 R5 code=0
START 20260821 jo=34 R6
[02:11:35] START dates=['20260821'] jo=34 races=[6] out=/data/data/com.termux/files/home/Keirin-EV-Tool/scraper/data
[02:11:35] >>> 20260821 jo=34 R06
[02:12:18] OK  20260821 jo=34 R06 43s matrix=132 riders=7
[02:12:19] DONE ok=1 fail=0
END 20260821 jo=34 R6 code=0
START 20260821 jo=34 R7
[02:12:21] START dates=['20260821'] jo=34 races=[7] out=/data/data/com.termux/files/home/Keirin-EV-Tool/scraper/data
[02:12:21] >>> 20260821 jo=34 R07
[02:13:03] OK  20260821 jo=34 R07 42s matrix=132 riders=7
[02:13:04] DONE ok=1 fail=0
END 20260821 jo=34 R7 code=0
START 20260821 jo=34 R8
[02:13:06] START dates=['20260821'] jo=34 races=[8] out=/data/data/com.termux/files/home/Keirin-EV-Tool/scraper/data
[02:13:06] >>> 20260821 jo=34 R08
[02:13:45] OK  20260821 jo=34 R08 39s matrix=132 riders=7
[02:13:46] DONE ok=1 fail=0
END 20260821 jo=34 R8 code=0
START 20260821 jo=34 R9
[02:13:48] START dates=['20260821'] jo=34 races=[9] out=/data/data/com.termux/files/home/Keirin-EV-Tool/scraper/data
[02:13:48] >>> 20260821 jo=34 R09
[02:14:32] OK  20260821 jo=34 R09 44s matrix=132 riders=7
[02:14:33] DONE ok=1 fail=0
END 20260821 jo=34 R9 code=0
START 20260821 jo=34 R10
[02:14:35] START dates=['20260821'] jo=34 races=[10] out=/data/data/com.termux/files/home/Keirin-EV-Tool/scraper/data
[02:14:35] >>> 20260821 jo=34 R10
[02:15:19] OK  20260821 jo=34 R10 43s matrix=132 riders=7
[02:15:20] DONE ok=1 fail=0
END 20260821 jo=34 R10 code=0
START 20260821 jo=34 R11
[02:15:22] START dates=['20260821'] jo=34 races=[11] out=/data/data/com.termux/files/home/Keirin-EV-Tool/scraper/data
[02:15:22] >>> 20260821 jo=34 R11
[02:16:04] OK  20260821 jo=34 R11 42s matrix=132 riders=7
[02:16:06] DONE ok=1 fail=0
END 20260821 jo=34 R11 code=0
START 20260821 jo=34 R12
[02:16:08] START dates=['20260821'] jo=34 races=[12] out=/data/data/com.termux/files/home/Keirin-EV-Tool/scraper/data
[02:16:08] >>> 20260821 jo=34 R12
[02:16:54] OK  20260821 jo=34 R12 46s matrix=132 riders=7
[02:16:55] DONE ok=1 fail=0
END 20260821 jo=34 R12 code=0
START 20260821 jo=44 R1
[02:16:57] START dates=['20260821'] jo=44 races=[1] out=/data/data/com.termux/files/home/Keirin-EV-Tool/scraper/data
[02:16:57] >>> 20260821 jo=44 R01
[02:17:35] OK  20260821 jo=44 R01 38s matrix=132 riders=7
[02:17:36] DONE ok=1 fail=0
END 20260821 jo=44 R1 code=0
START 20260821 jo=44 R2
[02:17:38] START dates=['20260821'] jo=44 races=[2] out=/data/data/com.termux/files/home/Keirin-EV-Tool/scraper/data
[02:17:38] >>> 20260821 jo=44 R02
[02:18:15] OK  20260821 jo=44 R02 37s matrix=132 riders=7
[02:18:16] DONE ok=1 fail=0
END 20260821 jo=44 R2 code=0
START 20260821 jo=44 R3
[02:18:18] START dates=['20260821'] jo=44 races=[3] out=/data/data/com.termux/files/home/Keirin-EV-Tool/scraper/data
[02:18:18] >>> 20260821 jo=44 R03
[02:19:02] OK  20260821 jo=44 R03 43s matrix=132 riders=7
[02:19:03] DONE ok=1 fail=0
END 20260821 jo=44 R3 code=0
START 20260821 jo=44 R4
[02:19:05] START dates=['20260821'] jo=44 races=[4] out=/data/data/com.termux/files/home/Keirin-EV-Tool/scraper/data
[02:19:05] >>> 20260821 jo=44 R04
[02:19:46] OK  20260821 jo=44 R04 42s matrix=132 riders=7
[02:19:47] DONE ok=1 fail=0
END 20260821 jo=44 R4 code=0
START 20260821 jo=44 R5
[02:19:49] START dates=['20260821'] jo=44 races=[5] out=/data/data/com.termux/files/home/Keirin-EV-Tool/scraper/data
[02:19:49] >>> 20260821 jo=44 R05
[02:20:28] OK  20260821 jo=44 R05 39s matrix=132 riders=7
[02:20:29] DONE ok=1 fail=0
END 20260821 jo=44 R5 code=0
START 20260821 jo=44 R6
[02:20:31] START dates=['20260821'] jo=44 races=[6] out=/data/data/com.termux/files/home/Keirin-EV-Tool/scraper/data
[02:20:31] >>> 20260821 jo=44 R06
[02:21:15] OK  20260821 jo=44 R06 44s matrix=132 riders=7
[02:21:16] DONE ok=1 fail=0
END 20260821 jo=44 R6 code=0
START 20260821 jo=44 R7
[02:21:18] START dates=['20260821'] jo=44 races=[7] out=/data/data/com.termux/files/home/Keirin-EV-Tool/scraper/data
[02:21:18] >>> 20260821 jo=44 R07
[02:21:54] OK  20260821 jo=44 R07 36s matrix=132 riders=7
[02:21:55] DONE ok=1 fail=0
END 20260821 jo=44 R7 code=0
START 20260821 jo=44 R8
[02:21:57] START dates=['20260821'] jo=44 races=[8] out=/data/data/com.termux/files/home/Keirin-EV-Tool/scraper/data
[02:21:57] >>> 20260821 jo=44 R08
[02:22:41] OK  20260821 jo=44 R08 44s matrix=132 riders=7
[02:22:42] DONE ok=1 fail=0
END 20260821 jo=44 R8 code=0
START 20260821 jo=44 R9
[02:22:44] START dates=['20260821'] jo=44 races=[9] out=/data/data/com.termux/files/home/Keirin-EV-Tool/scraper/data
[02:22:44] >>> 20260821 jo=44 R09
[02:23:24] OK  20260821 jo=44 R09 40s matrix=132 riders=7
[02:23:25] DONE ok=1 fail=0
END 20260821 jo=44 R9 code=0
START 20260821 jo=44 R10
[02:23:27] START dates=['20260821'] jo=44 races=[10] out=/data/data/com.termux/files/home/Keirin-EV-Tool/scraper/data
[02:23:27] >>> 20260821 jo=44 R10
[02:24:04] OK  20260821 jo=44 R10 38s matrix=0 riders=0
[02:24:05] DONE ok=1 fail=0
END 20260821 jo=44 R10 code=0
START 20260821 jo=44 R11
[02:24:07] START dates=['20260821'] jo=44 races=[11] out=/data/data/com.termux/files/home/Keirin-EV-Tool/scraper/data
[02:24:07] >>> 20260821 jo=44 R11
[02:24:50] OK  20260821 jo=44 R11 43s matrix=0 riders=0
[02:24:51] DONE ok=1 fail=0
END 20260821 jo=44 R11 code=0
START 20260821 jo=44 R12
START 20260821 jo=44 R12
[03:03:20] START dates=['20260821'] jo=44 races=[12] out=/data/data/com.termux/files/home/Keirin-EV-Tool/scraper/data
[03:03:20] >>> 20260821 jo=44 R12
[03:04:00] OK  20260821 jo=44 R12 41s matrix=0 riders=0
[03:04:01] DONE ok=1 fail=0
END 20260821 jo=44 R12 code=0
START 20260821 jo=46 R1
[03:04:03] START dates=['20260821'] jo=46 races=[1] out=/data/data/com.termux/files/home/Keirin-EV-Tool/scraper/data
[03:04:03] >>> 20260821 jo=46 R01
[03:04:43] OK  20260821 jo=46 R01 40s matrix=132 riders=7
[03:04:44] DONE ok=1 fail=0
END 20260821 jo=46 R1 code=0
START 20260821 jo=46 R2
[03:04:47] START dates=['20260821'] jo=46 races=[2] out=/data/data/com.termux/files/home/Keirin-EV-Tool/scraper/data
[03:04:47] >>> 20260821 jo=46 R02
[03:05:27] OK  20260821 jo=46 R02 40s matrix=132 riders=7
[03:05:28] DONE ok=1 fail=0
END 20260821 jo=46 R2 code=0
START 20260821 jo=46 R3
[03:05:30] START dates=['20260821'] jo=46 races=[3] out=/data/data/com.termux/files/home/Keirin-EV-Tool/scraper/data
[03:05:30] >>> 20260821 jo=46 R03
[03:06:16] OK  20260821 jo=46 R03 46s matrix=132 riders=7
[03:06:17] DONE ok=1 fail=0
END 20260821 jo=46 R3 code=0
START 20260821 jo=46 R4
[03:06:20] START dates=['20260821'] jo=46 races=[4] out=/data/data/com.termux/files/home/Keirin-EV-Tool/scraper/data
[03:06:20] >>> 20260821 jo=46 R04
[03:06:59] OK  20260821 jo=46 R04 39s matrix=132 riders=7
[03:07:00] DONE ok=1 fail=0
END 20260821 jo=46 R4 code=0
START 20260821 jo=46 R5
[03:07:02] START dates=['20260821'] jo=46 races=[5] out=/data/data/com.termux/files/home/Keirin-EV-Tool/scraper/data
[03:07:02] >>> 20260821 jo=46 R05
[03:07:43] OK  20260821 jo=46 R05 40s matrix=132 riders=7
[03:07:44] DONE ok=1 fail=0
END 20260821 jo=46 R5 code=0
START 20260821 jo=46 R6
[03:07:46] START dates=['20260821'] jo=46 races=[6] out=/data/data/com.termux/files/home/Keirin-EV-Tool/scraper/data
[03:07:46] >>> 20260821 jo=46 R06
[03:08:25] OK  20260821 jo=46 R06 39s matrix=78 riders=6
[03:08:26] DONE ok=1 fail=0
END 20260821 jo=46 R6 code=0
START 20260821 jo=46 R7
[03:08:30] START dates=['20260821'] jo=46 races=[7] out=/data/data/com.termux/files/home/Keirin-EV-Tool/scraper/data
[03:08:30] >>> 20260821 jo=46 R07
[03:09:16] OK  20260821 jo=46 R07 47s matrix=132 riders=7
[03:09:17] DONE ok=1 fail=0
END 20260821 jo=46 R7 code=0
START 20260821 jo=46 R8
[03:09:21] START dates=['20260821'] jo=46 races=[8] out=/data/data/com.termux/files/home/Keirin-EV-Tool/scraper/data
[03:09:21] >>> 20260821 jo=46 R08
[03:10:04] OK  20260821 jo=46 R08 43s matrix=132 riders=7
[03:10:05] DONE ok=1 fail=0
END 20260821 jo=46 R8 code=0
START 20260821 jo=46 R9
[03:10:08] START dates=['20260821'] jo=46 races=[9] out=/data/data/com.termux/files/home/Keirin-EV-Tool/scraper/data
[03:10:08] >>> 20260821 jo=46 R09
[03:10:49] OK  20260821 jo=46 R09 41s matrix=132 riders=7
[03:10:50] DONE ok=1 fail=0
END 20260821 jo=46 R9 code=0
START 20260821 jo=46 R10
[03:10:52] START dates=['20260821'] jo=46 races=[10] out=/data/data/com.termux/files/home/Keirin-EV-Tool/scraper/data
[03:10:52] >>> 20260821 jo=46 R10
[03:11:33] OK  20260821 jo=46 R10 40s matrix=132 riders=7
[03:11:34] DONE ok=1 fail=0
END 20260821 jo=46 R10 code=0
START 20260821 jo=46 R11
[03:11:36] START dates=['20260821'] jo=46 races=[11] out=/data/data/com.termux/files/home/Keirin-EV-Tool/scraper/data
[03:11:36] >>> 20260821 jo=46 R11
[03:12:19] OK  20260821 jo=46 R11 43s matrix=132 riders=7
[03:12:20] DONE ok=1 fail=0
END 20260821 jo=46 R11 code=0
START 20260821 jo=46 R12
[03:12:24] START dates=['20260821'] jo=46 races=[12] out=/data/data/com.termux/files/home/Keirin-EV-Tool/scraper/data
[03:12:24] >>> 20260821 jo=46 R12
[03:13:02] OK  20260821 jo=46 R12 39s matrix=132 riders=7
[03:13:03] DONE ok=1 fail=0
END 20260821 jo=46 R12 code=0
START 20260821 jo=53 R1
[03:13:06] START dates=['20260821'] jo=53 races=[1] out=/data/data/com.termux/files/home/Keirin-EV-Tool/scraper/data
[03:13:06] >>> 20260821 jo=53 R01
[03:13:50] OK  20260821 jo=53 R01 44s matrix=132 riders=7
[03:13:51] DONE ok=1 fail=0
END 20260821 jo=53 R1 code=0
START 20260821 jo=53 R2
[03:13:53] START dates=['20260821'] jo=53 races=[2] out=/data/data/com.termux/files/home/Keirin-EV-Tool/scraper/data
[03:13:53] >>> 20260821 jo=53 R02
[03:14:35] OK  20260821 jo=53 R02 42s matrix=132 riders=7
[03:14:36] DONE ok=1 fail=0
END 20260821 jo=53 R2 code=0
START 20260821 jo=53 R3
[03:14:38] START dates=['20260821'] jo=53 races=[3] out=/data/data/com.termux/files/home/Keirin-EV-Tool/scraper/data
[03:14:38] >>> 20260821 jo=53 R03
[03:15:21] OK  20260821 jo=53 R03 43s matrix=132 riders=7
[03:15:22] DONE ok=1 fail=0
END 20260821 jo=53 R3 code=0
START 20260821 jo=53 R4
[03:15:24] START dates=['20260821'] jo=53 races=[4] out=/data/data/com.termux/files/home/Keirin-EV-Tool/scraper/data
[03:15:24] >>> 20260821 jo=53 R04
[03:16:02] OK  20260821 jo=53 R04 38s matrix=132 riders=7
[03:16:03] DONE ok=1 fail=0
END 20260821 jo=53 R4 code=0
START 20260821 jo=53 R5
[03:16:05] START dates=['20260821'] jo=53 races=[5] out=/data/data/com.termux/files/home/Keirin-EV-Tool/scraper/data
[03:16:05] >>> 20260821 jo=53 R05
[03:16:41] OK  20260821 jo=53 R05 36s matrix=132 riders=7
[03:16:42] DONE ok=1 fail=0
END 20260821 jo=53 R5 code=0
START 20260821 jo=53 R6
[03:16:45] START dates=['20260821'] jo=53 races=[6] out=/data/data/com.termux/files/home/Keirin-EV-Tool/scraper/data
[03:16:45] >>> 20260821 jo=53 R06
[03:17:22] OK  20260821 jo=53 R06 38s matrix=132 riders=7
[03:17:23] DONE ok=1 fail=0
END 20260821 jo=53 R6 code=0
START 20260821 jo=53 R7
[03:17:26] START dates=['20260821'] jo=53 races=[7] out=/data/data/com.termux/files/home/Keirin-EV-Tool/scraper/data
[03:17:26] >>> 20260821 jo=53 R07
[03:18:05] OK  20260821 jo=53 R07 39s matrix=132 riders=7
[03:18:06] DONE ok=1 fail=0
END 20260821 jo=53 R7 code=0
START 20260821 jo=53 R8
[03:18:09] START dates=['20260821'] jo=53 races=[8] out=/data/data/com.termux/files/home/Keirin-EV-Tool/scraper/data
[03:18:09] >>> 20260821 jo=53 R08
[03:18:46] OK  20260821 jo=53 R08 38s matrix=78 riders=7
[03:18:47] DONE ok=1 fail=0
END 20260821 jo=53 R8 code=0
START 20260821 jo=53 R9
[03:18:50] START dates=['20260821'] jo=53 races=[9] out=/data/data/com.termux/files/home/Keirin-EV-Tool/scraper/data
[03:18:50] >>> 20260821 jo=53 R09
[03:19:26] OK  20260821 jo=53 R09 36s matrix=132 riders=7
[03:19:27] DONE ok=1 fail=0
END 20260821 jo=53 R9 code=0
START 20260821 jo=53 R10
[03:19:29] START dates=['20260821'] jo=53 races=[10] out=/data/data/com.termux/files/home/Keirin-EV-Tool/scraper/data
[03:19:29] >>> 20260821 jo=53 R10
[03:20:08] OK  20260821 jo=53 R10 39s matrix=132 riders=7
[03:20:09] DONE ok=1 fail=0
END 20260821 jo=53 R10 code=0
START 20260821 jo=53 R11
[03:20:12] START dates=['20260821'] jo=53 races=[11] out=/data/data/com.termux/files/home/Keirin-EV-Tool/scraper/data
[03:20:12] >>> 20260821 jo=53 R11
[03:20:54] OK  20260821 jo=53 R11 43s matrix=132 riders=7
[03:20:55] DONE ok=1 fail=0
END 20260821 jo=53 R11 code=0
START 20260821 jo=53 R12
[03:20:58] START dates=['20260821'] jo=53 races=[12] out=/data/data/com.termux/files/home/Keirin-EV-Tool/scraper/data
[03:20:58] >>> 20260821 jo=53 R12
[03:21:41] OK  20260821 jo=53 R12 43s matrix=0 riders=0
[03:21:42] DONE ok=1 fail=0
END 20260821 jo=53 R12 code=0
START 20260821 jo=61 R1
[03:21:45] START dates=['20260821'] jo=61 races=[1] out=/data/data/com.termux/files/home/Keirin-EV-Tool/scraper/data
[03:21:45] >>> 20260821 jo=61 R01
[03:22:26] OK  20260821 jo=61 R01 42s matrix=78 riders=6
[03:22:27] DONE ok=1 fail=0
END 20260821 jo=61 R1 code=0
START 20260821 jo=61 R2
[03:22:30] START dates=['20260821'] jo=61 races=[2] out=/data/data/com.termux/files/home/Keirin-EV-Tool/scraper/data
[03:22:30] >>> 20260821 jo=61 R02
[03:23:13] OK  20260821 jo=61 R02 43s matrix=132 riders=7
[03:23:14] DONE ok=1 fail=0
END 20260821 jo=61 R2 code=0
START 20260821 jo=61 R3
[03:23:17] START dates=['20260821'] jo=61 races=[3] out=/data/data/com.termux/files/home/Keirin-EV-Tool/scraper/data
[03:23:17] >>> 20260821 jo=61 R03
[03:23:56] OK  20260821 jo=61 R03 39s matrix=132 riders=7
[03:23:57] DONE ok=1 fail=0
END 20260821 jo=61 R3 code=0
START 20260821 jo=61 R4
[03:24:00] START dates=['20260821'] jo=61 races=[4] out=/data/data/com.termux/files/home/Keirin-EV-Tool/scraper/data
[03:24:00] >>> 20260821 jo=61 R04
[03:24:40] OK  20260821 jo=61 R04 40s matrix=132 riders=7
[03:24:41] DONE ok=1 fail=0
END 20260821 jo=61 R4 code=0
START 20260821 jo=61 R5
[03:24:44] START dates=['20260821'] jo=61 races=[5] out=/data/data/com.termux/files/home/Keirin-EV-Tool/scraper/data
[03:24:44] >>> 20260821 jo=61 R05
[03:25:21] OK  20260821 jo=61 R05 37s matrix=132 riders=7
[03:25:22] DONE ok=1 fail=0
END 20260821 jo=61 R5 code=0
START 20260821 jo=61 R6
[03:25:26] START dates=['20260821'] jo=61 races=[6] out=/data/data/com.termux/files/home/Keirin-EV-Tool/scraper/data
[03:25:26] >>> 20260821 jo=61 R06
[03:26:02] OK  20260821 jo=61 R06 36s matrix=132 riders=7
[03:26:03] DONE ok=1 fail=0
END 20260821 jo=61 R6 code=0
START 20260821 jo=61 R7
[03:26:06] START dates=['20260821'] jo=61 races=[7] out=/data/data/com.termux/files/home/Keirin-EV-Tool/scraper/data
[03:26:06] >>> 20260821 jo=61 R07
[03:26:44] OK  20260821 jo=61 R07 38s matrix=78 riders=6
[03:26:45] DONE ok=1 fail=0
END 20260821 jo=61 R7 code=0
START 20260821 jo=61 R8
[03:26:48] START dates=['20260821'] jo=61 races=[8] out=/data/data/com.termux/files/home/Keirin-EV-Tool/scraper/data
[03:26:48] >>> 20260821 jo=61 R08
[03:27:24] OK  20260821 jo=61 R08 36s matrix=78 riders=6
[03:27:25] DONE ok=1 fail=0
END 20260821 jo=61 R8 code=0
START 20260821 jo=61 R9
[03:27:28] START dates=['20260821'] jo=61 races=[9] out=/data/data/com.termux/files/home/Keirin-EV-Tool/scraper/data
[03:27:28] >>> 20260821 jo=61 R09
[03:28:08] OK  20260821 jo=61 R09 40s matrix=132 riders=7
[03:28:09] DONE ok=1 fail=0
END 20260821 jo=61 R9 code=0
START 20260821 jo=61 R10
[03:28:11] START dates=['20260821'] jo=61 races=[10] out=/data/data/com.termux/files/home/Keirin-EV-Tool/scraper/data
[03:28:11] >>> 20260821 jo=61 R10
[03:28:54] OK  20260821 jo=61 R10 43s matrix=132 riders=7
[03:28:55] DONE ok=1 fail=0
END 20260821 jo=61 R10 code=0
START 20260821 jo=61 R11
[03:28:57] START dates=['20260821'] jo=61 races=[11] out=/data/data/com.termux/files/home/Keirin-EV-Tool/scraper/data
[03:28:57] >>> 20260821 jo=61 R11
[03:29:32] OK  20260821 jo=61 R11 35s matrix=132 riders=7
[03:29:33] DONE ok=1 fail=0
END 20260821 jo=61 R11 code=0
START 20260821 jo=61 R12
[03:29:36] START dates=['20260821'] jo=61 races=[12] out=/data/data/com.termux/files/home/Keirin-EV-Tool/scraper/data
[03:29:36] >>> 20260821 jo=61 R12
[03:30:22] OK  20260821 jo=61 R12 46s matrix=0 riders=0
[03:30:23] DONE ok=1 fail=0
END 20260821 jo=61 R12 code=0
START 20260821 jo=75 R1
[03:30:25] START dates=['20260821'] jo=75 races=[1] out=/data/data/com.termux/files/home/Keirin-EV-Tool/scraper/data
[03:30:25] >>> 20260821 jo=75 R01
[03:31:09] OK  20260821 jo=75 R01 44s matrix=132 riders=7
[03:31:10] DONE ok=1 fail=0
END 20260821 jo=75 R1 code=0
START 20260821 jo=75 R2
[03:31:12] START dates=['20260821'] jo=75 races=[2] out=/data/data/com.termux/files/home/Keirin-EV-Tool/scraper/data
[03:31:12] >>> 20260821 jo=75 R02
[03:31:51] OK  20260821 jo=75 R02 40s matrix=132 riders=7
[03:31:52] DONE ok=1 fail=0
END 20260821 jo=75 R2 code=0
START 20260821 jo=75 R3
[03:31:55] START dates=['20260821'] jo=75 races=[3] out=/data/data/com.termux/files/home/Keirin-EV-Tool/scraper/data
[03:31:55] >>> 20260821 jo=75 R03
[03:32:33] OK  20260821 jo=75 R03 38s matrix=132 riders=7
[03:32:34] DONE ok=1 fail=0
END 20260821 jo=75 R3 code=0
START 20260821 jo=75 R4
[03:32:36] START dates=['20260821'] jo=75 races=[4] out=/data/data/com.termux/files/home/Keirin-EV-Tool/scraper/data
[03:32:36] >>> 20260821 jo=75 R04
[03:33:14] OK  20260821 jo=75 R04 39s matrix=132 riders=7
[03:33:15] DONE ok=1 fail=0
END 20260821 jo=75 R4 code=0
START 20260821 jo=75 R5
[03:33:18] START dates=['20260821'] jo=75 races=[5] out=/data/data/com.termux/files/home/Keirin-EV-Tool/scraper/data
[03:33:18] >>> 20260821 jo=75 R05
[03:33:51] OK  20260821 jo=75 R05 34s matrix=132 riders=7
[03:33:52] DONE ok=1 fail=0
END 20260821 jo=75 R5 code=0
START 20260821 jo=75 R6
[03:33:54] START dates=['20260821'] jo=75 races=[6] out=/data/data/com.termux/files/home/Keirin-EV-Tool/scraper/data
[03:33:54] >>> 20260821 jo=75 R06
[03:34:35] OK  20260821 jo=75 R06 41s matrix=132 riders=7
[03:34:36] DONE ok=1 fail=0
END 20260821 jo=75 R6 code=0
START 20260821 jo=75 R7
[03:34:38] START dates=['20260821'] jo=75 races=[7] out=/data/data/com.termux/files/home/Keirin-EV-Tool/scraper/data
[03:34:38] >>> 20260821 jo=75 R07
[03:35:21] OK  20260821 jo=75 R07 42s matrix=132 riders=7
[03:35:22] DONE ok=1 fail=0
END 20260821 jo=75 R7 code=0
START 20260821 jo=75 R8
[03:35:24] START dates=['20260821'] jo=75 races=[8] out=/data/data/com.termux/files/home/Keirin-EV-Tool/scraper/data
[03:35:24] >>> 20260821 jo=75 R08
[03:36:12] OK  20260821 jo=75 R08 48s matrix=132 riders=7
[03:36:13] DONE ok=1 fail=0
END 20260821 jo=75 R8 code=0
START 20260821 jo=75 R9
[03:36:16] START dates=['20260821'] jo=75 races=[9] out=/data/data/com.termux/files/home/Keirin-EV-Tool/scraper/data
[03:36:16] >>> 20260821 jo=75 R09
[03:36:54] OK  20260821 jo=75 R09 37s matrix=132 riders=7
[03:36:55] DONE ok=1 fail=0
END 20260821 jo=75 R9 code=0
START 20260821 jo=75 R10
[03:36:57] START dates=['20260821'] jo=75 races=[10] out=/data/data/com.termux/files/home/Keirin-EV-Tool/scraper/data
[03:36:57] >>> 20260821 jo=75 R10
[03:37:41] OK  20260821 jo=75 R10 44s matrix=0 riders=0
[03:37:42] DONE ok=1 fail=0
END 20260821 jo=75 R10 code=0
START 20260821 jo=75 R11
[03:37:44] START dates=['20260821'] jo=75 races=[11] out=/data/data/com.termux/files/home/Keirin-EV-Tool/scraper/data
[03:37:44] >>> 20260821 jo=75 R11
[03:38:32] OK  20260821 jo=75 R11 48s matrix=0 riders=0
[03:38:33] DONE ok=1 fail=0
END 20260821 jo=75 R11 code=0
START 20260821 jo=75 R12
[03:38:35] START dates=['20260821'] jo=75 races=[12] out=/data/data/com.termux/files/home/Keirin-EV-Tool/scraper/data
[03:38:35] >>> 20260821 jo=75 R12
[03:39:13] OK  20260821 jo=75 R12 37s matrix=0 riders=0
[03:39:14] DONE ok=1 fail=0
END 20260821 jo=75 R12 code=0
START 20260821 jo=84 R1
[03:39:16] START dates=['20260821'] jo=84 races=[1] out=/data/data/com.termux/files/home/Keirin-EV-Tool/scraper/data
[03:39:16] >>> 20260821 jo=84 R01
[03:40:00] OK  20260821 jo=84 R01 43s matrix=132 riders=7
[03:40:01] DONE ok=1 fail=0
END 20260821 jo=84 R1 code=0
START 20260821 jo=84 R2
[03:40:04] START dates=['20260821'] jo=84 races=[2] out=/data/data/com.termux/files/home/Keirin-EV-Tool/scraper/data
[03:40:04] >>> 20260821 jo=84 R02
[03:40:50] OK  20260821 jo=84 R02 46s matrix=132 riders=7
[03:40:51] DONE ok=1 fail=0
END 20260821 jo=84 R2 code=0
START 20260821 jo=84 R3
[03:40:53] START dates=['20260821'] jo=84 races=[3] out=/data/data/com.termux/files/home/Keirin-EV-Tool/scraper/data
[03:40:53] >>> 20260821 jo=84 R03
[03:41:36] OK  20260821 jo=84 R03 42s matrix=132 riders=7
[03:41:37] DONE ok=1 fail=0
END 20260821 jo=84 R3 code=0
START 20260821 jo=84 R4
[03:41:39] START dates=['20260821'] jo=84 races=[4] out=/data/data/com.termux/files/home/Keirin-EV-Tool/scraper/data
[03:41:39] >>> 20260821 jo=84 R04
[03:42:19] OK  20260821 jo=84 R04 40s matrix=132 riders=7
[03:42:20] DONE ok=1 fail=0
END 20260821 jo=84 R4 code=0
START 20260821 jo=84 R5
[03:42:23] START dates=['20260821'] jo=84 races=[5] out=/data/data/com.termux/files/home/Keirin-EV-Tool/scraper/data
[03:42:23] >>> 20260821 jo=84 R05
[03:43:04] OK  20260821 jo=84 R05 41s matrix=132 riders=7
[03:43:05] DONE ok=1 fail=0
END 20260821 jo=84 R5 code=0
START 20260821 jo=84 R6
[03:43:07] START dates=['20260821'] jo=84 races=[6] out=/data/data/com.termux/files/home/Keirin-EV-Tool/scraper/data
[03:43:07] >>> 20260821 jo=84 R06
[03:43:52] OK  20260821 jo=84 R06 44s matrix=132 riders=7
[03:43:53] DONE ok=1 fail=0
END 20260821 jo=84 R6 code=0
START 20260821 jo=84 R7
[03:43:55] START dates=['20260821'] jo=84 races=[7] out=/data/data/com.termux/files/home/Keirin-EV-Tool/scraper/data
[03:43:55] >>> 20260821 jo=84 R07
[03:44:36] OK  20260821 jo=84 R07 41s matrix=132 riders=7
[03:44:37] DONE ok=1 fail=0
END 20260821 jo=84 R7 code=0
START 20260821 jo=84 R8
[03:44:40] START dates=['20260821'] jo=84 races=[8] out=/data/data/com.termux/files/home/Keirin-EV-Tool/scraper/data
[03:44:40] >>> 20260821 jo=84 R08
[03:45:24] OK  20260821 jo=84 R08 45s matrix=0 riders=0
[03:45:25] DONE ok=1 fail=0
END 20260821 jo=84 R8 code=0
START 20260821 jo=84 R9
[03:45:28] START dates=['20260821'] jo=84 races=[9] out=/data/data/com.termux/files/home/Keirin-EV-Tool/scraper/data
[03:45:28] >>> 20260821 jo=84 R09
[03:46:11] OK  20260821 jo=84 R09 43s matrix=0 riders=0
[03:46:12] DONE ok=1 fail=0
END 20260821 jo=84 R9 code=0
START 20260821 jo=84 R10
[03:46:16] START dates=['20260821'] jo=84 races=[10] out=/data/data/com.termux/files/home/Keirin-EV-Tool/scraper/data
[03:46:16] >>> 20260821 jo=84 R10
[03:47:05] OK  20260821 jo=84 R10 49s matrix=0 riders=0
[03:47:06] DONE ok=1 fail=0
END 20260821 jo=84 R10 code=0
START 20260821 jo=84 R11
[03:47:09] START dates=['20260821'] jo=84 races=[11] out=/data/data/com.termux/files/home/Keirin-EV-Tool/scraper/data
[03:47:09] >>> 20260821 jo=84 R11
[03:47:53] OK  20260821 jo=84 R11 44s matrix=0 riders=0
[03:47:54] DONE ok=1 fail=0
END 20260821 jo=84 R11 code=0
START 20260821 jo=84 R12
[03:47:57] START dates=['20260821'] jo=84 races=[12] out=/data/data/com.termux/files/home/Keirin-EV-Tool/scraper/data
[03:47:57] >>> 20260821 jo=84 R12
[03:48:42] OK  20260821 jo=84 R12 45s matrix=0 riders=0
[03:48:43] DONE ok=1 fail=0
END 20260821 jo=84 R12 code=0
BATCH_DONE
START 20260830 jo=13 R1
[10:05:20] START dates=['20260830'] jo=13 races=[1] out=/data/data/com.termux/files/home/Keirin-EV-Tool/scraper/data
[10:05:20] >>> 20260830 jo=13 R01
[10:06:01] OK  20260830 jo=13 R01 42s matrix=132 riders=7
[10:06:03] DONE ok=1 fail=0
END 20260830 jo=13 R1 code=0
START 20260830 jo=13 R2
[10:06:06] START dates=['20260830'] jo=13 races=[2] out=/data/data/com.termux/files/home/Keirin-EV-Tool/scraper/data
[10:06:06] >>> 20260830 jo=13 R02
[10:06:43] OK  20260830 jo=13 R02 38s matrix=132 riders=7
[10:06:44] DONE ok=1 fail=0
END 20260830 jo=13 R2 code=0
START 20260830 jo=13 R3
[10:06:47] START dates=['20260830'] jo=13 races=[3] out=/data/data/com.termux/files/home/Keirin-EV-Tool/scraper/data
[10:06:47] >>> 20260830 jo=13 R03
[10:07:32] OK  20260830 jo=13 R03 45s matrix=132 riders=7
[10:07:33] DONE ok=1 fail=0
END 20260830 jo=13 R3 code=0
START 20260830 jo=13 R4
[10:07:36] START dates=['20260830'] jo=13 races=[4] out=/data/data/com.termux/files/home/Keirin-EV-Tool/scraper/data
[10:07:36] >>> 20260830 jo=13 R04
[10:08:15] OK  20260830 jo=13 R04 39s matrix=132 riders=7
[10:08:16] DONE ok=1 fail=0
END 20260830 jo=13 R4 code=0
START 20260830 jo=13 R5
[10:08:19] START dates=['20260830'] jo=13 races=[5] out=/data/data/com.termux/files/home/Keirin-EV-Tool/scraper/data
[10:08:19] >>> 20260830 jo=13 R05
[10:09:02] OK  20260830 jo=13 R05 43s matrix=132 riders=7
[10:09:03] DONE ok=1 fail=0
END 20260830 jo=13 R5 code=0
START 20260830 jo=13 R6
[10:09:05] START dates=['20260830'] jo=13 races=[6] out=/data/data/com.termux/files/home/Keirin-EV-Tool/scraper/data
[10:09:05] >>> 20260830 jo=13 R06
[10:09:52] OK  20260830 jo=13 R06 46s matrix=84 riders=7
[10:09:53] DONE ok=1 fail=0
END 20260830 jo=13 R6 code=0
START 20260830 jo=13 R7
[10:09:55] START dates=['20260830'] jo=13 races=[7] out=/data/data/com.termux/files/home/Keirin-EV-Tool/scraper/data
[10:09:55] >>> 20260830 jo=13 R07
[10:10:37] OK  20260830 jo=13 R07 42s matrix=132 riders=7
[10:10:38] DONE ok=1 fail=0
END 20260830 jo=13 R7 code=0
START 20260830 jo=13 R8
[10:10:40] START dates=['20260830'] jo=13 races=[8] out=/data/data/com.termux/files/home/Keirin-EV-Tool/scraper/data
[10:10:40] >>> 20260830 jo=13 R08
[10:11:31] OK  20260830 jo=13 R08 51s matrix=0 riders=0
[10:11:32] DONE ok=1 fail=0
END 20260830 jo=13 R8 code=0
START 20260830 jo=13 R9
[10:11:34] START dates=['20260830'] jo=13 races=[9] out=/data/data/com.termux/files/home/Keirin-EV-Tool/scraper/data
[10:11:34] >>> 20260830 jo=13 R09
[10:12:16] OK  20260830 jo=13 R09 42s matrix=0 riders=0
[10:12:17] DONE ok=1 fail=0
END 20260830 jo=13 R9 code=0
START 20260830 jo=13 R10
[10:12:19] START dates=['20260830'] jo=13 races=[10] out=/data/data/com.termux/files/home/Keirin-EV-Tool/scraper/data
[10:12:19] >>> 20260830 jo=13 R10
[10:13:04] OK  20260830 jo=13 R10 45s matrix=0 riders=0
[10:13:05] DONE ok=1 fail=0
END 20260830 jo=13 R10 code=0
START 20260830 jo=13 R11
[10:13:07] START dates=['20260830'] jo=13 races=[11] out=/data/data/com.termux/files/home/Keirin-EV-Tool/scraper/data
[10:13:07] >>> 20260830 jo=13 R11
[10:13:55] OK  20260830 jo=13 R11 48s matrix=0 riders=0
[10:13:56] DONE ok=1 fail=0
END 20260830 jo=13 R11 code=0
START 20260830 jo=13 R12
[10:13:58] START dates=['20260830'] jo=13 races=[12] out=/data/data/com.termux/files/home/Keirin-EV-Tool/scraper/data
[10:13:58] >>> 20260830 jo=13 R12
[10:14:37] OK  20260830 jo=13 R12 40s matrix=0 riders=0
[10:14:38] DONE ok=1 fail=0
END 20260830 jo=13 R12 code=0
START 20260830 jo=22 R1
[10:14:41] START dates=['20260830'] jo=22 races=[1] out=/data/data/com.termux/files/home/Keirin-EV-Tool/scraper/data
[10:14:41] >>> 20260830 jo=22 R01
[10:15:19] OK  20260830 jo=22 R01 38s matrix=132 riders=7
[10:15:20] DONE ok=1 fail=0
END 20260830 jo=22 R1 code=0
START 20260830 jo=22 R2
[10:15:22] START dates=['20260830'] jo=22 races=[2] out=/data/data/com.termux/files/home/Keirin-EV-Tool/scraper/data
[10:15:22] >>> 20260830 jo=22 R02
[10:16:04] OK  20260830 jo=22 R02 42s matrix=204 riders=8
[10:16:05] DONE ok=1 fail=0
END 20260830 jo=22 R2 code=0
START 20260830 jo=22 R3
[10:16:07] START dates=['20260830'] jo=22 races=[3] out=/data/data/com.termux/files/home/Keirin-EV-Tool/scraper/data
[10:16:07] >>> 20260830 jo=22 R03
[10:16:54] OK  20260830 jo=22 R03 46s matrix=204 riders=8
[10:16:55] DONE ok=1 fail=0
END 20260830 jo=22 R3 code=0
START 20260830 jo=22 R4
[10:16:57] START dates=['20260830'] jo=22 races=[4] out=/data/data/com.termux/files/home/Keirin-EV-Tool/scraper/data
[10:16:57] >>> 20260830 jo=22 R04
[10:17:40] OK  20260830 jo=22 R04 43s matrix=300 riders=9
[10:17:41] DONE ok=1 fail=0
END 20260830 jo=22 R4 code=0
START 20260830 jo=22 R5
[10:17:43] START dates=['20260830'] jo=22 races=[5] out=/data/data/com.termux/files/home/Keirin-EV-Tool/scraper/data
[10:17:43] >>> 20260830 jo=22 R05
[10:18:26] OK  20260830 jo=22 R05 43s matrix=300 riders=9
[10:18:27] DONE ok=1 fail=0
END 20260830 jo=22 R5 code=0
START 20260830 jo=22 R6
[10:18:29] START dates=['20260830'] jo=22 races=[6] out=/data/data/com.termux/files/home/Keirin-EV-Tool/scraper/data
[10:18:29] >>> 20260830 jo=22 R06
[10:19:19] OK  20260830 jo=22 R06 50s matrix=300 riders=9
[10:19:20] DONE ok=1 fail=0
END 20260830 jo=22 R6 code=0
START 20260830 jo=22 R7
[10:19:22] START dates=['20260830'] jo=22 races=[7] out=/data/data/com.termux/files/home/Keirin-EV-Tool/scraper/data
[10:19:22] >>> 20260830 jo=22 R07
[10:20:06] OK  20260830 jo=22 R07 44s matrix=300 riders=9
[10:20:07] DONE ok=1 fail=0
END 20260830 jo=22 R7 code=0
START 20260830 jo=22 R8
[10:20:09] START dates=['20260830'] jo=22 races=[8] out=/data/data/com.termux/files/home/Keirin-EV-Tool/scraper/data
[10:20:09] >>> 20260830 jo=22 R08
[10:20:58] OK  20260830 jo=22 R08 49s matrix=300 riders=9
[10:20:59] DONE ok=1 fail=0
END 20260830 jo=22 R8 code=0
START 20260830 jo=22 R9
[10:21:01] START dates=['20260830'] jo=22 races=[9] out=/data/data/com.termux/files/home/Keirin-EV-Tool/scraper/data
[10:21:01] >>> 20260830 jo=22 R09
[10:21:47] OK  20260830 jo=22 R09 46s matrix=300 riders=9
[10:21:48] DONE ok=1 fail=0
END 20260830 jo=22 R9 code=0
START 20260830 jo=22 R10
[10:21:50] START dates=['20260830'] jo=22 races=[10] out=/data/data/com.termux/files/home/Keirin-EV-Tool/scraper/data
[10:21:50] >>> 20260830 jo=22 R10
[10:22:33] OK  20260830 jo=22 R10 43s matrix=300 riders=9
[10:22:34] DONE ok=1 fail=0
END 20260830 jo=22 R10 code=0
START 20260830 jo=22 R11
[10:22:36] START dates=['20260830'] jo=22 races=[11] out=/data/data/com.termux/files/home/Keirin-EV-Tool/scraper/data
[10:22:36] >>> 20260830 jo=22 R11
[10:23:21] OK  20260830 jo=22 R11 45s matrix=300 riders=9
[10:23:22] DONE ok=1 fail=0
END 20260830 jo=22 R11 code=0
START 20260830 jo=22 R12
[10:23:24] START dates=['20260830'] jo=22 races=[12] out=/data/data/com.termux/files/home/Keirin-EV-Tool/scraper/data
[10:23:24] >>> 20260830 jo=22 R12
[10:24:13] OK  20260830 jo=22 R12 49s matrix=300 riders=9
[10:24:14] DONE ok=1 fail=0
END 20260830 jo=22 R12 code=0
START 20260830 jo=34 R1
[10:24:16] START dates=['20260830'] jo=34 races=[1] out=/data/data/com.termux/files/home/Keirin-EV-Tool/scraper/data
[10:24:16] >>> 20260830 jo=34 R01
[10:24:54] OK  20260830 jo=34 R01 38s matrix=132 riders=7
[10:24:55] DONE ok=1 fail=0
END 20260830 jo=34 R1 code=0
START 20260830 jo=34 R2
[10:24:57] START dates=['20260830'] jo=34 races=[2] out=/data/data/com.termux/files/home/Keirin-EV-Tool/scraper/data
[10:24:57] >>> 20260830 jo=34 R02
[10:25:44] OK  20260830 jo=34 R02 46s matrix=132 riders=7
[10:25:45] DONE ok=1 fail=0
END 20260830 jo=34 R2 code=0
START 20260830 jo=34 R3
[10:25:47] START dates=['20260830'] jo=34 races=[3] out=/data/data/com.termux/files/home/Keirin-EV-Tool/scraper/data
[10:25:47] >>> 20260830 jo=34 R03
[10:26:29] OK  20260830 jo=34 R03 42s matrix=132 riders=7
[10:26:30] DONE ok=1 fail=0
END 20260830 jo=34 R3 code=0
START 20260830 jo=34 R4
[10:26:32] START dates=['20260830'] jo=34 races=[4] out=/data/data/com.termux/files/home/Keirin-EV-Tool/scraper/data
[10:26:32] >>> 20260830 jo=34 R04
[10:27:14] OK  20260830 jo=34 R04 42s matrix=132 riders=7
[10:27:15] DONE ok=1 fail=0
END 20260830 jo=34 R4 code=0
START 20260830 jo=34 R5
START 20260830 jo=34 R5
[10:28:08] START dates=['20260830'] jo=34 races=[5] out=/data/data/com.termux/files/home/Keirin-EV-Tool/scraper/data
[10:28:08] >>> 20260830 jo=34 R05
[10:28:48] OK  20260830 jo=34 R05 39s matrix=132 riders=7
[10:28:49] DONE ok=1 fail=0
END 20260830 jo=34 R5 code=0
START 20260830 jo=34 R6
[10:28:51] START dates=['20260830'] jo=34 races=[6] out=/data/data/com.termux/files/home/Keirin-EV-Tool/scraper/data
[10:28:51] >>> 20260830 jo=34 R06
[10:29:28] OK  20260830 jo=34 R06 37s matrix=132 riders=7
[10:29:29] DONE ok=1 fail=0
END 20260830 jo=34 R6 code=0
START 20260830 jo=34 R7
[10:29:31] START dates=['20260830'] jo=34 races=[7] out=/data/data/com.termux/files/home/Keirin-EV-Tool/scraper/data
[10:29:31] >>> 20260830 jo=34 R07
[10:30:10] OK  20260830 jo=34 R07 40s matrix=132 riders=7
[10:30:11] DONE ok=1 fail=0
END 20260830 jo=34 R7 code=0
START 20260830 jo=34 R8
[10:30:14] START dates=['20260830'] jo=34 races=[8] out=/data/data/com.termux/files/home/Keirin-EV-Tool/scraper/data
[10:30:14] >>> 20260830 jo=34 R08
[10:30:52] OK  20260830 jo=34 R08 38s matrix=132 riders=7
[10:30:53] DONE ok=1 fail=0
END 20260830 jo=34 R8 code=0
START 20260830 jo=34 R9
[10:30:55] START dates=['20260830'] jo=34 races=[9] out=/data/data/com.termux/files/home/Keirin-EV-Tool/scraper/data
[10:30:55] >>> 20260830 jo=34 R09
[10:31:38] OK  20260830 jo=34 R09 44s matrix=132 riders=7
[10:31:39] DONE ok=1 fail=0
END 20260830 jo=34 R9 code=0
START 20260830 jo=34 R10
[10:31:42] START dates=['20260830'] jo=34 races=[10] out=/data/data/com.termux/files/home/Keirin-EV-Tool/scraper/data
[10:31:42] >>> 20260830 jo=34 R10
[10:32:27] OK  20260830 jo=34 R10 45s matrix=132 riders=7
[10:32:29] DONE ok=1 fail=0
END 20260830 jo=34 R10 code=0
START 20260830 jo=34 R11
[10:32:31] START dates=['20260830'] jo=34 races=[11] out=/data/data/com.termux/files/home/Keirin-EV-Tool/scraper/data
[10:32:31] >>> 20260830 jo=34 R11
[10:33:14] OK  20260830 jo=34 R11 43s matrix=132 riders=7
[10:33:15] DONE ok=1 fail=0
END 20260830 jo=34 R11 code=0
START 20260830 jo=34 R12
[10:33:17] START dates=['20260830'] jo=34 races=[12] out=/data/data/com.termux/files/home/Keirin-EV-Tool/scraper/data
[10:33:17] >>> 20260830 jo=34 R12
[10:34:01] OK  20260830 jo=34 R12 44s matrix=132 riders=7
[10:34:02] DONE ok=1 fail=0
END 20260830 jo=34 R12 code=0
START 20260830 jo=38 R1
[10:34:04] START dates=['20260830'] jo=38 races=[1] out=/data/data/com.termux/files/home/Keirin-EV-Tool/scraper/data
[10:34:04] >>> 20260830 jo=38 R01
[10:34:45] OK  20260830 jo=38 R01 41s matrix=132 riders=7
[10:34:46] DONE ok=1 fail=0
END 20260830 jo=38 R1 code=0
START 20260830 jo=38 R2
[10:34:48] START dates=['20260830'] jo=38 races=[2] out=/data/data/com.termux/files/home/Keirin-EV-Tool/scraper/data
[10:34:48] >>> 20260830 jo=38 R02
[10:35:30] OK  20260830 jo=38 R02 42s matrix=132 riders=7
[10:35:31] DONE ok=1 fail=0
END 20260830 jo=38 R2 code=0
START 20260830 jo=38 R3
START 20260830 jo=38 R3
[10:36:12] START dates=['20260830'] jo=38 races=[3] out=/data/data/com.termux/files/home/Keirin-EV-Tool/scraper/data
[10:36:12] >>> 20260830 jo=38 R03
[10:36:53] OK  20260830 jo=38 R03 41s matrix=132 riders=7
[10:36:54] DONE ok=1 fail=0
END 20260830 jo=38 R3 code=0
START 20260830 jo=38 R4
[10:36:57] START dates=['20260830'] jo=38 races=[4] out=/data/data/com.termux/files/home/Keirin-EV-Tool/scraper/data
[10:36:57] >>> 20260830 jo=38 R04
[10:37:36] OK  20260830 jo=38 R04 40s matrix=132 riders=7
[10:37:38] DONE ok=1 fail=0
END 20260830 jo=38 R4 code=0
START 20260830 jo=38 R5
[10:37:40] START dates=['20260830'] jo=38 races=[5] out=/data/data/com.termux/files/home/Keirin-EV-Tool/scraper/data
[10:37:40] >>> 20260830 jo=38 R05
[10:38:16] OK  20260830 jo=38 R05 36s matrix=132 riders=7
[10:38:17] DONE ok=1 fail=0
END 20260830 jo=38 R5 code=0
START 20260830 jo=38 R6
[10:38:19] START dates=['20260830'] jo=38 races=[6] out=/data/data/com.termux/files/home/Keirin-EV-Tool/scraper/data
[10:38:19] >>> 20260830 jo=38 R06
[10:39:01] OK  20260830 jo=38 R06 41s matrix=132 riders=7
[10:39:02] DONE ok=1 fail=0
END 20260830 jo=38 R6 code=0
START 20260830 jo=38 R7
[10:39:04] START dates=['20260830'] jo=38 races=[7] out=/data/data/com.termux/files/home/Keirin-EV-Tool/scraper/data
[10:39:04] >>> 20260830 jo=38 R07
[10:39:47] OK  20260830 jo=38 R07 43s matrix=132 riders=7
[10:39:48] DONE ok=1 fail=0
END 20260830 jo=38 R7 code=0
START 20260830 jo=38 R8
[10:39:50] START dates=['20260830'] jo=38 races=[8] out=/data/data/com.termux/files/home/Keirin-EV-Tool/scraper/data
[10:39:50] >>> 20260830 jo=38 R08
[10:40:33] OK  20260830 jo=38 R08 44s matrix=0 riders=0
[10:40:34] DONE ok=1 fail=0
END 20260830 jo=38 R8 code=0
START 20260830 jo=38 R9
[10:40:37] START dates=['20260830'] jo=38 races=[9] out=/data/data/com.termux/files/home/Keirin-EV-Tool/scraper/data
[10:40:37] >>> 20260830 jo=38 R09
[10:41:28] OK  20260830 jo=38 R09 52s matrix=0 riders=0
[10:41:29] DONE ok=1 fail=0
END 20260830 jo=38 R9 code=0
START 20260830 jo=38 R10
[10:41:31] START dates=['20260830'] jo=38 races=[10] out=/data/data/com.termux/files/home/Keirin-EV-Tool/scraper/data
[10:41:31] >>> 20260830 jo=38 R10
[10:42:15] OK  20260830 jo=38 R10 44s matrix=0 riders=0
[10:42:16] DONE ok=1 fail=0
END 20260830 jo=38 R10 code=0
START 20260830 jo=38 R11
[10:42:19] START dates=['20260830'] jo=38 races=[11] out=/data/data/com.termux/files/home/Keirin-EV-Tool/scraper/data
[10:42:19] >>> 20260830 jo=38 R11
[10:43:02] OK  20260830 jo=38 R11 43s matrix=0 riders=0
[10:43:03] DONE ok=1 fail=0
END 20260830 jo=38 R11 code=0
START 20260830 jo=38 R12
[10:43:05] START dates=['20260830'] jo=38 races=[12] out=/data/data/com.termux/files/home/Keirin-EV-Tool/scraper/data
[10:43:05] >>> 20260830 jo=38 R12
[10:43:51] OK  20260830 jo=38 R12 46s matrix=0 riders=0
[10:43:52] DONE ok=1 fail=0
END 20260830 jo=38 R12 code=0
START 20260830 jo=43 R1
[10:43:54] START dates=['20260830'] jo=43 races=[1] out=/data/data/com.termux/files/home/Keirin-EV-Tool/scraper/data
[10:43:54] >>> 20260830 jo=43 R01
[10:44:35] OK  20260830 jo=43 R01 41s matrix=132 riders=7
[10:44:36] DONE ok=1 fail=0
END 20260830 jo=43 R1 code=0
START 20260830 jo=43 R2
[10:44:38] START dates=['20260830'] jo=43 races=[2] out=/data/data/com.termux/files/home/Keirin-EV-Tool/scraper/data
[10:44:38] >>> 20260830 jo=43 R02
[10:45:20] OK  20260830 jo=43 R02 42s matrix=132 riders=7
[10:45:21] DONE ok=1 fail=0
END 20260830 jo=43 R2 code=0
START 20260830 jo=43 R3
START 20260820 jo=21 R1
[10:45:59] START dates=['20260820'] jo=21 races=[1] out=/data/data/com.termux/files/home/Keirin-EV-Tool/scraper/data
[10:45:59] >>> 20260820 jo=21 R01
[10:46:44] OK  20260820 jo=21 R01 45s matrix=132 riders=7
[10:46:45] DONE ok=1 fail=0
END 20260820 jo=21 R1 code=0
START 20260820 jo=21 R2
[10:46:47] START dates=['20260820'] jo=21 races=[2] out=/data/data/com.termux/files/home/Keirin-EV-Tool/scraper/data
[10:46:47] >>> 20260820 jo=21 R02
[10:47:28] OK  20260820 jo=21 R02 41s matrix=132 riders=7
[10:47:29] DONE ok=1 fail=0
END 20260820 jo=21 R2 code=0
START 20260820 jo=21 R3
[10:47:31] START dates=['20260820'] jo=21 races=[3] out=/data/data/com.termux/files/home/Keirin-EV-Tool/scraper/data
[10:47:31] >>> 20260820 jo=21 R03
[10:48:08] OK  20260820 jo=21 R03 36s matrix=132 riders=7
[10:48:09] DONE ok=1 fail=0
END 20260820 jo=21 R3 code=0
START 20260820 jo=21 R4
[10:48:11] START dates=['20260820'] jo=21 races=[4] out=/data/data/com.termux/files/home/Keirin-EV-Tool/scraper/data
[10:48:11] >>> 20260820 jo=21 R04
[10:48:54] OK  20260820 jo=21 R04 43s matrix=132 riders=7
[10:48:55] DONE ok=1 fail=0
END 20260820 jo=21 R4 code=0
START 20260820 jo=21 R5
[10:48:57] START dates=['20260820'] jo=21 races=[5] out=/data/data/com.termux/files/home/Keirin-EV-Tool/scraper/data
[10:48:57] >>> 20260820 jo=21 R05
[10:49:30] OK  20260820 jo=21 R05 33s matrix=132 riders=7
[10:49:31] DONE ok=1 fail=0
END 20260820 jo=21 R5 code=0
START 20260820 jo=21 R6
[10:49:33] START dates=['20260820'] jo=21 races=[6] out=/data/data/com.termux/files/home/Keirin-EV-Tool/scraper/data
[10:49:34] >>> 20260820 jo=21 R06
[10:50:19] OK  20260820 jo=21 R06 46s matrix=132 riders=7
[10:50:20] DONE ok=1 fail=0
END 20260820 jo=21 R6 code=0
START 20260820 jo=21 R7
[10:50:22] START dates=['20260820'] jo=21 races=[7] out=/data/data/com.termux/files/home/Keirin-EV-Tool/scraper/data
[10:50:22] >>> 20260820 jo=21 R07
[10:50:59] OK  20260820 jo=21 R07 37s matrix=132 riders=7
[10:51:00] DONE ok=1 fail=0
END 20260820 jo=21 R7 code=0
START 20260820 jo=21 R8
[10:51:02] START dates=['20260820'] jo=21 races=[8] out=/data/data/com.termux/files/home/Keirin-EV-Tool/scraper/data
[10:51:02] >>> 20260820 jo=21 R08
[10:51:44] OK  20260820 jo=21 R08 42s matrix=132 riders=7
[10:51:45] DONE ok=1 fail=0
END 20260820 jo=21 R8 code=0
START 20260820 jo=21 R9
[10:51:48] START dates=['20260820'] jo=21 races=[9] out=/data/data/com.termux/files/home/Keirin-EV-Tool/scraper/data
[10:51:48] >>> 20260820 jo=21 R09
[10:52:31] OK  20260820 jo=21 R09 43s matrix=132 riders=7
[10:52:32] DONE ok=1 fail=0
END 20260820 jo=21 R9 code=0
START 20260820 jo=21 R10
[10:52:34] START dates=['20260820'] jo=21 races=[10] out=/data/data/com.termux/files/home/Keirin-EV-Tool/scraper/data
[10:52:34] >>> 20260820 jo=21 R10
[10:53:24] OK  20260820 jo=21 R10 50s matrix=0 riders=0
[10:53:25] DONE ok=1 fail=0
END 20260820 jo=21 R10 code=0
START 20260820 jo=21 R11
[10:53:27] START dates=['20260820'] jo=21 races=[11] out=/data/data/com.termux/files/home/Keirin-EV-Tool/scraper/data
[10:53:27] >>> 20260820 jo=21 R11
[10:54:14] OK  20260820 jo=21 R11 47s matrix=0 riders=0
[10:54:15] DONE ok=1 fail=0
END 20260820 jo=21 R11 code=0
START 20260820 jo=21 R12
[10:54:18] START dates=['20260820'] jo=21 races=[12] out=/data/data/com.termux/files/home/Keirin-EV-Tool/scraper/data
[10:54:18] >>> 20260820 jo=21 R12
[10:54:59] OK  20260820 jo=21 R12 41s matrix=0 riders=0
[10:55:00] DONE ok=1 fail=0
END 20260820 jo=21 R12 code=0
START 20260820 jo=34 R1
[10:55:02] START dates=['20260820'] jo=34 races=[1] out=/data/data/com.termux/files/home/Keirin-EV-Tool/scraper/data
[10:55:02] >>> 20260820 jo=34 R01
[10:55:43] OK  20260820 jo=34 R01 41s matrix=132 riders=7
[10:55:44] DONE ok=1 fail=0
END 20260820 jo=34 R1 code=0
START 20260820 jo=34 R2
[10:55:46] START dates=['20260820'] jo=34 races=[2] out=/data/data/com.termux/files/home/Keirin-EV-Tool/scraper/data
[10:55:46] >>> 20260820 jo=34 R02
[10:56:26] OK  20260820 jo=34 R02 40s matrix=132 riders=7
[10:56:27] DONE ok=1 fail=0
END 20260820 jo=34 R2 code=0
START 20260820 jo=34 R3
[10:56:29] START dates=['20260820'] jo=34 races=[3] out=/data/data/com.termux/files/home/Keirin-EV-Tool/scraper/data
[10:56:29] >>> 20260820 jo=34 R03
[10:57:09] OK  20260820 jo=34 R03 40s matrix=132 riders=7
[10:57:10] DONE ok=1 fail=0
END 20260820 jo=34 R3 code=0
START 20260820 jo=34 R4
[10:57:12] START dates=['20260820'] jo=34 races=[4] out=/data/data/com.termux/files/home/Keirin-EV-Tool/scraper/data
[10:57:12] >>> 20260820 jo=34 R04
[10:57:49] OK  20260820 jo=34 R04 36s matrix=132 riders=7
[10:57:50] DONE ok=1 fail=0
END 20260820 jo=34 R4 code=0
START 20260820 jo=34 R5
[10:57:52] START dates=['20260820'] jo=34 races=[5] out=/data/data/com.termux/files/home/Keirin-EV-Tool/scraper/data
[10:57:52] >>> 20260820 jo=34 R05
[10:58:34] OK  20260820 jo=34 R05 42s matrix=132 riders=7
[10:58:35] DONE ok=1 fail=0
END 20260820 jo=34 R5 code=0
START 20260820 jo=34 R6
[10:58:37] START dates=['20260820'] jo=34 races=[6] out=/data/data/com.termux/files/home/Keirin-EV-Tool/scraper/data
[10:58:37] >>> 20260820 jo=34 R06
[10:59:17] OK  20260820 jo=34 R06 40s matrix=132 riders=7
[10:59:18] DONE ok=1 fail=0
END 20260820 jo=34 R6 code=0
START 20260820 jo=34 R7
[10:59:20] START dates=['20260820'] jo=34 races=[7] out=/data/data/com.termux/files/home/Keirin-EV-Tool/scraper/data
[10:59:20] >>> 20260820 jo=34 R07
[11:00:00] OK  20260820 jo=34 R07 40s matrix=132 riders=7
[11:00:01] DONE ok=1 fail=0
END 20260820 jo=34 R7 code=0
START 20260820 jo=34 R8
[11:00:03] START dates=['20260820'] jo=34 races=[8] out=/data/data/com.termux/files/home/Keirin-EV-Tool/scraper/data
[11:00:03] >>> 20260820 jo=34 R08
[11:00:45] OK  20260820 jo=34 R08 42s matrix=132 riders=7
[11:00:46] DONE ok=1 fail=0
END 20260820 jo=34 R8 code=0
START 20260820 jo=34 R9
[11:00:49] START dates=['20260820'] jo=34 races=[9] out=/data/data/com.termux/files/home/Keirin-EV-Tool/scraper/data
[11:00:49] >>> 20260820 jo=34 R09
[11:01:32] OK  20260820 jo=34 R09 44s matrix=132 riders=7
[11:01:33] DONE ok=1 fail=0
END 20260820 jo=34 R9 code=0
START 20260820 jo=34 R10
[11:01:36] START dates=['20260820'] jo=34 races=[10] out=/data/data/com.termux/files/home/Keirin-EV-Tool/scraper/data
[11:01:36] >>> 20260820 jo=34 R10
[11:02:17] OK  20260820 jo=34 R10 42s matrix=132 riders=7
[11:02:18] DONE ok=1 fail=0
END 20260820 jo=34 R10 code=0
START 20260820 jo=34 R11
[11:02:21] START dates=['20260820'] jo=34 races=[11] out=/data/data/com.termux/files/home/Keirin-EV-Tool/scraper/data
[11:02:21] >>> 20260820 jo=34 R11
[11:03:03] OK  20260820 jo=34 R11 42s matrix=132 riders=7
[11:03:04] DONE ok=1 fail=0
END 20260820 jo=34 R11 code=0
START 20260820 jo=34 R12
[11:03:06] START dates=['20260820'] jo=34 races=[12] out=/data/data/com.termux/files/home/Keirin-EV-Tool/scraper/data
[11:03:06] >>> 20260820 jo=34 R12
[11:03:48] OK  20260820 jo=34 R12 42s matrix=132 riders=7
[11:03:49] DONE ok=1 fail=0
END 20260820 jo=34 R12 code=0
START 20260820 jo=45 R1
[11:03:51] START dates=['20260820'] jo=45 races=[1] out=/data/data/com.termux/files/home/Keirin-EV-Tool/scraper/data
[11:03:51] >>> 20260820 jo=45 R01
[11:04:29] OK  20260820 jo=45 R01 38s matrix=78 riders=6
[11:04:30] DONE ok=1 fail=0
END 20260820 jo=45 R1 code=0
START 20260820 jo=45 R2
[11:04:32] START dates=['20260820'] jo=45 races=[2] out=/data/data/com.termux/files/home/Keirin-EV-Tool/scraper/data
[11:04:32] >>> 20260820 jo=45 R02
[11:05:09] OK  20260820 jo=45 R02 37s matrix=78 riders=6
[11:05:10] DONE ok=1 fail=0
END 20260820 jo=45 R2 code=0
START 20260820 jo=45 R3
[11:05:13] START dates=['20260820'] jo=45 races=[3] out=/data/data/com.termux/files/home/Keirin-EV-Tool/scraper/data
[11:05:13] >>> 20260820 jo=45 R03
[11:05:51] OK  20260820 jo=45 R03 38s matrix=78 riders=6
[11:05:52] DONE ok=1 fail=0
END 20260820 jo=45 R3 code=0
START 20260820 jo=45 R4
[11:05:54] START dates=['20260820'] jo=45 races=[4] out=/data/data/com.termux/files/home/Keirin-EV-Tool/scraper/data
[11:05:54] >>> 20260820 jo=45 R04
[11:06:34] OK  20260820 jo=45 R04 40s matrix=132 riders=7
[11:06:35] DONE ok=1 fail=0
END 20260820 jo=45 R4 code=0
START 20260820 jo=45 R5
[11:06:37] START dates=['20260820'] jo=45 races=[5] out=/data/data/com.termux/files/home/Keirin-EV-Tool/scraper/data
[11:06:37] >>> 20260820 jo=45 R05
[11:07:15] OK  20260820 jo=45 R05 38s matrix=132 riders=7
[11:07:16] DONE ok=1 fail=0
END 20260820 jo=45 R5 code=0
START 20260820 jo=45 R6
[11:07:18] START dates=['20260820'] jo=45 races=[6] out=/data/data/com.termux/files/home/Keirin-EV-Tool/scraper/data
[11:07:18] >>> 20260820 jo=45 R06
[11:07:59] OK  20260820 jo=45 R06 41s matrix=132 riders=7
[11:08:00] DONE ok=1 fail=0
END 20260820 jo=45 R6 code=0
START 20260820 jo=45 R7
[11:08:02] START dates=['20260820'] jo=45 races=[7] out=/data/data/com.termux/files/home/Keirin-EV-Tool/scraper/data
[11:08:02] >>> 20260820 jo=45 R07
[11:08:42] OK  20260820 jo=45 R07 40s matrix=132 riders=7
[11:08:43] DONE ok=1 fail=0
END 20260820 jo=45 R7 code=0
START 20260820 jo=45 R8
[11:08:45] START dates=['20260820'] jo=45 races=[8] out=/data/data/com.termux/files/home/Keirin-EV-Tool/scraper/data
[11:08:45] >>> 20260820 jo=45 R08
[11:09:29] OK  20260820 jo=45 R08 44s matrix=0 riders=0
[11:09:30] DONE ok=1 fail=0
END 20260820 jo=45 R8 code=0
START 20260820 jo=45 R9
[11:09:33] START dates=['20260820'] jo=45 races=[9] out=/data/data/com.termux/files/home/Keirin-EV-Tool/scraper/data
[11:09:33] >>> 20260820 jo=45 R09
[11:10:19] OK  20260820 jo=45 R09 46s matrix=0 riders=0
[11:10:20] DONE ok=1 fail=0
END 20260820 jo=45 R9 code=0
START 20260820 jo=45 R10
[11:10:22] START dates=['20260820'] jo=45 races=[10] out=/data/data/com.termux/files/home/Keirin-EV-Tool/scraper/data
[11:10:22] >>> 20260820 jo=45 R10
[11:11:06] OK  20260820 jo=45 R10 44s matrix=0 riders=0
[11:11:07] DONE ok=1 fail=0
END 20260820 jo=45 R10 code=0
START 20260820 jo=45 R11
[11:11:09] START dates=['20260820'] jo=45 races=[11] out=/data/data/com.termux/files/home/Keirin-EV-Tool/scraper/data
[11:11:09] >>> 20260820 jo=45 R11
[11:11:48] OK  20260820 jo=45 R11 38s matrix=0 riders=0
[11:11:49] DONE ok=1 fail=0
END 20260820 jo=45 R11 code=0
START 20260820 jo=45 R12
[11:11:51] START dates=['20260820'] jo=45 races=[12] out=/data/data/com.termux/files/home/Keirin-EV-Tool/scraper/data
[11:11:51] >>> 20260820 jo=45 R12
[11:12:33] OK  20260820 jo=45 R12 43s matrix=0 riders=0
[11:12:34] DONE ok=1 fail=0
END 20260820 jo=45 R12 code=0
START 20260820 jo=46 R1
[11:12:36] START dates=['20260820'] jo=46 races=[1] out=/data/data/com.termux/files/home/Keirin-EV-Tool/scraper/data
[11:12:36] >>> 20260820 jo=46 R01
[11:13:12] OK  20260820 jo=46 R01 36s matrix=132 riders=7
[11:13:13] DONE ok=1 fail=0
END 20260820 jo=46 R1 code=0
START 20260820 jo=46 R2
[11:13:15] START dates=['20260820'] jo=46 races=[2] out=/data/data/com.termux/files/home/Keirin-EV-Tool/scraper/data
[11:13:15] >>> 20260820 jo=46 R02
[11:13:57] OK  20260820 jo=46 R02 42s matrix=132 riders=7
[11:13:58] DONE ok=1 fail=0
END 20260820 jo=46 R2 code=0
START 20260820 jo=46 R3
[11:14:01] START dates=['20260820'] jo=46 races=[3] out=/data/data/com.termux/files/home/Keirin-EV-Tool/scraper/data
[11:14:01] >>> 20260820 jo=46 R03
[11:14:41] OK  20260820 jo=46 R03 40s matrix=132 riders=7
[11:14:42] DONE ok=1 fail=0
END 20260820 jo=46 R3 code=0
START 20260820 jo=46 R4
[11:14:45] START dates=['20260820'] jo=46 races=[4] out=/data/data/com.termux/files/home/Keirin-EV-Tool/scraper/data
[11:14:45] >>> 20260820 jo=46 R04
[11:15:27] OK  20260820 jo=46 R04 42s matrix=132 riders=7
[11:15:28] DONE ok=1 fail=0
END 20260820 jo=46 R4 code=0
START 20260820 jo=46 R5
[11:15:30] START dates=['20260820'] jo=46 races=[5] out=/data/data/com.termux/files/home/Keirin-EV-Tool/scraper/data
[11:15:30] >>> 20260820 jo=46 R05
[11:16:14] OK  20260820 jo=46 R05 44s matrix=132 riders=7
[11:16:15] DONE ok=1 fail=0
END 20260820 jo=46 R5 code=0
START 20260820 jo=46 R6
[11:16:18] START dates=['20260820'] jo=46 races=[6] out=/data/data/com.termux/files/home/Keirin-EV-Tool/scraper/data
[11:16:18] >>> 20260820 jo=46 R06
[11:16:54] OK  20260820 jo=46 R06 36s matrix=132 riders=7
[11:16:55] DONE ok=1 fail=0
END 20260820 jo=46 R6 code=0
START 20260820 jo=46 R7
[11:16:57] START dates=['20260820'] jo=46 races=[7] out=/data/data/com.termux/files/home/Keirin-EV-Tool/scraper/data
[11:16:57] >>> 20260820 jo=46 R07
[11:17:37] OK  20260820 jo=46 R07 40s matrix=132 riders=7
[11:17:38] DONE ok=1 fail=0
END 20260820 jo=46 R7 code=0
START 20260820 jo=46 R8
[11:17:40] START dates=['20260820'] jo=46 races=[8] out=/data/data/com.termux/files/home/Keirin-EV-Tool/scraper/data
[11:17:40] >>> 20260820 jo=46 R08
[11:18:14] OK  20260820 jo=46 R08 34s matrix=132 riders=7
[11:18:15] DONE ok=1 fail=0
END 20260820 jo=46 R8 code=0
START 20260820 jo=46 R9
[11:18:18] START dates=['20260820'] jo=46 races=[9] out=/data/data/com.termux/files/home/Keirin-EV-Tool/scraper/data
[11:18:18] >>> 20260820 jo=46 R09
[11:19:01] OK  20260820 jo=46 R09 44s matrix=132 riders=7
[11:19:02] DONE ok=1 fail=0
END 20260820 jo=46 R9 code=0
START 20260820 jo=46 R10
[11:19:05] START dates=['20260820'] jo=46 races=[10] out=/data/data/com.termux/files/home/Keirin-EV-Tool/scraper/data
[11:19:05] >>> 20260820 jo=46 R10
[11:19:45] OK  20260820 jo=46 R10 41s matrix=132 riders=7
[11:19:46] DONE ok=1 fail=0
END 20260820 jo=46 R10 code=0
START 20260820 jo=46 R11
[11:19:48] START dates=['20260820'] jo=46 races=[11] out=/data/data/com.termux/files/home/Keirin-EV-Tool/scraper/data
[11:19:48] >>> 20260820 jo=46 R11
[11:20:27] OK  20260820 jo=46 R11 39s matrix=132 riders=7
[11:20:28] DONE ok=1 fail=0
END 20260820 jo=46 R11 code=0
START 20260820 jo=46 R12
[11:20:30] START dates=['20260820'] jo=46 races=[12] out=/data/data/com.termux/files/home/Keirin-EV-Tool/scraper/data
[11:20:30] >>> 20260820 jo=46 R12
[11:21:14] OK  20260820 jo=46 R12 44s matrix=132 riders=7
[11:21:15] DONE ok=1 fail=0
END 20260820 jo=46 R12 code=0
START 20260820 jo=53 R1
[11:21:18] START dates=['20260820'] jo=53 races=[1] out=/data/data/com.termux/files/home/Keirin-EV-Tool/scraper/data
[11:21:18] >>> 20260820 jo=53 R01
[11:22:03] OK  20260820 jo=53 R01 45s matrix=132 riders=7
[11:22:04] DONE ok=1 fail=0
END 20260820 jo=53 R1 code=0
START 20260820 jo=53 R2
[11:22:06] START dates=['20260820'] jo=53 races=[2] out=/data/data/com.termux/files/home/Keirin-EV-Tool/scraper/data
[11:22:06] >>> 20260820 jo=53 R02
[11:22:46] OK  20260820 jo=53 R02 40s matrix=132 riders=7
[11:22:47] DONE ok=1 fail=0
END 20260820 jo=53 R2 code=0
START 20260820 jo=53 R3
[11:22:49] START dates=['20260820'] jo=53 races=[3] out=/data/data/com.termux/files/home/Keirin-EV-Tool/scraper/data
[11:22:49] >>> 20260820 jo=53 R03
[11:23:30] OK  20260820 jo=53 R03 41s matrix=132 riders=7
[11:23:31] DONE ok=1 fail=0
END 20260820 jo=53 R3 code=0
START 20260820 jo=53 R4
[11:23:33] START dates=['20260820'] jo=53 races=[4] out=/data/data/com.termux/files/home/Keirin-EV-Tool/scraper/data
[11:23:33] >>> 20260820 jo=53 R04
[11:24:11] OK  20260820 jo=53 R04 38s matrix=132 riders=7
[11:24:12] DONE ok=1 fail=0
END 20260820 jo=53 R4 code=0
START 20260820 jo=53 R5
[11:24:14] START dates=['20260820'] jo=53 races=[5] out=/data/data/com.termux/files/home/Keirin-EV-Tool/scraper/data
[11:24:14] >>> 20260820 jo=53 R05
[11:24:57] OK  20260820 jo=53 R05 44s matrix=132 riders=7
[11:24:58] DONE ok=1 fail=0
END 20260820 jo=53 R5 code=0
START 20260820 jo=53 R6
[11:25:00] START dates=['20260820'] jo=53 races=[6] out=/data/data/com.termux/files/home/Keirin-EV-Tool/scraper/data
[11:25:00] >>> 20260820 jo=53 R06
[11:25:42] OK  20260820 jo=53 R06 41s matrix=132 riders=7
[11:25:43] DONE ok=1 fail=0
END 20260820 jo=53 R6 code=0
START 20260820 jo=53 R7
[11:25:45] START dates=['20260820'] jo=53 races=[7] out=/data/data/com.termux/files/home/Keirin-EV-Tool/scraper/data
[11:25:45] >>> 20260820 jo=53 R07
[11:26:27] OK  20260820 jo=53 R07 42s matrix=132 riders=7
[11:26:28] DONE ok=1 fail=0
END 20260820 jo=53 R7 code=0
START 20260820 jo=53 R8
[11:26:30] START dates=['20260820'] jo=53 races=[8] out=/data/data/com.termux/files/home/Keirin-EV-Tool/scraper/data
[11:26:30] >>> 20260820 jo=53 R08
[11:27:12] OK  20260820 jo=53 R08 42s matrix=132 riders=7
[11:27:13] DONE ok=1 fail=0
END 20260820 jo=53 R8 code=0
START 20260820 jo=53 R9
[11:27:15] START dates=['20260820'] jo=53 races=[9] out=/data/data/com.termux/files/home/Keirin-EV-Tool/scraper/data
[11:27:15] >>> 20260820 jo=53 R09
[11:27:53] OK  20260820 jo=53 R09 38s matrix=132 riders=7
[11:27:54] DONE ok=1 fail=0
END 20260820 jo=53 R9 code=0
START 20260820 jo=53 R10
[11:27:56] START dates=['20260820'] jo=53 races=[10] out=/data/data/com.termux/files/home/Keirin-EV-Tool/scraper/data
[11:27:56] >>> 20260820 jo=53 R10
[11:28:40] OK  20260820 jo=53 R10 44s matrix=132 riders=7
[11:28:41] DONE ok=1 fail=0
END 20260820 jo=53 R10 code=0
START 20260820 jo=53 R11
[11:28:43] START dates=['20260820'] jo=53 races=[11] out=/data/data/com.termux/files/home/Keirin-EV-Tool/scraper/data
[11:28:43] >>> 20260820 jo=53 R11
[11:29:27] OK  20260820 jo=53 R11 45s matrix=132 riders=7
[11:29:28] DONE ok=1 fail=0
END 20260820 jo=53 R11 code=0
START 20260820 jo=53 R12
[11:29:30] START dates=['20260820'] jo=53 races=[12] out=/data/data/com.termux/files/home/Keirin-EV-Tool/scraper/data
[11:29:30] >>> 20260820 jo=53 R12
[11:30:18] OK  20260820 jo=53 R12 48s matrix=0 riders=0
[11:30:19] DONE ok=1 fail=0
END 20260820 jo=53 R12 code=0
START 20260820 jo=61 R1
[11:30:21] START dates=['20260820'] jo=61 races=[1] out=/data/data/com.termux/files/home/Keirin-EV-Tool/scraper/data
[11:30:21] >>> 20260820 jo=61 R01
[11:30:58] OK  20260820 jo=61 R01 37s matrix=132 riders=7
[11:30:59] DONE ok=1 fail=0
END 20260820 jo=61 R1 code=0
START 20260820 jo=61 R2
[11:31:01] START dates=['20260820'] jo=61 races=[2] out=/data/data/com.termux/files/home/Keirin-EV-Tool/scraper/data
[11:31:01] >>> 20260820 jo=61 R02
[11:31:43] OK  20260820 jo=61 R02 42s matrix=132 riders=7
[11:31:44] DONE ok=1 fail=0
END 20260820 jo=61 R2 code=0
START 20260820 jo=61 R3
[11:31:46] START dates=['20260820'] jo=61 races=[3] out=/data/data/com.termux/files/home/Keirin-EV-Tool/scraper/data
[11:31:46] >>> 20260820 jo=61 R03
[11:32:31] OK  20260820 jo=61 R03 45s matrix=132 riders=7
[11:32:32] DONE ok=1 fail=0
END 20260820 jo=61 R3 code=0
START 20260820 jo=61 R4
[11:32:34] START dates=['20260820'] jo=61 races=[4] out=/data/data/com.termux/files/home/Keirin-EV-Tool/scraper/data
[11:32:34] >>> 20260820 jo=61 R04
[11:33:11] OK  20260820 jo=61 R04 37s matrix=132 riders=7
[11:33:12] DONE ok=1 fail=0
END 20260820 jo=61 R4 code=0
START 20260820 jo=61 R5
[11:33:14] START dates=['20260820'] jo=61 races=[5] out=/data/data/com.termux/files/home/Keirin-EV-Tool/scraper/data
[11:33:14] >>> 20260820 jo=61 R05
[11:33:59] OK  20260820 jo=61 R05 45s matrix=132 riders=7
[11:34:00] DONE ok=1 fail=0
END 20260820 jo=61 R5 code=0
START 20260820 jo=61 R6
[11:34:02] START dates=['20260820'] jo=61 races=[6] out=/data/data/com.termux/files/home/Keirin-EV-Tool/scraper/data
[11:34:02] >>> 20260820 jo=61 R06
[11:34:49] OK  20260820 jo=61 R06 46s matrix=132 riders=7
[11:34:50] DONE ok=1 fail=0
END 20260820 jo=61 R6 code=0
START 20260820 jo=61 R7
[11:34:52] START dates=['20260820'] jo=61 races=[7] out=/data/data/com.termux/files/home/Keirin-EV-Tool/scraper/data
[11:34:52] >>> 20260820 jo=61 R07
[11:35:35] OK  20260820 jo=61 R07 43s matrix=132 riders=7
[11:35:36] DONE ok=1 fail=0
END 20260820 jo=61 R7 code=0
START 20260820 jo=61 R8
[11:35:38] START dates=['20260820'] jo=61 races=[8] out=/data/data/com.termux/files/home/Keirin-EV-Tool/scraper/data
[11:35:38] >>> 20260820 jo=61 R08
[11:36:17] OK  20260820 jo=61 R08 39s matrix=132 riders=7
[11:36:18] DONE ok=1 fail=0
END 20260820 jo=61 R8 code=0
START 20260820 jo=61 R9
[11:36:20] START dates=['20260820'] jo=61 races=[9] out=/data/data/com.termux/files/home/Keirin-EV-Tool/scraper/data
[11:36:20] >>> 20260820 jo=61 R09
[11:37:04] OK  20260820 jo=61 R09 44s matrix=132 riders=7
[11:37:05] DONE ok=1 fail=0
END 20260820 jo=61 R9 code=0
START 20260820 jo=61 R10
[11:37:07] START dates=['20260820'] jo=61 races=[10] out=/data/data/com.termux/files/home/Keirin-EV-Tool/scraper/data
[11:37:07] >>> 20260820 jo=61 R10
[11:37:47] OK  20260820 jo=61 R10 40s matrix=132 riders=7
[11:37:48] DONE ok=1 fail=0
END 20260820 jo=61 R10 code=0
START 20260820 jo=61 R11
[11:37:51] START dates=['20260820'] jo=61 races=[11] out=/data/data/com.termux/files/home/Keirin-EV-Tool/scraper/data
[11:37:51] >>> 20260820 jo=61 R11
[11:38:30] OK  20260820 jo=61 R11 39s matrix=132 riders=7
[11:38:31] DONE ok=1 fail=0
END 20260820 jo=61 R11 code=0
START 20260820 jo=61 R12
[11:38:33] START dates=['20260820'] jo=61 races=[12] out=/data/data/com.termux/files/home/Keirin-EV-Tool/scraper/data
[11:38:33] >>> 20260820 jo=61 R12
[11:39:18] OK  20260820 jo=61 R12 45s matrix=0 riders=0
[11:39:19] DONE ok=1 fail=0
END 20260820 jo=61 R12 code=0
START 20260820 jo=74 R1
[11:39:21] START dates=['20260820'] jo=74 races=[1] out=/data/data/com.termux/files/home/Keirin-EV-Tool/scraper/data
[11:39:21] >>> 20260820 jo=74 R01
[11:40:11] OK  20260820 jo=74 R01 50s matrix=132 riders=7
[11:40:12] DONE ok=1 fail=0
END 20260820 jo=74 R1 code=0
START 20260820 jo=74 R2
[11:40:14] START dates=['20260820'] jo=74 races=[2] out=/data/data/com.termux/files/home/Keirin-EV-Tool/scraper/data
[11:40:14] >>> 20260820 jo=74 R02
[11:40:52] OK  20260820 jo=74 R02 38s matrix=132 riders=7
[11:40:53] DONE ok=1 fail=0
END 20260820 jo=74 R2 code=0
START 20260820 jo=74 R3
[11:40:55] START dates=['20260820'] jo=74 races=[3] out=/data/data/com.termux/files/home/Keirin-EV-Tool/scraper/data
[11:40:55] >>> 20260820 jo=74 R03
[11:41:36] OK  20260820 jo=74 R03 41s matrix=132 riders=7
[11:41:37] DONE ok=1 fail=0
END 20260820 jo=74 R3 code=0
START 20260820 jo=74 R4
[11:41:39] START dates=['20260820'] jo=74 races=[4] out=/data/data/com.termux/files/home/Keirin-EV-Tool/scraper/data
[11:41:39] >>> 20260820 jo=74 R04
[11:42:20] OK  20260820 jo=74 R04 40s matrix=132 riders=7
[11:42:21] DONE ok=1 fail=0
END 20260820 jo=74 R4 code=0
START 20260820 jo=74 R5
[11:42:23] START dates=['20260820'] jo=74 races=[5] out=/data/data/com.termux/files/home/Keirin-EV-Tool/scraper/data
[11:42:23] >>> 20260820 jo=74 R05
[11:43:08] OK  20260820 jo=74 R05 45s matrix=132 riders=7
[11:43:35] DONE ok=1 fail=0
END 20260820 jo=74 R5 code=0
START 20260820 jo=74 R6
[11:44:01] START dates=['20260820'] jo=74 races=[6] out=/data/data/com.termux/files/home/Keirin-EV-Tool/scraper/data
[11:44:01] >>> 20260820 jo=74 R06
[11:45:22] OK  20260820 jo=74 R06 80s matrix=132 riders=7
[11:45:23] DONE ok=1 fail=0
END 20260820 jo=74 R6 code=0
START 20260820 jo=74 R7
[11:45:26] START dates=['20260820'] jo=74 races=[7] out=/data/data/com.termux/files/home/Keirin-EV-Tool/scraper/data
[11:45:26] >>> 20260820 jo=74 R07
[11:46:06] OK  20260820 jo=74 R07 40s matrix=132 riders=7
[11:46:07] DONE ok=1 fail=0
END 20260820 jo=74 R7 code=0
START 20260820 jo=74 R8
[11:46:10] START dates=['20260820'] jo=74 races=[8] out=/data/data/com.termux/files/home/Keirin-EV-Tool/scraper/data
[11:46:10] >>> 20260820 jo=74 R08
[11:46:50] OK  20260820 jo=74 R08 40s matrix=132 riders=7
[11:46:51] DONE ok=1 fail=0
END 20260820 jo=74 R8 code=0
START 20260820 jo=74 R9
[11:46:54] START dates=['20260820'] jo=74 races=[9] out=/data/data/com.termux/files/home/Keirin-EV-Tool/scraper/data
[11:46:54] >>> 20260820 jo=74 R09
[11:47:35] OK  20260820 jo=74 R09 41s matrix=132 riders=7
[11:47:36] DONE ok=1 fail=0
END 20260820 jo=74 R9 code=0
START 20260820 jo=74 R10
[11:47:39] START dates=['20260820'] jo=74 races=[10] out=/data/data/com.termux/files/home/Keirin-EV-Tool/scraper/data
[11:47:39] >>> 20260820 jo=74 R10
[11:48:23] OK  20260820 jo=74 R10 44s matrix=132 riders=7
[11:48:24] DONE ok=1 fail=0
END 20260820 jo=74 R10 code=0
START 20260820 jo=74 R11
[11:48:27] START dates=['20260820'] jo=74 races=[11] out=/data/data/com.termux/files/home/Keirin-EV-Tool/scraper/data
[11:48:27] >>> 20260820 jo=74 R11
[11:49:13] OK  20260820 jo=74 R11 47s matrix=132 riders=7
[11:49:14] DONE ok=1 fail=0
END 20260820 jo=74 R11 code=0
START 20260820 jo=74 R12
[11:49:17] START dates=['20260820'] jo=74 races=[12] out=/data/data/com.termux/files/home/Keirin-EV-Tool/scraper/data
[11:49:17] >>> 20260820 jo=74 R12
[11:49:58] OK  20260820 jo=74 R12 41s matrix=132 riders=7
[11:49:59] DONE ok=1 fail=0
END 20260820 jo=74 R12 code=0
START 20260820 jo=85 R1
[11:50:02] START dates=['20260820'] jo=85 races=[1] out=/data/data/com.termux/files/home/Keirin-EV-Tool/scraper/data
[11:50:02] >>> 20260820 jo=85 R01
[11:50:44] OK  20260820 jo=85 R01 42s matrix=132 riders=7
[11:50:45] DONE ok=1 fail=0
END 20260820 jo=85 R1 code=0
START 20260820 jo=85 R2
[11:50:48] START dates=['20260820'] jo=85 races=[2] out=/data/data/com.termux/files/home/Keirin-EV-Tool/scraper/data
[11:50:48] >>> 20260820 jo=85 R02
[11:51:28] OK  20260820 jo=85 R02 40s matrix=132 riders=7
[11:51:29] DONE ok=1 fail=0
END 20260820 jo=85 R2 code=0
START 20260820 jo=85 R3
[11:51:31] START dates=['20260820'] jo=85 races=[3] out=/data/data/com.termux/files/home/Keirin-EV-Tool/scraper/data
[11:51:31] >>> 20260820 jo=85 R03
[11:52:13] OK  20260820 jo=85 R03 41s matrix=132 riders=7
[11:52:14] DONE ok=1 fail=0
END 20260820 jo=85 R3 code=0
START 20260820 jo=85 R4
[11:52:17] START dates=['20260820'] jo=85 races=[4] out=/data/data/com.termux/files/home/Keirin-EV-Tool/scraper/data
[11:52:17] >>> 20260820 jo=85 R04
[11:52:58] OK  20260820 jo=85 R04 41s matrix=132 riders=7
[11:52:59] DONE ok=1 fail=0
END 20260820 jo=85 R4 code=0
START 20260820 jo=85 R5
[11:53:02] START dates=['20260820'] jo=85 races=[5] out=/data/data/com.termux/files/home/Keirin-EV-Tool/scraper/data
[11:53:02] >>> 20260820 jo=85 R05
[11:53:44] OK  20260820 jo=85 R05 42s matrix=132 riders=7
[11:53:45] DONE ok=1 fail=0
END 20260820 jo=85 R5 code=0
START 20260820 jo=85 R6
[11:53:47] START dates=['20260820'] jo=85 races=[6] out=/data/data/com.termux/files/home/Keirin-EV-Tool/scraper/data
[11:53:47] >>> 20260820 jo=85 R06
[11:54:27] OK  20260820 jo=85 R06 39s matrix=132 riders=7
[11:54:28] DONE ok=1 fail=0
END 20260820 jo=85 R6 code=0
START 20260820 jo=85 R7
[11:54:31] START dates=['20260820'] jo=85 races=[7] out=/data/data/com.termux/files/home/Keirin-EV-Tool/scraper/data
[11:54:31] >>> 20260820 jo=85 R07
[11:55:12] OK  20260820 jo=85 R07 41s matrix=132 riders=7
[11:55:13] DONE ok=1 fail=0
END 20260820 jo=85 R7 code=0
START 20260820 jo=85 R8
[11:55:16] START dates=['20260820'] jo=85 races=[8] out=/data/data/com.termux/files/home/Keirin-EV-Tool/scraper/data
[11:55:16] >>> 20260820 jo=85 R08
[11:55:54] OK  20260820 jo=85 R08 38s matrix=132 riders=7
[11:55:55] DONE ok=1 fail=0
END 20260820 jo=85 R8 code=0
START 20260820 jo=85 R9
[11:55:58] START dates=['20260820'] jo=85 races=[9] out=/data/data/com.termux/files/home/Keirin-EV-Tool/scraper/data
[11:55:58] >>> 20260820 jo=85 R09
[11:56:38] OK  20260820 jo=85 R09 40s matrix=132 riders=7
[11:56:39] DONE ok=1 fail=0
END 20260820 jo=85 R9 code=0
START 20260820 jo=85 R10
[11:56:41] START dates=['20260820'] jo=85 races=[10] out=/data/data/com.termux/files/home/Keirin-EV-Tool/scraper/data
[11:56:41] >>> 20260820 jo=85 R10
[11:57:24] OK  20260820 jo=85 R10 43s matrix=0 riders=0
[11:57:25] DONE ok=1 fail=0
END 20260820 jo=85 R10 code=0
START 20260820 jo=85 R11
[11:57:28] START dates=['20260820'] jo=85 races=[11] out=/data/data/com.termux/files/home/Keirin-EV-Tool/scraper/data
[11:57:28] >>> 20260820 jo=85 R11
[11:58:11] OK  20260820 jo=85 R11 44s matrix=0 riders=0
[11:58:12] DONE ok=1 fail=0
END 20260820 jo=85 R11 code=0
START 20260820 jo=85 R12
[11:58:16] START dates=['20260820'] jo=85 races=[12] out=/data/data/com.termux/files/home/Keirin-EV-Tool/scraper/data
[11:58:16] >>> 20260820 jo=85 R12
[11:59:05] OK  20260820 jo=85 R12 49s matrix=0 riders=0
[11:59:06] DONE ok=1 fail=0
END 20260820 jo=85 R12 code=0
BATCH_DONE
START 20260819 jo=21 R1
[16:06:17] START dates=['20260819'] jo=21 races=[1] out=/data/data/com.termux/files/home/Keirin-EV-Tool/scraper/data
[16:06:17] >>> 20260819 jo=21 R01
[16:07:20] OK  20260819 jo=21 R01 62s matrix=132 riders=7
[16:07:21] DONE ok=1 fail=0
END 20260819 jo=21 R1 code=0
START 20260819 jo=21 R2
[16:07:23] START dates=['20260819'] jo=21 races=[2] out=/data/data/com.termux/files/home/Keirin-EV-Tool/scraper/data
[16:07:23] >>> 20260819 jo=21 R02
[16:08:07] OK  20260819 jo=21 R02 44s matrix=132 riders=7
[16:08:08] DONE ok=1 fail=0
END 20260819 jo=21 R2 code=0
START 20260819 jo=21 R3
[16:08:10] START dates=['20260819'] jo=21 races=[3] out=/data/data/com.termux/files/home/Keirin-EV-Tool/scraper/data
[16:08:10] >>> 20260819 jo=21 R03
[16:08:54] OK  20260819 jo=21 R03 44s matrix=132 riders=7
[16:08:55] DONE ok=1 fail=0
END 20260819 jo=21 R3 code=0
START 20260819 jo=21 R4
[16:08:57] START dates=['20260819'] jo=21 races=[4] out=/data/data/com.termux/files/home/Keirin-EV-Tool/scraper/data
[16:08:57] >>> 20260819 jo=21 R04
[16:09:49] OK  20260819 jo=21 R04 52s matrix=132 riders=7
[16:09:50] DONE ok=1 fail=0
END 20260819 jo=21 R4 code=0
START 20260819 jo=21 R5
[16:09:52] START dates=['20260819'] jo=21 races=[5] out=/data/data/com.termux/files/home/Keirin-EV-Tool/scraper/data
[16:09:52] >>> 20260819 jo=21 R05
[16:10:42] OK  20260819 jo=21 R05 50s matrix=132 riders=7
[16:10:46] DONE ok=1 fail=0
END 20260819 jo=21 R5 code=0
START 20260819 jo=21 R6
[16:10:48] START dates=['20260819'] jo=21 races=[6] out=/data/data/com.termux/files/home/Keirin-EV-Tool/scraper/data
[16:10:48] >>> 20260819 jo=21 R06
[16:11:33] OK  20260819 jo=21 R06 45s matrix=132 riders=7
[16:11:34] DONE ok=1 fail=0
END 20260819 jo=21 R6 code=0
START 20260819 jo=21 R7
[16:11:36] START dates=['20260819'] jo=21 races=[7] out=/data/data/com.termux/files/home/Keirin-EV-Tool/scraper/data
[16:11:36] >>> 20260819 jo=21 R07
[16:12:25] OK  20260819 jo=21 R07 49s matrix=132 riders=7
[16:12:26] DONE ok=1 fail=0
END 20260819 jo=21 R7 code=0
START 20260819 jo=21 R8
[16:12:28] START dates=['20260819'] jo=21 races=[8] out=/data/data/com.termux/files/home/Keirin-EV-Tool/scraper/data
[16:12:28] >>> 20260819 jo=21 R08
[16:13:14] OK  20260819 jo=21 R08 46s matrix=132 riders=7
[16:13:15] DONE ok=1 fail=0
END 20260819 jo=21 R8 code=0
START 20260819 jo=21 R9
[16:13:34] START dates=['20260819'] jo=21 races=[9] out=/data/data/com.termux/files/home/Keirin-EV-Tool/scraper/data
[16:13:34] >>> 20260819 jo=21 R09
[16:14:35] OK  20260819 jo=21 R09 61s matrix=132 riders=7
[16:14:36] DONE ok=1 fail=0
END 20260819 jo=21 R9 code=0
START 20260819 jo=21 R10
[16:14:38] START dates=['20260819'] jo=21 races=[10] out=/data/data/com.termux/files/home/Keirin-EV-Tool/scraper/data
[16:14:38] >>> 20260819 jo=21 R10
[16:15:29] OK  20260819 jo=21 R10 50s matrix=0 riders=0
[16:15:31] DONE ok=1 fail=0
END 20260819 jo=21 R10 code=0
START 20260819 jo=21 R11
[16:15:33] START dates=['20260819'] jo=21 races=[11] out=/data/data/com.termux/files/home/Keirin-EV-Tool/scraper/data
[16:15:33] >>> 20260819 jo=21 R11
[16:16:25] OK  20260819 jo=21 R11 52s matrix=0 riders=0
[16:16:32] DONE ok=1 fail=0
END 20260819 jo=21 R11 code=0
START 20260819 jo=21 R12
[16:16:34] START dates=['20260819'] jo=21 races=[12] out=/data/data/com.termux/files/home/Keirin-EV-Tool/scraper/data
[16:16:34] >>> 20260819 jo=21 R12
[16:17:23] OK  20260819 jo=21 R12 49s matrix=0 riders=0
[16:17:24] DONE ok=1 fail=0
END 20260819 jo=21 R12 code=0
START 20260819 jo=28 R1
[16:17:26] START dates=['20260819'] jo=28 races=[1] out=/data/data/com.termux/files/home/Keirin-EV-Tool/scraper/data
[16:17:26] >>> 20260819 jo=28 R01
[16:18:06] OK  20260819 jo=28 R01 40s matrix=132 riders=7
[16:18:10] DONE ok=1 fail=0
END 20260819 jo=28 R1 code=0
START 20260819 jo=28 R2
[16:18:12] START dates=['20260819'] jo=28 races=[2] out=/data/data/com.termux/files/home/Keirin-EV-Tool/scraper/data
[16:18:12] >>> 20260819 jo=28 R02
[16:18:57] OK  20260819 jo=28 R02 46s matrix=132 riders=7
[16:18:58] DONE ok=1 fail=0
END 20260819 jo=28 R2 code=0
START 20260819 jo=28 R3
[16:19:01] START dates=['20260819'] jo=28 races=[3] out=/data/data/com.termux/files/home/Keirin-EV-Tool/scraper/data
[16:19:01] >>> 20260819 jo=28 R03
[16:20:06] OK  20260819 jo=28 R03 66s matrix=132 riders=7
[16:20:19] DONE ok=1 fail=0
END 20260819 jo=28 R3 code=0
START 20260819 jo=28 R4
[16:20:21] START dates=['20260819'] jo=28 races=[4] out=/data/data/com.termux/files/home/Keirin-EV-Tool/scraper/data
[16:20:21] >>> 20260819 jo=28 R04
[16:21:19] OK  20260819 jo=28 R04 58s matrix=132 riders=7
[16:21:20] DONE ok=1 fail=0
END 20260819 jo=28 R4 code=0
START 20260819 jo=28 R5
[16:21:22] START dates=['20260819'] jo=28 races=[5] out=/data/data/com.termux/files/home/Keirin-EV-Tool/scraper/data
[16:21:22] >>> 20260819 jo=28 R05
[16:22:06] OK  20260819 jo=28 R05 44s matrix=78 riders=6
[16:22:07] DONE ok=1 fail=0
END 20260819 jo=28 R5 code=0
START 20260819 jo=28 R6
[16:22:15] START dates=['20260819'] jo=28 races=[6] out=/data/data/com.termux/files/home/Keirin-EV-Tool/scraper/data
[16:22:15] >>> 20260819 jo=28 R06
[16:23:01] OK  20260819 jo=28 R06 45s matrix=78 riders=6
[16:23:02] DONE ok=1 fail=0
END 20260819 jo=28 R6 code=0
START 20260819 jo=28 R7
[16:23:04] START dates=['20260819'] jo=28 races=[7] out=/data/data/com.termux/files/home/Keirin-EV-Tool/scraper/data
[16:23:04] >>> 20260819 jo=28 R07
[16:24:00] OK  20260819 jo=28 R07 56s matrix=132 riders=7
[16:24:01] DONE ok=1 fail=0
END 20260819 jo=28 R7 code=0
START 20260819 jo=28 R8
[16:24:03] START dates=['20260819'] jo=28 races=[8] out=/data/data/com.termux/files/home/Keirin-EV-Tool/scraper/data
[16:24:03] >>> 20260819 jo=28 R08
[16:25:02] OK  20260819 jo=28 R08 58s matrix=132 riders=7
[16:25:03] DONE ok=1 fail=0
END 20260819 jo=28 R8 code=0
START 20260819 jo=28 R9
[16:25:05] START dates=['20260819'] jo=28 races=[9] out=/data/data/com.termux/files/home/Keirin-EV-Tool/scraper/data
[16:25:05] >>> 20260819 jo=28 R09
[16:25:52] OK  20260819 jo=28 R09 48s matrix=132 riders=7
[16:25:53] DONE ok=1 fail=0
END 20260819 jo=28 R9 code=0
START 20260819 jo=28 R10
[16:25:57] START dates=['20260819'] jo=28 races=[10] out=/data/data/com.termux/files/home/Keirin-EV-Tool/scraper/data
[16:25:57] >>> 20260819 jo=28 R10
[16:26:42] OK  20260819 jo=28 R10 45s matrix=132 riders=7
[16:26:43] DONE ok=1 fail=0
END 20260819 jo=28 R10 code=0
START 20260819 jo=28 R11
[16:26:46] START dates=['20260819'] jo=28 races=[11] out=/data/data/com.termux/files/home/Keirin-EV-Tool/scraper/data
[16:26:46] >>> 20260819 jo=28 R11
[16:27:34] OK  20260819 jo=28 R11 48s matrix=132 riders=7
[16:27:35] DONE ok=1 fail=0
END 20260819 jo=28 R11 code=0
START 20260819 jo=28 R12
[16:27:37] START dates=['20260819'] jo=28 races=[12] out=/data/data/com.termux/files/home/Keirin-EV-Tool/scraper/data
[16:27:37] >>> 20260819 jo=28 R12
[16:28:25] OK  20260819 jo=28 R12 48s matrix=0 riders=0
[16:28:26] DONE ok=1 fail=0
END 20260819 jo=28 R12 code=0
START 20260819 jo=34 R1
[16:28:29] START dates=['20260819'] jo=34 races=[1] out=/data/data/com.termux/files/home/Keirin-EV-Tool/scraper/data
[16:28:29] >>> 20260819 jo=34 R01
[16:29:16] OK  20260819 jo=34 R01 47s matrix=132 riders=7
[16:29:17] DONE ok=1 fail=0
END 20260819 jo=34 R1 code=0
START 20260819 jo=34 R2
[16:29:19] START dates=['20260819'] jo=34 races=[2] out=/data/data/com.termux/files/home/Keirin-EV-Tool/scraper/data
[16:29:19] >>> 20260819 jo=34 R02
[16:30:07] OK  20260819 jo=34 R02 48s matrix=132 riders=7
[16:30:08] DONE ok=1 fail=0
END 20260819 jo=34 R2 code=0
START 20260819 jo=34 R3
[16:30:10] START dates=['20260819'] jo=34 races=[3] out=/data/data/com.termux/files/home/Keirin-EV-Tool/scraper/data
[16:30:10] >>> 20260819 jo=34 R03
[16:30:53] OK  20260819 jo=34 R03 43s matrix=132 riders=7
[16:30:54] DONE ok=1 fail=0
END 20260819 jo=34 R3 code=0
START 20260819 jo=34 R4
[16:30:56] START dates=['20260819'] jo=34 races=[4] out=/data/data/com.termux/files/home/Keirin-EV-Tool/scraper/data
[16:30:56] >>> 20260819 jo=34 R04
[16:31:41] OK  20260819 jo=34 R04 45s matrix=132 riders=7
[16:31:42] DONE ok=1 fail=0
END 20260819 jo=34 R4 code=0
START 20260819 jo=34 R5
[16:31:46] START dates=['20260819'] jo=34 races=[5] out=/data/data/com.termux/files/home/Keirin-EV-Tool/scraper/data
[16:31:46] >>> 20260819 jo=34 R05
[16:32:39] OK  20260819 jo=34 R05 53s matrix=132 riders=7
[16:32:40] DONE ok=1 fail=0
END 20260819 jo=34 R5 code=0
START 20260819 jo=34 R6
[16:32:42] START dates=['20260819'] jo=34 races=[6] out=/data/data/com.termux/files/home/Keirin-EV-Tool/scraper/data
[16:32:42] >>> 20260819 jo=34 R06
[16:33:27] OK  20260819 jo=34 R06 45s matrix=132 riders=7
[16:33:28] DONE ok=1 fail=0
END 20260819 jo=34 R6 code=0
START 20260819 jo=34 R7
[16:33:30] START dates=['20260819'] jo=34 races=[7] out=/data/data/com.termux/files/home/Keirin-EV-Tool/scraper/data
[16:33:30] >>> 20260819 jo=34 R07
[16:34:10] OK  20260819 jo=34 R07 39s matrix=132 riders=7
[16:34:11] DONE ok=1 fail=0
END 20260819 jo=34 R7 code=0
START 20260819 jo=34 R8
[16:34:13] START dates=['20260819'] jo=34 races=[8] out=/data/data/com.termux/files/home/Keirin-EV-Tool/scraper/data
[16:34:13] >>> 20260819 jo=34 R08
[16:35:04] OK  20260819 jo=34 R08 51s matrix=132 riders=7
[16:35:05] DONE ok=1 fail=0
END 20260819 jo=34 R8 code=0
START 20260819 jo=34 R9
[16:35:07] START dates=['20260819'] jo=34 races=[9] out=/data/data/com.termux/files/home/Keirin-EV-Tool/scraper/data
[16:35:07] >>> 20260819 jo=34 R09
[16:35:50] OK  20260819 jo=34 R09 43s matrix=132 riders=7
[16:35:51] DONE ok=1 fail=0
END 20260819 jo=34 R9 code=0
START 20260819 jo=34 R10
[16:35:53] START dates=['20260819'] jo=34 races=[10] out=/data/data/com.termux/files/home/Keirin-EV-Tool/scraper/data
[16:35:53] >>> 20260819 jo=34 R10
[16:36:40] OK  20260819 jo=34 R10 47s matrix=132 riders=7
[16:36:41] DONE ok=1 fail=0
END 20260819 jo=34 R10 code=0
START 20260819 jo=34 R11
[16:36:43] START dates=['20260819'] jo=34 races=[11] out=/data/data/com.termux/files/home/Keirin-EV-Tool/scraper/data
[16:36:43] >>> 20260819 jo=34 R11
[16:37:24] OK  20260819 jo=34 R11 41s matrix=132 riders=7
[16:37:25] DONE ok=1 fail=0
END 20260819 jo=34 R11 code=0
START 20260819 jo=34 R12
[16:37:27] START dates=['20260819'] jo=34 races=[12] out=/data/data/com.termux/files/home/Keirin-EV-Tool/scraper/data
[16:37:27] >>> 20260819 jo=34 R12
[16:38:13] OK  20260819 jo=34 R12 47s matrix=132 riders=7
[16:38:14] DONE ok=1 fail=0
END 20260819 jo=34 R12 code=0
START 20260819 jo=44 R1
[16:38:16] START dates=['20260819'] jo=44 races=[1] out=/data/data/com.termux/files/home/Keirin-EV-Tool/scraper/data
[16:38:16] >>> 20260819 jo=44 R01
[16:39:02] OK  20260819 jo=44 R01 46s matrix=132 riders=7
[16:39:03] DONE ok=1 fail=0
END 20260819 jo=44 R1 code=0
START 20260819 jo=44 R2
[16:39:05] START dates=['20260819'] jo=44 races=[2] out=/data/data/com.termux/files/home/Keirin-EV-Tool/scraper/data
[16:39:05] >>> 20260819 jo=44 R02
[16:39:50] OK  20260819 jo=44 R02 45s matrix=132 riders=7
[16:39:52] DONE ok=1 fail=0
END 20260819 jo=44 R2 code=0
START 20260819 jo=44 R3
[16:39:55] START dates=['20260819'] jo=44 races=[3] out=/data/data/com.termux/files/home/Keirin-EV-Tool/scraper/data
[16:39:55] >>> 20260819 jo=44 R03
[16:40:36] OK  20260819 jo=44 R03 41s matrix=132 riders=7
[16:40:37] DONE ok=1 fail=0
END 20260819 jo=44 R3 code=0
START 20260819 jo=44 R4
[16:40:39] START dates=['20260819'] jo=44 races=[4] out=/data/data/com.termux/files/home/Keirin-EV-Tool/scraper/data
[16:40:39] >>> 20260819 jo=44 R04
[16:41:22] OK  20260819 jo=44 R04 43s matrix=132 riders=7
[16:41:23] DONE ok=1 fail=0
END 20260819 jo=44 R4 code=0
START 20260819 jo=44 R5
[16:41:25] START dates=['20260819'] jo=44 races=[5] out=/data/data/com.termux/files/home/Keirin-EV-Tool/scraper/data
[16:41:25] >>> 20260819 jo=44 R05
[16:42:05] OK  20260819 jo=44 R05 40s matrix=132 riders=7
[16:42:06] DONE ok=1 fail=0
END 20260819 jo=44 R5 code=0
START 20260819 jo=44 R6
[16:42:08] START dates=['20260819'] jo=44 races=[6] out=/data/data/com.termux/files/home/Keirin-EV-Tool/scraper/data
[16:42:08] >>> 20260819 jo=44 R06
[16:42:49] OK  20260819 jo=44 R06 42s matrix=132 riders=7
[16:42:50] DONE ok=1 fail=0
END 20260819 jo=44 R6 code=0
START 20260819 jo=44 R7
[16:42:52] START dates=['20260819'] jo=44 races=[7] out=/data/data/com.termux/files/home/Keirin-EV-Tool/scraper/data
[16:42:52] >>> 20260819 jo=44 R07
[16:43:34] OK  20260819 jo=44 R07 42s matrix=132 riders=7
[16:43:35] DONE ok=1 fail=0
END 20260819 jo=44 R7 code=0
START 20260819 jo=44 R8
[16:43:37] START dates=['20260819'] jo=44 races=[8] out=/data/data/com.termux/files/home/Keirin-EV-Tool/scraper/data
[16:43:37] >>> 20260819 jo=44 R08
[16:44:24] OK  20260819 jo=44 R08 46s matrix=132 riders=7
[16:44:25] DONE ok=1 fail=0
END 20260819 jo=44 R8 code=0
START 20260819 jo=44 R9
[16:44:27] START dates=['20260819'] jo=44 races=[9] out=/data/data/com.termux/files/home/Keirin-EV-Tool/scraper/data
[16:44:27] >>> 20260819 jo=44 R09
[16:45:10] OK  20260819 jo=44 R09 43s matrix=132 riders=7
[16:45:11] DONE ok=1 fail=0
END 20260819 jo=44 R9 code=0
START 20260819 jo=44 R10
[16:45:13] START dates=['20260819'] jo=44 races=[10] out=/data/data/com.termux/files/home/Keirin-EV-Tool/scraper/data
[16:45:13] >>> 20260819 jo=44 R10
[16:45:54] OK  20260819 jo=44 R10 41s matrix=132 riders=7
[16:45:55] DONE ok=1 fail=0
END 20260819 jo=44 R10 code=0
START 20260819 jo=44 R11
[16:45:57] START dates=['20260819'] jo=44 races=[11] out=/data/data/com.termux/files/home/Keirin-EV-Tool/scraper/data
[16:45:57] >>> 20260819 jo=44 R11
[16:46:51] OK  20260819 jo=44 R11 54s matrix=132 riders=7
[16:46:52] DONE ok=1 fail=0
END 20260819 jo=44 R11 code=0
START 20260819 jo=44 R12
[16:46:54] START dates=['20260819'] jo=44 races=[12] out=/data/data/com.termux/files/home/Keirin-EV-Tool/scraper/data
[16:46:54] >>> 20260819 jo=44 R12
[16:47:31] OK  20260819 jo=44 R12 37s matrix=132 riders=7
[16:47:32] DONE ok=1 fail=0
END 20260819 jo=44 R12 code=0
START 20260819 jo=45 R1
[16:47:34] START dates=['20260819'] jo=45 races=[1] out=/data/data/com.termux/files/home/Keirin-EV-Tool/scraper/data
[16:47:34] >>> 20260819 jo=45 R01
[16:48:11] OK  20260819 jo=45 R01 37s matrix=78 riders=6
[16:48:12] DONE ok=1 fail=0
END 20260819 jo=45 R1 code=0
START 20260819 jo=45 R2
[16:48:14] START dates=['20260819'] jo=45 races=[2] out=/data/data/com.termux/files/home/Keirin-EV-Tool/scraper/data
[16:48:14] >>> 20260819 jo=45 R02
[16:48:52] OK  20260819 jo=45 R02 38s matrix=42 riders=5
[16:48:53] DONE ok=1 fail=0
END 20260819 jo=45 R2 code=0
START 20260819 jo=45 R3
[16:48:55] START dates=['20260819'] jo=45 races=[3] out=/data/data/com.termux/files/home/Keirin-EV-Tool/scraper/data
[16:48:55] >>> 20260819 jo=45 R03
[16:49:38] OK  20260819 jo=45 R03 42s matrix=132 riders=7
[16:49:39] DONE ok=1 fail=0
END 20260819 jo=45 R3 code=0
START 20260819 jo=45 R4
[16:49:41] START dates=['20260819'] jo=45 races=[4] out=/data/data/com.termux/files/home/Keirin-EV-Tool/scraper/data
[16:49:41] >>> 20260819 jo=45 R04
[16:50:25] OK  20260819 jo=45 R04 45s matrix=132 riders=7
[16:50:26] DONE ok=1 fail=0
END 20260819 jo=45 R4 code=0
START 20260819 jo=45 R5
[16:50:28] START dates=['20260819'] jo=45 races=[5] out=/data/data/com.termux/files/home/Keirin-EV-Tool/scraper/data
[16:50:28] >>> 20260819 jo=45 R05
[16:51:19] OK  20260819 jo=45 R05 51s matrix=132 riders=7
[16:51:20] DONE ok=1 fail=0
END 20260819 jo=45 R5 code=0
START 20260819 jo=45 R6
[16:51:22] START dates=['20260819'] jo=45 races=[6] out=/data/data/com.termux/files/home/Keirin-EV-Tool/scraper/data
[16:51:22] >>> 20260819 jo=45 R06
[16:52:03] OK  20260819 jo=45 R06 41s matrix=132 riders=7
[16:52:04] DONE ok=1 fail=0
END 20260819 jo=45 R6 code=0
START 20260819 jo=45 R7
[16:52:06] START dates=['20260819'] jo=45 races=[7] out=/data/data/com.termux/files/home/Keirin-EV-Tool/scraper/data
[16:52:06] >>> 20260819 jo=45 R07
[16:52:44] OK  20260819 jo=45 R07 38s matrix=132 riders=7
[16:52:45] DONE ok=1 fail=0
END 20260819 jo=45 R7 code=0
START 20260819 jo=45 R8
[16:52:47] START dates=['20260819'] jo=45 races=[8] out=/data/data/com.termux/files/home/Keirin-EV-Tool/scraper/data
[16:52:47] >>> 20260819 jo=45 R08
[16:53:33] OK  20260819 jo=45 R08 46s matrix=0 riders=0
[16:53:34] DONE ok=1 fail=0
END 20260819 jo=45 R8 code=0
START 20260819 jo=45 R9
[16:53:36] START dates=['20260819'] jo=45 races=[9] out=/data/data/com.termux/files/home/Keirin-EV-Tool/scraper/data
[16:53:36] >>> 20260819 jo=45 R09
[16:54:25] OK  20260819 jo=45 R09 49s matrix=0 riders=0
[16:54:26] DONE ok=1 fail=0
END 20260819 jo=45 R9 code=0
START 20260819 jo=45 R10
[16:54:28] START dates=['20260819'] jo=45 races=[10] out=/data/data/com.termux/files/home/Keirin-EV-Tool/scraper/data
[16:54:28] >>> 20260819 jo=45 R10
[16:55:08] OK  20260819 jo=45 R10 40s matrix=0 riders=0
[16:55:09] DONE ok=1 fail=0
END 20260819 jo=45 R10 code=0
START 20260819 jo=45 R11
[16:55:11] START dates=['20260819'] jo=45 races=[11] out=/data/data/com.termux/files/home/Keirin-EV-Tool/scraper/data
[16:55:11] >>> 20260819 jo=45 R11
[16:56:01] OK  20260819 jo=45 R11 50s matrix=0 riders=0
[16:56:02] DONE ok=1 fail=0
END 20260819 jo=45 R11 code=0
START 20260819 jo=45 R12
[16:56:04] START dates=['20260819'] jo=45 races=[12] out=/data/data/com.termux/files/home/Keirin-EV-Tool/scraper/data
[16:56:04] >>> 20260819 jo=45 R12
[16:56:49] OK  20260819 jo=45 R12 45s matrix=0 riders=0
[16:56:50] DONE ok=1 fail=0
END 20260819 jo=45 R12 code=0
START 20260819 jo=48 R1
[16:56:52] START dates=['20260819'] jo=48 races=[1] out=/data/data/com.termux/files/home/Keirin-EV-Tool/scraper/data
[16:56:52] >>> 20260819 jo=48 R01
[16:57:36] OK  20260819 jo=48 R01 45s matrix=132 riders=7
[16:57:37] DONE ok=1 fail=0
END 20260819 jo=48 R1 code=0
START 20260819 jo=48 R2
[16:57:39] START dates=['20260819'] jo=48 races=[2] out=/data/data/com.termux/files/home/Keirin-EV-Tool/scraper/data
[16:57:39] >>> 20260819 jo=48 R02
[16:58:27] OK  20260819 jo=48 R02 48s matrix=132 riders=7
[16:58:28] DONE ok=1 fail=0
END 20260819 jo=48 R2 code=0
START 20260819 jo=48 R3
[16:58:30] START dates=['20260819'] jo=48 races=[3] out=/data/data/com.termux/files/home/Keirin-EV-Tool/scraper/data
[16:58:30] >>> 20260819 jo=48 R03
[16:59:13] OK  20260819 jo=48 R03 43s matrix=132 riders=7
[16:59:14] DONE ok=1 fail=0
END 20260819 jo=48 R3 code=0
START 20260819 jo=48 R4
[16:59:17] START dates=['20260819'] jo=48 races=[4] out=/data/data/com.termux/files/home/Keirin-EV-Tool/scraper/data
[16:59:17] >>> 20260819 jo=48 R04
[17:00:03] OK  20260819 jo=48 R04 46s matrix=132 riders=7
[17:00:04] DONE ok=1 fail=0
END 20260819 jo=48 R4 code=0
START 20260819 jo=48 R5
[17:00:07] START dates=['20260819'] jo=48 races=[5] out=/data/data/com.termux/files/home/Keirin-EV-Tool/scraper/data
[17:00:07] >>> 20260819 jo=48 R05
[17:00:56] OK  20260819 jo=48 R05 49s matrix=132 riders=7
[17:00:57] DONE ok=1 fail=0
END 20260819 jo=48 R5 code=0
START 20260819 jo=48 R6
[17:00:59] START dates=['20260819'] jo=48 races=[6] out=/data/data/com.termux/files/home/Keirin-EV-Tool/scraper/data
[17:00:59] >>> 20260819 jo=48 R06
[17:01:38] OK  20260819 jo=48 R06 39s matrix=78 riders=6
[17:01:39] DONE ok=1 fail=0
END 20260819 jo=48 R6 code=0
START 20260819 jo=48 R7
[17:01:41] START dates=['20260819'] jo=48 races=[7] out=/data/data/com.termux/files/home/Keirin-EV-Tool/scraper/data
[17:01:41] >>> 20260819 jo=48 R07
[17:02:37] OK  20260819 jo=48 R07 56s matrix=132 riders=7
[17:02:38] DONE ok=1 fail=0
END 20260819 jo=48 R7 code=0
START 20260819 jo=48 R8
[17:02:40] START dates=['20260819'] jo=48 races=[8] out=/data/data/com.termux/files/home/Keirin-EV-Tool/scraper/data
[17:02:40] >>> 20260819 jo=48 R08
[17:03:21] OK  20260819 jo=48 R08 41s matrix=132 riders=7
[17:03:22] DONE ok=1 fail=0
END 20260819 jo=48 R8 code=0
START 20260819 jo=48 R9
[17:03:24] START dates=['20260819'] jo=48 races=[9] out=/data/data/com.termux/files/home/Keirin-EV-Tool/scraper/data
[17:03:24] >>> 20260819 jo=48 R09
[17:04:06] OK  20260819 jo=48 R09 42s matrix=132 riders=7
[17:04:07] DONE ok=1 fail=0
END 20260819 jo=48 R9 code=0
START 20260819 jo=48 R10
[17:04:09] START dates=['20260819'] jo=48 races=[10] out=/data/data/com.termux/files/home/Keirin-EV-Tool/scraper/data
[17:04:09] >>> 20260819 jo=48 R10
[17:04:53] OK  20260819 jo=48 R10 45s matrix=132 riders=7
[17:04:54] DONE ok=1 fail=0
END 20260819 jo=48 R10 code=0
START 20260819 jo=48 R11
[17:04:57] START dates=['20260819'] jo=48 races=[11] out=/data/data/com.termux/files/home/Keirin-EV-Tool/scraper/data
[17:04:57] >>> 20260819 jo=48 R11
[17:05:36] OK  20260819 jo=48 R11 39s matrix=132 riders=7
[17:05:37] DONE ok=1 fail=0
END 20260819 jo=48 R11 code=0
START 20260819 jo=48 R12
[17:05:38] START dates=['20260819'] jo=48 races=[12] out=/data/data/com.termux/files/home/Keirin-EV-Tool/scraper/data
[17:05:38] >>> 20260819 jo=48 R12
[17:06:22] OK  20260819 jo=48 R12 44s matrix=132 riders=7
[17:06:23] DONE ok=1 fail=0
END 20260819 jo=48 R12 code=0
START 20260819 jo=74 R1
[17:06:26] START dates=['20260819'] jo=74 races=[1] out=/data/data/com.termux/files/home/Keirin-EV-Tool/scraper/data
[17:06:26] >>> 20260819 jo=74 R01
[17:07:09] OK  20260819 jo=74 R01 43s matrix=132 riders=7
[17:07:10] DONE ok=1 fail=0
END 20260819 jo=74 R1 code=0
START 20260819 jo=74 R2
[17:07:12] START dates=['20260819'] jo=74 races=[2] out=/data/data/com.termux/files/home/Keirin-EV-Tool/scraper/data
[17:07:12] >>> 20260819 jo=74 R02
[17:07:59] OK  20260819 jo=74 R02 47s matrix=132 riders=7
[17:08:00] DONE ok=1 fail=0
END 20260819 jo=74 R2 code=0
START 20260819 jo=74 R3
[17:08:02] START dates=['20260819'] jo=74 races=[3] out=/data/data/com.termux/files/home/Keirin-EV-Tool/scraper/data
[17:08:02] >>> 20260819 jo=74 R03
[17:08:48] OK  20260819 jo=74 R03 45s matrix=132 riders=7
[17:08:49] DONE ok=1 fail=0
END 20260819 jo=74 R3 code=0
START 20260819 jo=74 R4
[17:08:51] START dates=['20260819'] jo=74 races=[4] out=/data/data/com.termux/files/home/Keirin-EV-Tool/scraper/data
[17:08:51] >>> 20260819 jo=74 R04
[17:09:38] OK  20260819 jo=74 R04 47s matrix=132 riders=7
[17:09:39] DONE ok=1 fail=0
END 20260819 jo=74 R4 code=0
START 20260819 jo=74 R5
[17:09:41] START dates=['20260819'] jo=74 races=[5] out=/data/data/com.termux/files/home/Keirin-EV-Tool/scraper/data
[17:09:41] >>> 20260819 jo=74 R05
[17:10:21] OK  20260819 jo=74 R05 40s matrix=132 riders=7
[17:10:22] DONE ok=1 fail=0
END 20260819 jo=74 R5 code=0
START 20260819 jo=74 R6
[17:10:24] START dates=['20260819'] jo=74 races=[6] out=/data/data/com.termux/files/home/Keirin-EV-Tool/scraper/data
[17:10:24] >>> 20260819 jo=74 R06
[17:11:06] OK  20260819 jo=74 R06 42s matrix=132 riders=7
[17:11:07] DONE ok=1 fail=0
END 20260819 jo=74 R6 code=0
START 20260819 jo=74 R7
[17:11:09] START dates=['20260819'] jo=74 races=[7] out=/data/data/com.termux/files/home/Keirin-EV-Tool/scraper/data
[17:11:09] >>> 20260819 jo=74 R07
[17:11:58] OK  20260819 jo=74 R07 49s matrix=132 riders=7
[17:11:59] DONE ok=1 fail=0
END 20260819 jo=74 R7 code=0
START 20260819 jo=74 R8
[17:12:01] START dates=['20260819'] jo=74 races=[8] out=/data/data/com.termux/files/home/Keirin-EV-Tool/scraper/data
[17:12:01] >>> 20260819 jo=74 R08
[17:12:39] OK  20260819 jo=74 R08 38s matrix=132 riders=7
[17:12:40] DONE ok=1 fail=0
END 20260819 jo=74 R8 code=0
START 20260819 jo=74 R9
[17:12:43] START dates=['20260819'] jo=74 races=[9] out=/data/data/com.termux/files/home/Keirin-EV-Tool/scraper/data
[17:12:43] >>> 20260819 jo=74 R09
[17:13:25] OK  20260819 jo=74 R09 42s matrix=132 riders=7
[17:13:26] DONE ok=1 fail=0
END 20260819 jo=74 R9 code=0
START 20260819 jo=74 R10
[17:13:28] START dates=['20260819'] jo=74 races=[10] out=/data/data/com.termux/files/home/Keirin-EV-Tool/scraper/data
[17:13:28] >>> 20260819 jo=74 R10
[17:14:13] OK  20260819 jo=74 R10 45s matrix=132 riders=7
[17:14:14] DONE ok=1 fail=0
END 20260819 jo=74 R10 code=0
START 20260819 jo=74 R11
[17:14:16] START dates=['20260819'] jo=74 races=[11] out=/data/data/com.termux/files/home/Keirin-EV-Tool/scraper/data
[17:14:16] >>> 20260819 jo=74 R11
[17:15:00] OK  20260819 jo=74 R11 44s matrix=132 riders=7
[17:15:01] DONE ok=1 fail=0
END 20260819 jo=74 R11 code=0
START 20260819 jo=74 R12
[17:15:03] START dates=['20260819'] jo=74 races=[12] out=/data/data/com.termux/files/home/Keirin-EV-Tool/scraper/data
[17:15:03] >>> 20260819 jo=74 R12
[17:16:03] OK  20260819 jo=74 R12 60s matrix=132 riders=7
[17:16:04] DONE ok=1 fail=0
END 20260819 jo=74 R12 code=0
START 20260819 jo=85 R1
[17:16:07] START dates=['20260819'] jo=85 races=[1] out=/data/data/com.termux/files/home/Keirin-EV-Tool/scraper/data
[17:16:07] >>> 20260819 jo=85 R01
[17:16:58] OK  20260819 jo=85 R01 52s matrix=132 riders=7
[17:16:59] DONE ok=1 fail=0
END 20260819 jo=85 R1 code=0
START 20260819 jo=85 R2
[17:17:02] START dates=['20260819'] jo=85 races=[2] out=/data/data/com.termux/files/home/Keirin-EV-Tool/scraper/data
[17:17:02] >>> 20260819 jo=85 R02
[17:17:41] OK  20260819 jo=85 R02 40s matrix=132 riders=7
[17:17:42] DONE ok=1 fail=0
END 20260819 jo=85 R2 code=0
START 20260819 jo=85 R3
[17:17:44] START dates=['20260819'] jo=85 races=[3] out=/data/data/com.termux/files/home/Keirin-EV-Tool/scraper/data
[17:17:44] >>> 20260819 jo=85 R03
[17:18:22] OK  20260819 jo=85 R03 38s matrix=132 riders=7
[17:18:23] DONE ok=1 fail=0
END 20260819 jo=85 R3 code=0
START 20260819 jo=85 R4
[17:18:25] START dates=['20260819'] jo=85 races=[4] out=/data/data/com.termux/files/home/Keirin-EV-Tool/scraper/data
[17:18:25] >>> 20260819 jo=85 R04
[17:19:11] OK  20260819 jo=85 R04 45s matrix=132 riders=7
[17:19:12] DONE ok=1 fail=0
END 20260819 jo=85 R4 code=0
START 20260819 jo=85 R5
[17:19:14] START dates=['20260819'] jo=85 races=[5] out=/data/data/com.termux/files/home/Keirin-EV-Tool/scraper/data
[17:19:14] >>> 20260819 jo=85 R05
[17:19:53] OK  20260819 jo=85 R05 39s matrix=132 riders=7
[17:19:54] DONE ok=1 fail=0
END 20260819 jo=85 R5 code=0
START 20260819 jo=85 R6
[17:19:56] START dates=['20260819'] jo=85 races=[6] out=/data/data/com.termux/files/home/Keirin-EV-Tool/scraper/data
[17:19:56] >>> 20260819 jo=85 R06
[17:20:38] OK  20260819 jo=85 R06 42s matrix=132 riders=7
[17:20:39] DONE ok=1 fail=0
END 20260819 jo=85 R6 code=0
START 20260819 jo=85 R7
[17:20:41] START dates=['20260819'] jo=85 races=[7] out=/data/data/com.termux/files/home/Keirin-EV-Tool/scraper/data
[17:20:41] >>> 20260819 jo=85 R07
[17:21:25] OK  20260819 jo=85 R07 44s matrix=132 riders=7
[17:21:26] DONE ok=1 fail=0
END 20260819 jo=85 R7 code=0
START 20260819 jo=85 R8
[17:21:28] START dates=['20260819'] jo=85 races=[8] out=/data/data/com.termux/files/home/Keirin-EV-Tool/scraper/data
[17:21:28] >>> 20260819 jo=85 R08
[17:22:10] OK  20260819 jo=85 R08 42s matrix=132 riders=7
[17:22:11] DONE ok=1 fail=0
END 20260819 jo=85 R8 code=0
START 20260819 jo=85 R9
[17:22:13] START dates=['20260819'] jo=85 races=[9] out=/data/data/com.termux/files/home/Keirin-EV-Tool/scraper/data
[17:22:13] >>> 20260819 jo=85 R09
[17:22:54] OK  20260819 jo=85 R09 41s matrix=132 riders=7
[17:22:55] DONE ok=1 fail=0
END 20260819 jo=85 R9 code=0
START 20260819 jo=85 R10
[17:22:57] START dates=['20260819'] jo=85 races=[10] out=/data/data/com.termux/files/home/Keirin-EV-Tool/scraper/data
[17:22:57] >>> 20260819 jo=85 R10
[17:23:43] OK  20260819 jo=85 R10 46s matrix=0 riders=0
[17:23:44] DONE ok=1 fail=0
END 20260819 jo=85 R10 code=0
START 20260819 jo=85 R11
[17:23:45] START dates=['20260819'] jo=85 races=[11] out=/data/data/com.termux/files/home/Keirin-EV-Tool/scraper/data
[17:23:45] >>> 20260819 jo=85 R11
[17:24:31] OK  20260819 jo=85 R11 45s matrix=0 riders=0
[17:24:32] DONE ok=1 fail=0
END 20260819 jo=85 R11 code=0
START 20260819 jo=85 R12
[17:24:34] START dates=['20260819'] jo=85 races=[12] out=/data/data/com.termux/files/home/Keirin-EV-Tool/scraper/data
[17:24:34] >>> 20260819 jo=85 R12
[17:25:22] OK  20260819 jo=85 R12 48s matrix=0 riders=0
[17:25:23] DONE ok=1 fail=0
END 20260819 jo=85 R12 code=0
BATCH_DONE
BATCH_DONE
BATCH_DONE
BATCH_DONE
START 20260818 jo=21 R1
[19:20:54] START dates=['20260818'] jo=21 races=[1] out=/data/data/com.termux/files/home/Keirin-EV-Tool/scraper/data
[19:20:54] >>> 20260818 jo=21 R01
[19:21:52] OK  20260818 jo=21 R01 58s matrix=132 riders=7
[19:21:57] DONE ok=1 fail=0
END 20260818 jo=21 R1 code=0
START 20260818 jo=21 R2
[19:21:59] START dates=['20260818'] jo=21 races=[2] out=/data/data/com.termux/files/home/Keirin-EV-Tool/scraper/data
[19:21:59] >>> 20260818 jo=21 R02
[19:23:35] OK  20260818 jo=21 R02 96s matrix=132 riders=7
[19:23:40] DONE ok=1 fail=0
END 20260818 jo=21 R2 code=0
START 20260818 jo=21 R3
[19:23:48] START dates=['20260818'] jo=21 races=[3] out=/data/data/com.termux/files/home/Keirin-EV-Tool/scraper/data
[19:23:48] >>> 20260818 jo=21 R03
[19:24:37] OK  20260818 jo=21 R03 49s matrix=132 riders=7
[19:24:39] DONE ok=1 fail=0
END 20260818 jo=21 R3 code=0
START 20260818 jo=21 R4
[19:24:41] START dates=['20260818'] jo=21 races=[4] out=/data/data/com.termux/files/home/Keirin-EV-Tool/scraper/data
[19:24:41] >>> 20260818 jo=21 R04
[19:25:23] OK  20260818 jo=21 R04 42s matrix=132 riders=7
[19:25:24] DONE ok=1 fail=0
END 20260818 jo=21 R4 code=0
START 20260818 jo=21 R5
[19:25:26] START dates=['20260818'] jo=21 races=[5] out=/data/data/com.termux/files/home/Keirin-EV-Tool/scraper/data
[19:25:26] >>> 20260818 jo=21 R05
[19:26:10] OK  20260818 jo=21 R05 44s matrix=132 riders=7
[19:26:11] DONE ok=1 fail=0
END 20260818 jo=21 R5 code=0
START 20260818 jo=21 R6
[19:26:14] START dates=['20260818'] jo=21 races=[6] out=/data/data/com.termux/files/home/Keirin-EV-Tool/scraper/data
[19:26:14] >>> 20260818 jo=21 R06
[19:26:52] OK  20260818 jo=21 R06 39s matrix=132 riders=7
[19:26:53] DONE ok=1 fail=0
END 20260818 jo=21 R6 code=0
START 20260818 jo=21 R7
[19:26:56] START dates=['20260818'] jo=21 races=[7] out=/data/data/com.termux/files/home/Keirin-EV-Tool/scraper/data
[19:26:56] >>> 20260818 jo=21 R07
[19:27:39] OK  20260818 jo=21 R07 43s matrix=132 riders=7
[19:27:40] DONE ok=1 fail=0
END 20260818 jo=21 R7 code=0
START 20260818 jo=21 R8
[19:27:42] START dates=['20260818'] jo=21 races=[8] out=/data/data/com.termux/files/home/Keirin-EV-Tool/scraper/data
[19:27:42] >>> 20260818 jo=21 R08
[19:28:28] OK  20260818 jo=21 R08 46s matrix=132 riders=7
[19:28:29] DONE ok=1 fail=0
END 20260818 jo=21 R8 code=0
START 20260818 jo=21 R9
[19:28:34] START dates=['20260818'] jo=21 races=[9] out=/data/data/com.termux/files/home/Keirin-EV-Tool/scraper/data
[19:28:34] >>> 20260818 jo=21 R09
[19:29:14] OK  20260818 jo=21 R09 40s matrix=132 riders=7
[19:29:15] DONE ok=1 fail=0
END 20260818 jo=21 R9 code=0
START 20260818 jo=21 R10
[19:29:17] START dates=['20260818'] jo=21 races=[10] out=/data/data/com.termux/files/home/Keirin-EV-Tool/scraper/data
[19:29:17] >>> 20260818 jo=21 R10
[19:30:01] OK  20260818 jo=21 R10 44s matrix=0 riders=0
[19:30:02] DONE ok=1 fail=0
END 20260818 jo=21 R10 code=0
START 20260818 jo=21 R11
[19:30:04] START dates=['20260818'] jo=21 races=[11] out=/data/data/com.termux/files/home/Keirin-EV-Tool/scraper/data
[19:30:04] >>> 20260818 jo=21 R11
[19:30:48] OK  20260818 jo=21 R11 44s matrix=0 riders=0
[19:30:49] DONE ok=1 fail=0
END 20260818 jo=21 R11 code=0
START 20260818 jo=21 R12
[19:30:52] START dates=['20260818'] jo=21 races=[12] out=/data/data/com.termux/files/home/Keirin-EV-Tool/scraper/data
[19:30:52] >>> 20260818 jo=21 R12
[19:31:33] OK  20260818 jo=21 R12 41s matrix=0 riders=0
[19:31:34] DONE ok=1 fail=0
END 20260818 jo=21 R12 code=0
START 20260818 jo=28 R1
[19:31:36] START dates=['20260818'] jo=28 races=[1] out=/data/data/com.termux/files/home/Keirin-EV-Tool/scraper/data
[19:31:36] >>> 20260818 jo=28 R01
[19:32:20] OK  20260818 jo=28 R01 44s matrix=132 riders=7
[19:32:21] DONE ok=1 fail=0
END 20260818 jo=28 R1 code=0
START 20260818 jo=28 R2
[19:32:23] START dates=['20260818'] jo=28 races=[2] out=/data/data/com.termux/files/home/Keirin-EV-Tool/scraper/data
[19:32:23] >>> 20260818 jo=28 R02
[19:33:09] OK  20260818 jo=28 R02 47s matrix=132 riders=7
[19:33:10] DONE ok=1 fail=0
END 20260818 jo=28 R2 code=0
START 20260818 jo=28 R3
[19:33:13] START dates=['20260818'] jo=28 races=[3] out=/data/data/com.termux/files/home/Keirin-EV-Tool/scraper/data
[19:33:13] >>> 20260818 jo=28 R03
[19:33:54] OK  20260818 jo=28 R03 41s matrix=132 riders=7
[19:33:55] DONE ok=1 fail=0
END 20260818 jo=28 R3 code=0
START 20260818 jo=28 R4
[19:33:58] START dates=['20260818'] jo=28 races=[4] out=/data/data/com.termux/files/home/Keirin-EV-Tool/scraper/data
[19:33:58] >>> 20260818 jo=28 R04
[19:34:35] OK  20260818 jo=28 R04 37s matrix=132 riders=7
[19:34:36] DONE ok=1 fail=0
END 20260818 jo=28 R4 code=0
START 20260818 jo=28 R5
[19:34:38] START dates=['20260818'] jo=28 races=[5] out=/data/data/com.termux/files/home/Keirin-EV-Tool/scraper/data
[19:34:38] >>> 20260818 jo=28 R05
[19:35:21] OK  20260818 jo=28 R05 43s matrix=132 riders=7
[19:35:22] DONE ok=1 fail=0
END 20260818 jo=28 R5 code=0
START 20260818 jo=28 R6
[19:35:25] START dates=['20260818'] jo=28 races=[6] out=/data/data/com.termux/files/home/Keirin-EV-Tool/scraper/data
[19:35:25] >>> 20260818 jo=28 R06
[19:36:06] OK  20260818 jo=28 R06 41s matrix=132 riders=7
[19:36:07] DONE ok=1 fail=0
END 20260818 jo=28 R6 code=0
START 20260818 jo=28 R7
[19:36:09] START dates=['20260818'] jo=28 races=[7] out=/data/data/com.termux/files/home/Keirin-EV-Tool/scraper/data
[19:36:09] >>> 20260818 jo=28 R07
[19:36:51] OK  20260818 jo=28 R07 42s matrix=78 riders=6
[19:36:52] DONE ok=1 fail=0
END 20260818 jo=28 R7 code=0
START 20260818 jo=28 R8
[19:36:55] START dates=['20260818'] jo=28 races=[8] out=/data/data/com.termux/files/home/Keirin-EV-Tool/scraper/data
[19:36:55] >>> 20260818 jo=28 R08
[19:37:35] OK  20260818 jo=28 R08 41s matrix=132 riders=7
[19:37:36] DONE ok=1 fail=0
END 20260818 jo=28 R8 code=0
START 20260818 jo=28 R9
[19:37:39] START dates=['20260818'] jo=28 races=[9] out=/data/data/com.termux/files/home/Keirin-EV-Tool/scraper/data
[19:37:39] >>> 20260818 jo=28 R09
[19:38:27] OK  20260818 jo=28 R09 48s matrix=132 riders=7
[19:38:28] DONE ok=1 fail=0
END 20260818 jo=28 R9 code=0
START 20260818 jo=28 R10
[19:38:31] START dates=['20260818'] jo=28 races=[10] out=/data/data/com.termux/files/home/Keirin-EV-Tool/scraper/data
[19:38:31] >>> 20260818 jo=28 R10
[19:39:15] OK  20260818 jo=28 R10 44s matrix=132 riders=7
[19:39:16] DONE ok=1 fail=0
END 20260818 jo=28 R10 code=0
START 20260818 jo=28 R11
[19:39:18] START dates=['20260818'] jo=28 races=[11] out=/data/data/com.termux/files/home/Keirin-EV-Tool/scraper/data
[19:39:18] >>> 20260818 jo=28 R11
[19:40:00] OK  20260818 jo=28 R11 41s matrix=132 riders=7
[19:40:01] DONE ok=1 fail=0
END 20260818 jo=28 R11 code=0
START 20260818 jo=28 R12
[19:40:04] START dates=['20260818'] jo=28 races=[12] out=/data/data/com.termux/files/home/Keirin-EV-Tool/scraper/data
[19:40:04] >>> 20260818 jo=28 R12
[19:40:44] OK  20260818 jo=28 R12 41s matrix=0 riders=0
[19:40:45] DONE ok=1 fail=0
END 20260818 jo=28 R12 code=0
START 20260818 jo=37 R1
[19:40:48] START dates=['20260818'] jo=37 races=[1] out=/data/data/com.termux/files/home/Keirin-EV-Tool/scraper/data
[19:40:48] >>> 20260818 jo=37 R01
[19:41:27] OK  20260818 jo=37 R01 39s matrix=132 riders=7
[19:41:28] DONE ok=1 fail=0
END 20260818 jo=37 R1 code=0
START 20260818 jo=37 R2
[19:41:31] START dates=['20260818'] jo=37 races=[2] out=/data/data/com.termux/files/home/Keirin-EV-Tool/scraper/data
[19:41:31] >>> 20260818 jo=37 R02
[19:42:18] OK  20260818 jo=37 R02 48s matrix=82 riders=7
[19:42:19] DONE ok=1 fail=0
END 20260818 jo=37 R2 code=0
START 20260818 jo=37 R3
[19:42:22] START dates=['20260818'] jo=37 races=[3] out=/data/data/com.termux/files/home/Keirin-EV-Tool/scraper/data
[19:42:22] >>> 20260818 jo=37 R03
[19:43:09] OK  20260818 jo=37 R03 47s matrix=132 riders=7
[19:43:10] DONE ok=1 fail=0
END 20260818 jo=37 R3 code=0
START 20260818 jo=37 R4
[19:43:13] START dates=['20260818'] jo=37 races=[4] out=/data/data/com.termux/files/home/Keirin-EV-Tool/scraper/data
[19:43:13] >>> 20260818 jo=37 R04
[19:43:50] OK  20260818 jo=37 R04 37s matrix=78 riders=6
[19:43:51] DONE ok=1 fail=0
END 20260818 jo=37 R4 code=0
START 20260818 jo=37 R5
[19:43:53] START dates=['20260818'] jo=37 races=[5] out=/data/data/com.termux/files/home/Keirin-EV-Tool/scraper/data
[19:43:53] >>> 20260818 jo=37 R05
[19:44:36] OK  20260818 jo=37 R05 43s matrix=78 riders=6
[19:44:37] DONE ok=1 fail=0
END 20260818 jo=37 R5 code=0
START 20260818 jo=37 R6
[19:44:40] START dates=['20260818'] jo=37 races=[6] out=/data/data/com.termux/files/home/Keirin-EV-Tool/scraper/data
[19:44:40] >>> 20260818 jo=37 R06
[19:45:19] OK  20260818 jo=37 R06 39s matrix=78 riders=6
[19:45:20] DONE ok=1 fail=0
END 20260818 jo=37 R6 code=0
START 20260818 jo=37 R7
[19:45:23] START dates=['20260818'] jo=37 races=[7] out=/data/data/com.termux/files/home/Keirin-EV-Tool/scraper/data
[19:45:23] >>> 20260818 jo=37 R07
[19:46:05] OK  20260818 jo=37 R07 42s matrix=132 riders=7
[19:46:06] DONE ok=1 fail=0
END 20260818 jo=37 R7 code=0
START 20260818 jo=37 R8
[19:46:09] START dates=['20260818'] jo=37 races=[8] out=/data/data/com.termux/files/home/Keirin-EV-Tool/scraper/data
[19:46:09] >>> 20260818 jo=37 R08
[19:46:48] OK  20260818 jo=37 R08 39s matrix=132 riders=7
[19:46:49] DONE ok=1 fail=0
END 20260818 jo=37 R8 code=0
START 20260818 jo=37 R9
[19:46:52] START dates=['20260818'] jo=37 races=[9] out=/data/data/com.termux/files/home/Keirin-EV-Tool/scraper/data
[19:46:52] >>> 20260818 jo=37 R09
[19:47:37] OK  20260818 jo=37 R09 45s matrix=132 riders=7
[19:47:38] DONE ok=1 fail=0
END 20260818 jo=37 R9 code=0
START 20260818 jo=37 R10
[19:47:41] START dates=['20260818'] jo=37 races=[10] out=/data/data/com.termux/files/home/Keirin-EV-Tool/scraper/data
[19:47:41] >>> 20260818 jo=37 R10
[19:48:22] OK  20260818 jo=37 R10 42s matrix=132 riders=7
[19:48:23] DONE ok=1 fail=0
END 20260818 jo=37 R10 code=0
START 20260818 jo=37 R11
[19:48:26] START dates=['20260818'] jo=37 races=[11] out=/data/data/com.termux/files/home/Keirin-EV-Tool/scraper/data
[19:48:26] >>> 20260818 jo=37 R11
[19:49:08] OK  20260818 jo=37 R11 42s matrix=132 riders=7
[19:49:09] DONE ok=1 fail=0
END 20260818 jo=37 R11 code=0
START 20260818 jo=37 R12
[19:49:12] START dates=['20260818'] jo=37 races=[12] out=/data/data/com.termux/files/home/Keirin-EV-Tool/scraper/data
[19:49:12] >>> 20260818 jo=37 R12
[19:49:53] OK  20260818 jo=37 R12 41s matrix=0 riders=0
[19:49:54] DONE ok=1 fail=0
END 20260818 jo=37 R12 code=0
START 20260818 jo=44 R1
[19:49:57] START dates=['20260818'] jo=44 races=[1] out=/data/data/com.termux/files/home/Keirin-EV-Tool/scraper/data
[19:49:57] >>> 20260818 jo=44 R01
[19:50:37] OK  20260818 jo=44 R01 41s matrix=132 riders=7
[19:50:38] DONE ok=1 fail=0
END 20260818 jo=44 R1 code=0
START 20260818 jo=44 R2
[19:50:41] START dates=['20260818'] jo=44 races=[2] out=/data/data/com.termux/files/home/Keirin-EV-Tool/scraper/data
[19:50:41] >>> 20260818 jo=44 R02
[19:51:24] OK  20260818 jo=44 R02 43s matrix=132 riders=7
[19:51:26] DONE ok=1 fail=0
END 20260818 jo=44 R2 code=0
START 20260818 jo=44 R3
[19:51:28] START dates=['20260818'] jo=44 races=[3] out=/data/data/com.termux/files/home/Keirin-EV-Tool/scraper/data
[19:51:28] >>> 20260818 jo=44 R03
[19:52:10] OK  20260818 jo=44 R03 41s matrix=132 riders=7
[19:52:11] DONE ok=1 fail=0
END 20260818 jo=44 R3 code=0
START 20260818 jo=44 R4
[19:52:13] START dates=['20260818'] jo=44 races=[4] out=/data/data/com.termux/files/home/Keirin-EV-Tool/scraper/data
[19:52:13] >>> 20260818 jo=44 R04
[19:52:56] OK  20260818 jo=44 R04 42s matrix=132 riders=7
[19:52:57] DONE ok=1 fail=0
END 20260818 jo=44 R4 code=0
START 20260818 jo=44 R5
[19:53:00] START dates=['20260818'] jo=44 races=[5] out=/data/data/com.termux/files/home/Keirin-EV-Tool/scraper/data
[19:53:00] >>> 20260818 jo=44 R05
[19:53:41] OK  20260818 jo=44 R05 42s matrix=132 riders=7
[19:53:42] DONE ok=1 fail=0
END 20260818 jo=44 R5 code=0
START 20260818 jo=44 R6
[19:53:45] START dates=['20260818'] jo=44 races=[6] out=/data/data/com.termux/files/home/Keirin-EV-Tool/scraper/data
[19:53:45] >>> 20260818 jo=44 R06
[19:54:29] OK  20260818 jo=44 R06 44s matrix=132 riders=7
[19:54:30] DONE ok=1 fail=0
END 20260818 jo=44 R6 code=0
START 20260818 jo=44 R7
[19:54:33] START dates=['20260818'] jo=44 races=[7] out=/data/data/com.termux/files/home/Keirin-EV-Tool/scraper/data
[19:54:33] >>> 20260818 jo=44 R07
[19:55:15] OK  20260818 jo=44 R07 42s matrix=132 riders=7
[19:55:16] DONE ok=1 fail=0
END 20260818 jo=44 R7 code=0
START 20260818 jo=44 R8
[19:55:19] START dates=['20260818'] jo=44 races=[8] out=/data/data/com.termux/files/home/Keirin-EV-Tool/scraper/data
[19:55:19] >>> 20260818 jo=44 R08
[19:56:02] OK  20260818 jo=44 R08 43s matrix=132 riders=7
[19:56:03] DONE ok=1 fail=0
END 20260818 jo=44 R8 code=0
START 20260818 jo=44 R9
[19:56:06] START dates=['20260818'] jo=44 races=[9] out=/data/data/com.termux/files/home/Keirin-EV-Tool/scraper/data
[19:56:06] >>> 20260818 jo=44 R09
[19:56:53] OK  20260818 jo=44 R09 47s matrix=132 riders=7
[19:56:54] DONE ok=1 fail=0
END 20260818 jo=44 R9 code=0
START 20260818 jo=44 R10
[19:56:56] START dates=['20260818'] jo=44 races=[10] out=/data/data/com.termux/files/home/Keirin-EV-Tool/scraper/data
[19:56:56] >>> 20260818 jo=44 R10
[19:57:37] OK  20260818 jo=44 R10 41s matrix=132 riders=7
[19:57:38] DONE ok=1 fail=0
END 20260818 jo=44 R10 code=0
START 20260818 jo=44 R11
[19:57:41] START dates=['20260818'] jo=44 races=[11] out=/data/data/com.termux/files/home/Keirin-EV-Tool/scraper/data
[19:57:41] >>> 20260818 jo=44 R11
[19:58:26] OK  20260818 jo=44 R11 45s matrix=132 riders=7
[19:58:27] DONE ok=1 fail=0
END 20260818 jo=44 R11 code=0
START 20260818 jo=44 R12
[19:58:30] START dates=['20260818'] jo=44 races=[12] out=/data/data/com.termux/files/home/Keirin-EV-Tool/scraper/data
[19:58:30] >>> 20260818 jo=44 R12
[19:59:09] OK  20260818 jo=44 R12 39s matrix=132 riders=7
[19:59:10] DONE ok=1 fail=0
END 20260818 jo=44 R12 code=0
START 20260818 jo=45 R1
[19:59:13] START dates=['20260818'] jo=45 races=[1] out=/data/data/com.termux/files/home/Keirin-EV-Tool/scraper/data
[19:59:13] >>> 20260818 jo=45 R01
[19:59:54] OK  20260818 jo=45 R01 41s matrix=132 riders=7
[19:59:55] DONE ok=1 fail=0
END 20260818 jo=45 R1 code=0
START 20260818 jo=45 R2
[19:59:58] START dates=['20260818'] jo=45 races=[2] out=/data/data/com.termux/files/home/Keirin-EV-Tool/scraper/data
[19:59:58] >>> 20260818 jo=45 R02
[20:00:43] OK  20260818 jo=45 R02 46s matrix=132 riders=7
[20:00:44] DONE ok=1 fail=0
END 20260818 jo=45 R2 code=0
START 20260818 jo=45 R3
[20:00:47] START dates=['20260818'] jo=45 races=[3] out=/data/data/com.termux/files/home/Keirin-EV-Tool/scraper/data
[20:00:47] >>> 20260818 jo=45 R03
[20:01:30] OK  20260818 jo=45 R03 43s matrix=132 riders=7
[20:01:31] DONE ok=1 fail=0
END 20260818 jo=45 R3 code=0
START 20260818 jo=45 R4
[20:01:34] START dates=['20260818'] jo=45 races=[4] out=/data/data/com.termux/files/home/Keirin-EV-Tool/scraper/data
[20:01:34] >>> 20260818 jo=45 R04
[20:02:16] OK  20260818 jo=45 R04 42s matrix=132 riders=7
[20:02:17] DONE ok=1 fail=0
END 20260818 jo=45 R4 code=0
START 20260818 jo=45 R5
[20:02:19] START dates=['20260818'] jo=45 races=[5] out=/data/data/com.termux/files/home/Keirin-EV-Tool/scraper/data
[20:02:19] >>> 20260818 jo=45 R05
[20:03:11] OK  20260818 jo=45 R05 52s matrix=132 riders=7
[20:03:12] DONE ok=1 fail=0
END 20260818 jo=45 R5 code=0
START 20260818 jo=45 R6
[20:03:15] START dates=['20260818'] jo=45 races=[6] out=/data/data/com.termux/files/home/Keirin-EV-Tool/scraper/data
[20:03:15] >>> 20260818 jo=45 R06
[20:03:55] OK  20260818 jo=45 R06 40s matrix=132 riders=7
[20:03:56] DONE ok=1 fail=0
END 20260818 jo=45 R6 code=0
START 20260818 jo=45 R7
[20:03:59] START dates=['20260818'] jo=45 races=[7] out=/data/data/com.termux/files/home/Keirin-EV-Tool/scraper/data
[20:03:59] >>> 20260818 jo=45 R07
[20:04:44] OK  20260818 jo=45 R07 45s matrix=132 riders=7
[20:04:45] DONE ok=1 fail=0
END 20260818 jo=45 R7 code=0
START 20260818 jo=45 R8
[20:04:48] START dates=['20260818'] jo=45 races=[8] out=/data/data/com.termux/files/home/Keirin-EV-Tool/scraper/data
[20:04:48] >>> 20260818 jo=45 R08
[20:05:32] OK  20260818 jo=45 R08 44s matrix=0 riders=0
[20:05:33] DONE ok=1 fail=0
END 20260818 jo=45 R8 code=0
START 20260818 jo=45 R9
[20:05:36] START dates=['20260818'] jo=45 races=[9] out=/data/data/com.termux/files/home/Keirin-EV-Tool/scraper/data
[20:05:36] >>> 20260818 jo=45 R09
[20:06:22] OK  20260818 jo=45 R09 47s matrix=0 riders=0
[20:06:23] DONE ok=1 fail=0
END 20260818 jo=45 R9 code=0
START 20260818 jo=45 R10
[20:06:26] START dates=['20260818'] jo=45 races=[10] out=/data/data/com.termux/files/home/Keirin-EV-Tool/scraper/data
[20:06:26] >>> 20260818 jo=45 R10
[20:07:15] OK  20260818 jo=45 R10 49s matrix=0 riders=0
[20:07:16] DONE ok=1 fail=0
END 20260818 jo=45 R10 code=0
START 20260818 jo=45 R11
[20:07:19] START dates=['20260818'] jo=45 races=[11] out=/data/data/com.termux/files/home/Keirin-EV-Tool/scraper/data
[20:07:19] >>> 20260818 jo=45 R11
[20:08:07] OK  20260818 jo=45 R11 49s matrix=0 riders=0
[20:08:08] DONE ok=1 fail=0
END 20260818 jo=45 R11 code=0
START 20260818 jo=45 R12
[20:08:11] START dates=['20260818'] jo=45 races=[12] out=/data/data/com.termux/files/home/Keirin-EV-Tool/scraper/data
[20:08:11] >>> 20260818 jo=45 R12
[20:08:57] OK  20260818 jo=45 R12 46s matrix=0 riders=0
[20:08:58] DONE ok=1 fail=0
END 20260818 jo=45 R12 code=0
START 20260818 jo=48 R1
[20:09:01] START dates=['20260818'] jo=48 races=[1] out=/data/data/com.termux/files/home/Keirin-EV-Tool/scraper/data
[20:09:01] >>> 20260818 jo=48 R01
[20:09:57] OK  20260818 jo=48 R01 56s matrix=132 riders=7
[20:09:58] DONE ok=1 fail=0
END 20260818 jo=48 R1 code=0
START 20260818 jo=48 R2
[20:10:01] START dates=['20260818'] jo=48 races=[2] out=/data/data/com.termux/files/home/Keirin-EV-Tool/scraper/data
[20:10:01] >>> 20260818 jo=48 R02
[20:10:46] OK  20260818 jo=48 R02 44s matrix=132 riders=7
[20:10:47] DONE ok=1 fail=0
END 20260818 jo=48 R2 code=0
START 20260818 jo=48 R3
[20:10:49] START dates=['20260818'] jo=48 races=[3] out=/data/data/com.termux/files/home/Keirin-EV-Tool/scraper/data
[20:10:49] >>> 20260818 jo=48 R03
[20:11:42] OK  20260818 jo=48 R03 53s matrix=132 riders=7
[20:11:43] DONE ok=1 fail=0
END 20260818 jo=48 R3 code=0
START 20260818 jo=48 R4
[20:11:46] START dates=['20260818'] jo=48 races=[4] out=/data/data/com.termux/files/home/Keirin-EV-Tool/scraper/data
[20:11:46] >>> 20260818 jo=48 R04
[20:12:27] OK  20260818 jo=48 R04 41s matrix=132 riders=7
[20:12:28] DONE ok=1 fail=0
END 20260818 jo=48 R4 code=0
START 20260818 jo=48 R5
[20:12:31] START dates=['20260818'] jo=48 races=[5] out=/data/data/com.termux/files/home/Keirin-EV-Tool/scraper/data
[20:12:31] >>> 20260818 jo=48 R05
[20:13:11] OK  20260818 jo=48 R05 40s matrix=132 riders=7
[20:13:12] DONE ok=1 fail=0
END 20260818 jo=48 R5 code=0
START 20260818 jo=48 R6
[20:13:15] START dates=['20260818'] jo=48 races=[6] out=/data/data/com.termux/files/home/Keirin-EV-Tool/scraper/data
[20:13:15] >>> 20260818 jo=48 R06
[20:13:54] OK  20260818 jo=48 R06 39s matrix=132 riders=7
[20:13:55] DONE ok=1 fail=0
END 20260818 jo=48 R6 code=0
START 20260818 jo=48 R7
[20:13:58] START dates=['20260818'] jo=48 races=[7] out=/data/data/com.termux/files/home/Keirin-EV-Tool/scraper/data
[20:13:58] >>> 20260818 jo=48 R07
[20:14:44] OK  20260818 jo=48 R07 46s matrix=132 riders=7
[20:14:45] DONE ok=1 fail=0
END 20260818 jo=48 R7 code=0
START 20260818 jo=48 R8
[20:14:48] START dates=['20260818'] jo=48 races=[8] out=/data/data/com.termux/files/home/Keirin-EV-Tool/scraper/data
[20:14:48] >>> 20260818 jo=48 R08
[20:15:46] OK  20260818 jo=48 R08 58s matrix=132 riders=7
[20:15:47] DONE ok=1 fail=0
END 20260818 jo=48 R8 code=0
START 20260818 jo=48 R9
[20:15:51] START dates=['20260818'] jo=48 races=[9] out=/data/data/com.termux/files/home/Keirin-EV-Tool/scraper/data
[20:15:51] >>> 20260818 jo=48 R09
[20:16:43] OK  20260818 jo=48 R09 52s matrix=132 riders=7
[20:16:44] DONE ok=1 fail=0
END 20260818 jo=48 R9 code=0
START 20260818 jo=48 R10
[20:16:47] START dates=['20260818'] jo=48 races=[10] out=/data/data/com.termux/files/home/Keirin-EV-Tool/scraper/data
[20:16:47] >>> 20260818 jo=48 R10
[20:17:33] OK  20260818 jo=48 R10 45s matrix=132 riders=7
[20:17:34] DONE ok=1 fail=0
END 20260818 jo=48 R10 code=0
START 20260818 jo=48 R11
[20:17:37] START dates=['20260818'] jo=48 races=[11] out=/data/data/com.termux/files/home/Keirin-EV-Tool/scraper/data
[20:17:37] >>> 20260818 jo=48 R11
[20:18:15] OK  20260818 jo=48 R11 38s matrix=132 riders=7
[20:18:16] DONE ok=1 fail=0
END 20260818 jo=48 R11 code=0
START 20260818 jo=48 R12
[20:18:19] START dates=['20260818'] jo=48 races=[12] out=/data/data/com.termux/files/home/Keirin-EV-Tool/scraper/data
[20:18:19] >>> 20260818 jo=48 R12
[20:19:06] OK  20260818 jo=48 R12 47s matrix=132 riders=7
[20:19:07] DONE ok=1 fail=0
END 20260818 jo=48 R12 code=0
START 20260818 jo=74 R1
[20:19:09] START dates=['20260818'] jo=74 races=[1] out=/data/data/com.termux/files/home/Keirin-EV-Tool/scraper/data
[20:19:09] >>> 20260818 jo=74 R01
[20:19:56] OK  20260818 jo=74 R01 47s matrix=132 riders=7
[20:19:57] DONE ok=1 fail=0
END 20260818 jo=74 R1 code=0
START 20260818 jo=74 R2
[20:20:00] START dates=['20260818'] jo=74 races=[2] out=/data/data/com.termux/files/home/Keirin-EV-Tool/scraper/data
[20:20:00] >>> 20260818 jo=74 R02
[20:20:50] OK  20260818 jo=74 R02 50s matrix=132 riders=7
[20:20:51] DONE ok=1 fail=0
END 20260818 jo=74 R2 code=0
START 20260818 jo=74 R3
[20:20:53] START dates=['20260818'] jo=74 races=[3] out=/data/data/com.termux/files/home/Keirin-EV-Tool/scraper/data
[20:20:53] >>> 20260818 jo=74 R03
[20:21:44] OK  20260818 jo=74 R03 50s matrix=132 riders=7
[20:21:45] DONE ok=1 fail=0
END 20260818 jo=74 R3 code=0
START 20260818 jo=74 R4
[20:21:47] START dates=['20260818'] jo=74 races=[4] out=/data/data/com.termux/files/home/Keirin-EV-Tool/scraper/data
[20:21:47] >>> 20260818 jo=74 R04
[20:22:30] OK  20260818 jo=74 R04 43s matrix=132 riders=7
[20:22:31] DONE ok=1 fail=0
END 20260818 jo=74 R4 code=0
START 20260818 jo=74 R5
[20:22:33] START dates=['20260818'] jo=74 races=[5] out=/data/data/com.termux/files/home/Keirin-EV-Tool/scraper/data
[20:22:33] >>> 20260818 jo=74 R05
[20:23:20] OK  20260818 jo=74 R05 47s matrix=132 riders=7
[20:23:21] DONE ok=1 fail=0
END 20260818 jo=74 R5 code=0
START 20260818 jo=74 R6
[20:23:24] START dates=['20260818'] jo=74 races=[6] out=/data/data/com.termux/files/home/Keirin-EV-Tool/scraper/data
[20:23:24] >>> 20260818 jo=74 R06
[20:24:10] OK  20260818 jo=74 R06 46s matrix=132 riders=7
[20:24:11] DONE ok=1 fail=0
END 20260818 jo=74 R6 code=0
START 20260818 jo=74 R7
[20:24:14] START dates=['20260818'] jo=74 races=[7] out=/data/data/com.termux/files/home/Keirin-EV-Tool/scraper/data
[20:24:14] >>> 20260818 jo=74 R07
[20:25:25] OK  20260818 jo=74 R07 72s matrix=132 riders=7
[20:25:26] DONE ok=1 fail=0
END 20260818 jo=74 R7 code=0
START 20260818 jo=74 R8
[20:25:29] START dates=['20260818'] jo=74 races=[8] out=/data/data/com.termux/files/home/Keirin-EV-Tool/scraper/data
[20:25:29] >>> 20260818 jo=74 R08
[20:26:11] OK  20260818 jo=74 R08 43s matrix=132 riders=7
[20:26:12] DONE ok=1 fail=0
END 20260818 jo=74 R8 code=0
START 20260818 jo=74 R9
[20:26:15] START dates=['20260818'] jo=74 races=[9] out=/data/data/com.termux/files/home/Keirin-EV-Tool/scraper/data
[20:26:15] >>> 20260818 jo=74 R09
[20:26:57] OK  20260818 jo=74 R09 42s matrix=132 riders=7
[20:26:58] DONE ok=1 fail=0
END 20260818 jo=74 R9 code=0
START 20260818 jo=74 R10
[20:27:00] START dates=['20260818'] jo=74 races=[10] out=/data/data/com.termux/files/home/Keirin-EV-Tool/scraper/data
[20:27:00] >>> 20260818 jo=74 R10
[20:27:42] OK  20260818 jo=74 R10 42s matrix=132 riders=7
[20:27:43] DONE ok=1 fail=0
END 20260818 jo=74 R10 code=0
START 20260818 jo=74 R11
[20:27:46] START dates=['20260818'] jo=74 races=[11] out=/data/data/com.termux/files/home/Keirin-EV-Tool/scraper/data
[20:27:46] >>> 20260818 jo=74 R11
[20:28:31] OK  20260818 jo=74 R11 45s matrix=132 riders=7
[20:28:32] DONE ok=1 fail=0
END 20260818 jo=74 R11 code=0
START 20260818 jo=74 R12
[20:28:35] START dates=['20260818'] jo=74 races=[12] out=/data/data/com.termux/files/home/Keirin-EV-Tool/scraper/data
[20:28:35] >>> 20260818 jo=74 R12
[20:29:15] OK  20260818 jo=74 R12 40s matrix=132 riders=7
[20:29:16] DONE ok=1 fail=0
END 20260818 jo=74 R12 code=0
START 20260818 jo=85 R1
[20:29:18] START dates=['20260818'] jo=85 races=[1] out=/data/data/com.termux/files/home/Keirin-EV-Tool/scraper/data
[20:29:18] >>> 20260818 jo=85 R01
[20:30:09] OK  20260818 jo=85 R01 50s matrix=132 riders=7
[20:30:10] DONE ok=1 fail=0
END 20260818 jo=85 R1 code=0
START 20260818 jo=85 R2
[20:30:13] START dates=['20260818'] jo=85 races=[2] out=/data/data/com.termux/files/home/Keirin-EV-Tool/scraper/data
[20:30:13] >>> 20260818 jo=85 R02
[20:30:57] OK  20260818 jo=85 R02 44s matrix=132 riders=7
[20:30:58] DONE ok=1 fail=0
END 20260818 jo=85 R2 code=0
START 20260818 jo=85 R3
[20:31:01] START dates=['20260818'] jo=85 races=[3] out=/data/data/com.termux/files/home/Keirin-EV-Tool/scraper/data
[20:31:01] >>> 20260818 jo=85 R03
[20:31:39] OK  20260818 jo=85 R03 38s matrix=132 riders=7
[20:31:40] DONE ok=1 fail=0
END 20260818 jo=85 R3 code=0
START 20260818 jo=85 R4
[20:31:43] START dates=['20260818'] jo=85 races=[4] out=/data/data/com.termux/files/home/Keirin-EV-Tool/scraper/data
[20:31:43] >>> 20260818 jo=85 R04
[20:32:33] OK  20260818 jo=85 R04 50s matrix=132 riders=7
[20:32:34] DONE ok=1 fail=0
END 20260818 jo=85 R4 code=0
START 20260818 jo=85 R5
[20:32:36] START dates=['20260818'] jo=85 races=[5] out=/data/data/com.termux/files/home/Keirin-EV-Tool/scraper/data
[20:32:36] >>> 20260818 jo=85 R05
[20:33:24] OK  20260818 jo=85 R05 48s matrix=132 riders=7
[20:33:25] DONE ok=1 fail=0
END 20260818 jo=85 R5 code=0
START 20260818 jo=85 R6
[20:33:27] START dates=['20260818'] jo=85 races=[6] out=/data/data/com.termux/files/home/Keirin-EV-Tool/scraper/data
[20:33:27] >>> 20260818 jo=85 R06
[20:34:31] OK  20260818 jo=85 R06 64s matrix=132 riders=7
[20:34:32] DONE ok=1 fail=0
END 20260818 jo=85 R6 code=0
START 20260818 jo=85 R7
[20:34:35] START dates=['20260818'] jo=85 races=[7] out=/data/data/com.termux/files/home/Keirin-EV-Tool/scraper/data
[20:34:35] >>> 20260818 jo=85 R07
[20:35:33] OK  20260818 jo=85 R07 58s matrix=132 riders=7
[20:35:34] DONE ok=1 fail=0
END 20260818 jo=85 R7 code=0
START 20260818 jo=85 R8
[20:35:47] START dates=['20260818'] jo=85 races=[8] out=/data/data/com.termux/files/home/Keirin-EV-Tool/scraper/data
[20:35:47] >>> 20260818 jo=85 R08
[20:37:02] OK  20260818 jo=85 R08 75s matrix=132 riders=7
[20:37:12] DONE ok=1 fail=0
END 20260818 jo=85 R8 code=0
START 20260818 jo=85 R9
[20:37:14] START dates=['20260818'] jo=85 races=[9] out=/data/data/com.termux/files/home/Keirin-EV-Tool/scraper/data
[20:37:14] >>> 20260818 jo=85 R09
[20:37:59] OK  20260818 jo=85 R09 45s matrix=132 riders=7
[20:38:03] DONE ok=1 fail=0
END 20260818 jo=85 R9 code=0
START 20260818 jo=85 R10
[20:38:11] START dates=['20260818'] jo=85 races=[10] out=/data/data/com.termux/files/home/Keirin-EV-Tool/scraper/data
[20:38:11] >>> 20260818 jo=85 R10
[20:38:58] OK  20260818 jo=85 R10 47s matrix=0 riders=0
[20:38:59] DONE ok=1 fail=0
END 20260818 jo=85 R10 code=0
START 20260818 jo=85 R11
[20:39:01] START dates=['20260818'] jo=85 races=[11] out=/data/data/com.termux/files/home/Keirin-EV-Tool/scraper/data
[20:39:01] >>> 20260818 jo=85 R11
[20:39:41] OK  20260818 jo=85 R11 40s matrix=0 riders=0
[20:39:42] DONE ok=1 fail=0
END 20260818 jo=85 R11 code=0
START 20260818 jo=85 R12
[20:39:44] START dates=['20260818'] jo=85 races=[12] out=/data/data/com.termux/files/home/Keirin-EV-Tool/scraper/data
[20:39:44] >>> 20260818 jo=85 R12
[20:40:36] OK  20260818 jo=85 R12 51s matrix=0 riders=0
[20:40:42] DONE ok=1 fail=0
END 20260818 jo=85 R12 code=0
START 20260818 jo=86 R1
[20:40:44] START dates=['20260818'] jo=86 races=[1] out=/data/data/com.termux/files/home/Keirin-EV-Tool/scraper/data
[20:40:44] >>> 20260818 jo=86 R01
[20:41:48] OK  20260818 jo=86 R01 64s matrix=78 riders=6
[20:41:50] DONE ok=1 fail=0
END 20260818 jo=86 R1 code=0
START 20260818 jo=86 R2
[20:41:53] START dates=['20260818'] jo=86 races=[2] out=/data/data/com.termux/files/home/Keirin-EV-Tool/scraper/data
[20:41:53] >>> 20260818 jo=86 R02
[20:42:36] OK  20260818 jo=86 R02 43s matrix=78 riders=6
[20:42:37] DONE ok=1 fail=0
END 20260818 jo=86 R2 code=0
START 20260818 jo=86 R3
[20:42:40] START dates=['20260818'] jo=86 races=[3] out=/data/data/com.termux/files/home/Keirin-EV-Tool/scraper/data
[20:42:40] >>> 20260818 jo=86 R03
[20:43:20] OK  20260818 jo=86 R03 40s matrix=78 riders=6
[20:43:21] DONE ok=1 fail=0
END 20260818 jo=86 R3 code=0
START 20260818 jo=86 R4
[20:43:23] START dates=['20260818'] jo=86 races=[4] out=/data/data/com.termux/files/home/Keirin-EV-Tool/scraper/data
[20:43:23] >>> 20260818 jo=86 R04
[20:44:11] OK  20260818 jo=86 R04 48s matrix=132 riders=7
[20:44:12] DONE ok=1 fail=0
END 20260818 jo=86 R4 code=0
START 20260818 jo=86 R5
[20:44:14] START dates=['20260818'] jo=86 races=[5] out=/data/data/com.termux/files/home/Keirin-EV-Tool/scraper/data
[20:44:14] >>> 20260818 jo=86 R05
[20:44:56] OK  20260818 jo=86 R05 41s matrix=132 riders=7
[20:44:57] DONE ok=1 fail=0
END 20260818 jo=86 R5 code=0
START 20260818 jo=86 R6
[20:44:59] START dates=['20260818'] jo=86 races=[6] out=/data/data/com.termux/files/home/Keirin-EV-Tool/scraper/data
[20:44:59] >>> 20260818 jo=86 R06
[20:45:40] OK  20260818 jo=86 R06 42s matrix=132 riders=7
[20:45:41] DONE ok=1 fail=0
END 20260818 jo=86 R6 code=0
START 20260818 jo=86 R7
[20:45:43] START dates=['20260818'] jo=86 races=[7] out=/data/data/com.termux/files/home/Keirin-EV-Tool/scraper/data
[20:45:43] >>> 20260818 jo=86 R07
[20:46:26] OK  20260818 jo=86 R07 43s matrix=132 riders=7
[20:46:27] DONE ok=1 fail=0
END 20260818 jo=86 R7 code=0
START 20260818 jo=86 R8
[20:46:29] START dates=['20260818'] jo=86 races=[8] out=/data/data/com.termux/files/home/Keirin-EV-Tool/scraper/data
[20:46:29] >>> 20260818 jo=86 R08
[20:47:14] OK  20260818 jo=86 R08 44s matrix=0 riders=0
[20:47:15] DONE ok=1 fail=0
END 20260818 jo=86 R8 code=0
START 20260818 jo=86 R9
[20:47:20] START dates=['20260818'] jo=86 races=[9] out=/data/data/com.termux/files/home/Keirin-EV-Tool/scraper/data
[20:47:20] >>> 20260818 jo=86 R09
[20:48:20] OK  20260818 jo=86 R09 60s matrix=0 riders=0
[20:48:21] DONE ok=1 fail=0
END 20260818 jo=86 R9 code=0
START 20260818 jo=86 R10
[20:48:24] START dates=['20260818'] jo=86 races=[10] out=/data/data/com.termux/files/home/Keirin-EV-Tool/scraper/data
[20:48:24] >>> 20260818 jo=86 R10
[20:49:11] OK  20260818 jo=86 R10 48s matrix=0 riders=0
[20:49:12] DONE ok=1 fail=0
END 20260818 jo=86 R10 code=0
START 20260818 jo=86 R11
[20:49:15] START dates=['20260818'] jo=86 races=[11] out=/data/data/com.termux/files/home/Keirin-EV-Tool/scraper/data
[20:49:15] >>> 20260818 jo=86 R11
[20:49:58] OK  20260818 jo=86 R11 43s matrix=0 riders=0
[20:49:59] DONE ok=1 fail=0
END 20260818 jo=86 R11 code=0
START 20260818 jo=86 R12
[20:50:01] START dates=['20260818'] jo=86 races=[12] out=/data/data/com.termux/files/home/Keirin-EV-Tool/scraper/data
[20:50:01] >>> 20260818 jo=86 R12
[20:50:48] OK  20260818 jo=86 R12 47s matrix=0 riders=0
[20:50:49] DONE ok=1 fail=0
END 20260818 jo=86 R12 code=0
BATCH_DONE
START 20260817 jo=22 R1
[20:06:39] START dates=['20260817'] jo=22 races=[1] out=/data/data/com.termux/files/home/Keirin-EV-Tool/scraper/data
[20:06:39] >>> 20260817 jo=22 R01
[20:07:22] OK  20260817 jo=22 R01 43s matrix=132 riders=7
[20:07:23] DONE ok=1 fail=0
END 20260817 jo=22 R1 code=0
START 20260817 jo=22 R2
[20:07:25] START dates=['20260817'] jo=22 races=[2] out=/data/data/com.termux/files/home/Keirin-EV-Tool/scraper/data
[20:07:25] >>> 20260817 jo=22 R02
[20:08:07] OK  20260817 jo=22 R02 42s matrix=132 riders=7
[20:08:08] DONE ok=1 fail=0
END 20260817 jo=22 R2 code=0
START 20260817 jo=22 R3
[20:08:10] START dates=['20260817'] jo=22 races=[3] out=/data/data/com.termux/files/home/Keirin-EV-Tool/scraper/data
[20:08:10] >>> 20260817 jo=22 R03
[20:08:51] OK  20260817 jo=22 R03 41s matrix=132 riders=7
[20:08:52] DONE ok=1 fail=0
END 20260817 jo=22 R3 code=0
START 20260817 jo=22 R4
[20:08:54] START dates=['20260817'] jo=22 races=[4] out=/data/data/com.termux/files/home/Keirin-EV-Tool/scraper/data
[20:08:54] >>> 20260817 jo=22 R04
[20:09:37] OK  20260817 jo=22 R04 43s matrix=132 riders=7
[20:09:38] DONE ok=1 fail=0
END 20260817 jo=22 R4 code=0
START 20260817 jo=22 R5
[20:09:40] START dates=['20260817'] jo=22 races=[5] out=/data/data/com.termux/files/home/Keirin-EV-Tool/scraper/data
[20:09:40] >>> 20260817 jo=22 R05
[20:10:19] OK  20260817 jo=22 R05 39s matrix=132 riders=7
[20:10:20] DONE ok=1 fail=0
END 20260817 jo=22 R5 code=0
START 20260817 jo=22 R6
[20:10:22] START dates=['20260817'] jo=22 races=[6] out=/data/data/com.termux/files/home/Keirin-EV-Tool/scraper/data
[20:10:22] >>> 20260817 jo=22 R06
[20:11:05] OK  20260817 jo=22 R06 43s matrix=132 riders=7
[20:11:06] DONE ok=1 fail=0
END 20260817 jo=22 R6 code=0
START 20260817 jo=22 R7
[20:11:08] START dates=['20260817'] jo=22 races=[7] out=/data/data/com.termux/files/home/Keirin-EV-Tool/scraper/data
[20:11:08] >>> 20260817 jo=22 R07
[20:11:48] OK  20260817 jo=22 R07 40s matrix=132 riders=7
[20:11:49] DONE ok=1 fail=0
END 20260817 jo=22 R7 code=0
START 20260817 jo=22 R8
[20:11:51] START dates=['20260817'] jo=22 races=[8] out=/data/data/com.termux/files/home/Keirin-EV-Tool/scraper/data
[20:11:51] >>> 20260817 jo=22 R08
[20:12:37] OK  20260817 jo=22 R08 46s matrix=132 riders=7
[20:12:38] DONE ok=1 fail=0
END 20260817 jo=22 R8 code=0
START 20260817 jo=22 R9
[20:12:40] START dates=['20260817'] jo=22 races=[9] out=/data/data/com.termux/files/home/Keirin-EV-Tool/scraper/data
[20:12:40] >>> 20260817 jo=22 R09
[20:13:24] OK  20260817 jo=22 R09 45s matrix=132 riders=7
[20:13:25] DONE ok=1 fail=0
END 20260817 jo=22 R9 code=0
START 20260817 jo=22 R10
[20:13:27] START dates=['20260817'] jo=22 races=[10] out=/data/data/com.termux/files/home/Keirin-EV-Tool/scraper/data
[20:13:27] >>> 20260817 jo=22 R10
[20:14:14] OK  20260817 jo=22 R10 47s matrix=0 riders=0
[20:14:15] DONE ok=1 fail=0
END 20260817 jo=22 R10 code=0
START 20260817 jo=22 R11
[20:14:17] START dates=['20260817'] jo=22 races=[11] out=/data/data/com.termux/files/home/Keirin-EV-Tool/scraper/data
[20:14:17] >>> 20260817 jo=22 R11
[20:15:04] OK  20260817 jo=22 R11 47s matrix=0 riders=0
[20:15:05] DONE ok=1 fail=0
END 20260817 jo=22 R11 code=0
START 20260817 jo=22 R12
[20:15:07] START dates=['20260817'] jo=22 races=[12] out=/data/data/com.termux/files/home/Keirin-EV-Tool/scraper/data
[20:15:07] >>> 20260817 jo=22 R12
[20:15:50] OK  20260817 jo=22 R12 42s matrix=0 riders=0
[20:15:51] DONE ok=1 fail=0
END 20260817 jo=22 R12 code=0
START 20260817 jo=28 R1
[20:15:53] START dates=['20260817'] jo=28 races=[1] out=/data/data/com.termux/files/home/Keirin-EV-Tool/scraper/data
[20:15:53] >>> 20260817 jo=28 R01
[20:16:33] OK  20260817 jo=28 R01 40s matrix=132 riders=7
[20:16:34] DONE ok=1 fail=0
END 20260817 jo=28 R1 code=0
START 20260817 jo=28 R2
[20:16:36] START dates=['20260817'] jo=28 races=[2] out=/data/data/com.termux/files/home/Keirin-EV-Tool/scraper/data
[20:16:36] >>> 20260817 jo=28 R02
[20:17:16] OK  20260817 jo=28 R02 41s matrix=132 riders=7
[20:17:17] DONE ok=1 fail=0
END 20260817 jo=28 R2 code=0
START 20260817 jo=28 R3
[20:17:19] START dates=['20260817'] jo=28 races=[3] out=/data/data/com.termux/files/home/Keirin-EV-Tool/scraper/data
[20:17:19] >>> 20260817 jo=28 R03
[20:18:00] OK  20260817 jo=28 R03 41s matrix=132 riders=7
[20:18:01] DONE ok=1 fail=0
END 20260817 jo=28 R3 code=0
START 20260817 jo=28 R4
[20:18:03] START dates=['20260817'] jo=28 races=[4] out=/data/data/com.termux/files/home/Keirin-EV-Tool/scraper/data
[20:18:03] >>> 20260817 jo=28 R04
[20:18:46] OK  20260817 jo=28 R04 43s matrix=132 riders=7
[20:18:47] DONE ok=1 fail=0
END 20260817 jo=28 R4 code=0
START 20260817 jo=28 R5
[20:18:49] START dates=['20260817'] jo=28 races=[5] out=/data/data/com.termux/files/home/Keirin-EV-Tool/scraper/data
[20:18:49] >>> 20260817 jo=28 R05
[20:19:28] OK  20260817 jo=28 R05 39s matrix=132 riders=7
[20:19:29] DONE ok=1 fail=0
END 20260817 jo=28 R5 code=0
START 20260817 jo=28 R6
[20:19:31] START dates=['20260817'] jo=28 races=[6] out=/data/data/com.termux/files/home/Keirin-EV-Tool/scraper/data
[20:19:31] >>> 20260817 jo=28 R06
[20:20:17] OK  20260817 jo=28 R06 46s matrix=132 riders=7
[20:20:18] DONE ok=1 fail=0
END 20260817 jo=28 R6 code=0
START 20260817 jo=28 R7
[20:20:20] START dates=['20260817'] jo=28 races=[7] out=/data/data/com.termux/files/home/Keirin-EV-Tool/scraper/data
[20:20:20] >>> 20260817 jo=28 R07
[20:21:03] OK  20260817 jo=28 R07 43s matrix=132 riders=7
[20:21:04] DONE ok=1 fail=0
END 20260817 jo=28 R7 code=0
START 20260817 jo=28 R8
[20:21:06] START dates=['20260817'] jo=28 races=[8] out=/data/data/com.termux/files/home/Keirin-EV-Tool/scraper/data
[20:21:06] >>> 20260817 jo=28 R08
[20:21:48] OK  20260817 jo=28 R08 43s matrix=132 riders=7
[20:21:49] DONE ok=1 fail=0
END 20260817 jo=28 R8 code=0
START 20260817 jo=28 R9
[20:21:52] START dates=['20260817'] jo=28 races=[9] out=/data/data/com.termux/files/home/Keirin-EV-Tool/scraper/data
[20:21:52] >>> 20260817 jo=28 R09
[20:22:42] OK  20260817 jo=28 R09 50s matrix=132 riders=7
[20:22:43] DONE ok=1 fail=0
END 20260817 jo=28 R9 code=0
START 20260817 jo=28 R10
[20:22:46] START dates=['20260817'] jo=28 races=[10] out=/data/data/com.termux/files/home/Keirin-EV-Tool/scraper/data
[20:22:46] >>> 20260817 jo=28 R10
[20:23:27] OK  20260817 jo=28 R10 41s matrix=132 riders=7
[20:23:28] DONE ok=1 fail=0
END 20260817 jo=28 R10 code=0
START 20260817 jo=28 R11
[20:23:31] START dates=['20260817'] jo=28 races=[11] out=/data/data/com.termux/files/home/Keirin-EV-Tool/scraper/data
[20:23:31] >>> 20260817 jo=28 R11
[20:24:14] OK  20260817 jo=28 R11 43s matrix=132 riders=7
[20:24:15] DONE ok=1 fail=0
END 20260817 jo=28 R11 code=0
START 20260817 jo=28 R12
[20:24:17] START dates=['20260817'] jo=28 races=[12] out=/data/data/com.termux/files/home/Keirin-EV-Tool/scraper/data
[20:24:17] >>> 20260817 jo=28 R12
[20:24:59] OK  20260817 jo=28 R12 41s matrix=0 riders=0
[20:25:00] DONE ok=1 fail=0
END 20260817 jo=28 R12 code=0
START 20260817 jo=37 R1
[20:25:02] START dates=['20260817'] jo=37 races=[1] out=/data/data/com.termux/files/home/Keirin-EV-Tool/scraper/data
[20:25:02] >>> 20260817 jo=37 R01
[20:25:47] OK  20260817 jo=37 R01 45s matrix=132 riders=7
[20:25:48] DONE ok=1 fail=0
END 20260817 jo=37 R1 code=0
START 20260817 jo=37 R2
[20:25:50] START dates=['20260817'] jo=37 races=[2] out=/data/data/com.termux/files/home/Keirin-EV-Tool/scraper/data
[20:25:50] >>> 20260817 jo=37 R02
[20:26:30] OK  20260817 jo=37 R02 40s matrix=132 riders=7
[20:26:31] DONE ok=1 fail=0
END 20260817 jo=37 R2 code=0
START 20260817 jo=37 R3
[20:26:33] START dates=['20260817'] jo=37 races=[3] out=/data/data/com.termux/files/home/Keirin-EV-Tool/scraper/data
[20:26:33] >>> 20260817 jo=37 R03
[20:27:11] OK  20260817 jo=37 R03 38s matrix=132 riders=7
[20:27:12] DONE ok=1 fail=0
END 20260817 jo=37 R3 code=0
START 20260817 jo=37 R4
[20:27:14] START dates=['20260817'] jo=37 races=[4] out=/data/data/com.termux/files/home/Keirin-EV-Tool/scraper/data
[20:27:14] >>> 20260817 jo=37 R04
[20:27:57] OK  20260817 jo=37 R04 43s matrix=132 riders=7
[20:27:58] DONE ok=1 fail=0
END 20260817 jo=37 R4 code=0
START 20260817 jo=37 R5
[20:28:00] START dates=['20260817'] jo=37 races=[5] out=/data/data/com.termux/files/home/Keirin-EV-Tool/scraper/data
[20:28:00] >>> 20260817 jo=37 R05
[20:29:01] OK  20260817 jo=37 R05 61s matrix=78 riders=7
[20:29:24] DONE ok=1 fail=0
END 20260817 jo=37 R5 code=0
START 20260817 jo=37 R6
[20:29:29] START dates=['20260817'] jo=37 races=[6] out=/data/data/com.termux/files/home/Keirin-EV-Tool/scraper/data
[20:29:29] >>> 20260817 jo=37 R06
[20:30:41] OK  20260817 jo=37 R06 72s matrix=132 riders=7
[20:30:52] DONE ok=1 fail=0
END 20260817 jo=37 R6 code=0
START 20260817 jo=37 R7
[20:31:30] START dates=['20260817'] jo=37 races=[7] out=/data/data/com.termux/files/home/Keirin-EV-Tool/scraper/data
[20:31:30] >>> 20260817 jo=37 R07
[20:32:31] OK  20260817 jo=37 R07 61s matrix=78 riders=6
[20:32:33] DONE ok=1 fail=0
END 20260817 jo=37 R7 code=0
START 20260817 jo=37 R8
[20:32:40] START dates=['20260817'] jo=37 races=[8] out=/data/data/com.termux/files/home/Keirin-EV-Tool/scraper/data
[20:32:40] >>> 20260817 jo=37 R08
[20:33:47] OK  20260817 jo=37 R08 67s matrix=78 riders=6
[20:33:48] DONE ok=1 fail=0
END 20260817 jo=37 R8 code=0
START 20260817 jo=37 R9
[20:33:50] START dates=['20260817'] jo=37 races=[9] out=/data/data/com.termux/files/home/Keirin-EV-Tool/scraper/data
[20:33:50] >>> 20260817 jo=37 R09
[20:34:33] OK  20260817 jo=37 R09 43s matrix=132 riders=7
[20:34:35] DONE ok=1 fail=0
END 20260817 jo=37 R9 code=0
START 20260817 jo=37 R10
[20:34:38] START dates=['20260817'] jo=37 races=[10] out=/data/data/com.termux/files/home/Keirin-EV-Tool/scraper/data
[20:34:38] >>> 20260817 jo=37 R10
[20:35:36] OK  20260817 jo=37 R10 58s matrix=132 riders=7
[20:35:51] DONE ok=1 fail=0
END 20260817 jo=37 R10 code=0
START 20260817 jo=37 R11
[20:36:07] START dates=['20260817'] jo=37 races=[11] out=/data/data/com.termux/files/home/Keirin-EV-Tool/scraper/data
[20:36:07] >>> 20260817 jo=37 R11
[20:37:35] OK  20260817 jo=37 R11 88s matrix=132 riders=7
[20:37:50] DONE ok=1 fail=0
END 20260817 jo=37 R11 code=0
START 20260817 jo=37 R12
[20:38:06] START dates=['20260817'] jo=37 races=[12] out=/data/data/com.termux/files/home/Keirin-EV-Tool/scraper/data
[20:38:06] >>> 20260817 jo=37 R12
[20:40:01] OK  20260817 jo=37 R12 115s matrix=0 riders=0
[20:40:02] DONE ok=1 fail=0
END 20260817 jo=37 R12 code=0
START 20260817 jo=38 R1
[20:40:04] START dates=['20260817'] jo=38 races=[1] out=/data/data/com.termux/files/home/Keirin-EV-Tool/scraper/data
[20:40:04] >>> 20260817 jo=38 R01
[20:42:22] OK  20260817 jo=38 R01 138s matrix=78 riders=6
[20:42:23] DONE ok=1 fail=0
END 20260817 jo=38 R1 code=0
START 20260817 jo=38 R2
[20:42:29] START dates=['20260817'] jo=38 races=[2] out=/data/data/com.termux/files/home/Keirin-EV-Tool/scraper/data
[20:42:29] >>> 20260817 jo=38 R02
[20:44:27] OK  20260817 jo=38 R02 118s matrix=132 riders=7
[20:44:34] DONE ok=1 fail=0
END 20260817 jo=38 R2 code=0
START 20260817 jo=38 R3
[20:44:37] START dates=['20260817'] jo=38 races=[3] out=/data/data/com.termux/files/home/Keirin-EV-Tool/scraper/data
[20:44:37] >>> 20260817 jo=38 R03
[20:45:25] OK  20260817 jo=38 R03 48s matrix=132 riders=7
[20:45:26] DONE ok=1 fail=0
END 20260817 jo=38 R3 code=0
START 20260817 jo=38 R4
[20:45:29] START dates=['20260817'] jo=38 races=[4] out=/data/data/com.termux/files/home/Keirin-EV-Tool/scraper/data
[20:45:29] >>> 20260817 jo=38 R04
[20:46:11] OK  20260817 jo=38 R04 43s matrix=132 riders=7
[20:46:12] DONE ok=1 fail=0
END 20260817 jo=38 R4 code=0
START 20260817 jo=38 R5
[20:46:14] START dates=['20260817'] jo=38 races=[5] out=/data/data/com.termux/files/home/Keirin-EV-Tool/scraper/data
[20:46:14] >>> 20260817 jo=38 R05
[20:46:59] OK  20260817 jo=38 R05 45s matrix=132 riders=7
[20:47:00] DONE ok=1 fail=0
END 20260817 jo=38 R5 code=0
START 20260817 jo=38 R6
[20:47:02] START dates=['20260817'] jo=38 races=[6] out=/data/data/com.termux/files/home/Keirin-EV-Tool/scraper/data
[20:47:02] >>> 20260817 jo=38 R06
[20:47:43] OK  20260817 jo=38 R06 41s matrix=132 riders=7
[20:47:45] DONE ok=1 fail=0
END 20260817 jo=38 R6 code=0
START 20260817 jo=38 R7
[20:47:48] START dates=['20260817'] jo=38 races=[7] out=/data/data/com.termux/files/home/Keirin-EV-Tool/scraper/data
[20:47:48] >>> 20260817 jo=38 R07
[20:48:30] OK  20260817 jo=38 R07 42s matrix=132 riders=7
[20:48:31] DONE ok=1 fail=0
END 20260817 jo=38 R7 code=0
START 20260817 jo=38 R8
[20:48:33] START dates=['20260817'] jo=38 races=[8] out=/data/data/com.termux/files/home/Keirin-EV-Tool/scraper/data
[20:48:33] >>> 20260817 jo=38 R08
[20:49:16] OK  20260817 jo=38 R08 42s matrix=132 riders=7
[20:49:17] DONE ok=1 fail=0
END 20260817 jo=38 R8 code=0
START 20260817 jo=38 R9
[20:49:19] START dates=['20260817'] jo=38 races=[9] out=/data/data/com.termux/files/home/Keirin-EV-Tool/scraper/data
[20:49:19] >>> 20260817 jo=38 R09
[20:50:01] OK  20260817 jo=38 R09 42s matrix=132 riders=7
[20:50:02] DONE ok=1 fail=0
END 20260817 jo=38 R9 code=0
START 20260817 jo=38 R10
[20:50:04] START dates=['20260817'] jo=38 races=[10] out=/data/data/com.termux/files/home/Keirin-EV-Tool/scraper/data
[20:50:04] >>> 20260817 jo=38 R10
[20:50:47] OK  20260817 jo=38 R10 44s matrix=0 riders=0
[20:50:48] DONE ok=1 fail=0
END 20260817 jo=38 R10 code=0
START 20260817 jo=38 R11
[20:50:50] START dates=['20260817'] jo=38 races=[11] out=/data/data/com.termux/files/home/Keirin-EV-Tool/scraper/data
[20:50:50] >>> 20260817 jo=38 R11
[20:51:35] OK  20260817 jo=38 R11 45s matrix=0 riders=0
[20:51:36] DONE ok=1 fail=0
END 20260817 jo=38 R11 code=0
START 20260817 jo=38 R12
[20:51:39] START dates=['20260817'] jo=38 races=[12] out=/data/data/com.termux/files/home/Keirin-EV-Tool/scraper/data
[20:51:39] >>> 20260817 jo=38 R12
[20:52:25] OK  20260817 jo=38 R12 46s matrix=0 riders=0
[20:52:26] DONE ok=1 fail=0
END 20260817 jo=38 R12 code=0
START 20260817 jo=44 R1
[20:52:28] START dates=['20260817'] jo=44 races=[1] out=/data/data/com.termux/files/home/Keirin-EV-Tool/scraper/data
[20:52:28] >>> 20260817 jo=44 R01
[20:53:09] OK  20260817 jo=44 R01 41s matrix=132 riders=7
[20:53:10] DONE ok=1 fail=0
END 20260817 jo=44 R1 code=0
START 20260817 jo=44 R2
[20:53:13] START dates=['20260817'] jo=44 races=[2] out=/data/data/com.termux/files/home/Keirin-EV-Tool/scraper/data
[20:53:13] >>> 20260817 jo=44 R02
[20:54:00] OK  20260817 jo=44 R02 47s matrix=132 riders=7
[20:54:01] DONE ok=1 fail=0
END 20260817 jo=44 R2 code=0
START 20260817 jo=44 R3
[20:54:03] START dates=['20260817'] jo=44 races=[3] out=/data/data/com.termux/files/home/Keirin-EV-Tool/scraper/data
[20:54:03] >>> 20260817 jo=44 R03
[20:54:45] OK  20260817 jo=44 R03 41s matrix=132 riders=7
[20:54:46] DONE ok=1 fail=0
END 20260817 jo=44 R3 code=0
START 20260817 jo=44 R4
[20:54:48] START dates=['20260817'] jo=44 races=[4] out=/data/data/com.termux/files/home/Keirin-EV-Tool/scraper/data
[20:54:48] >>> 20260817 jo=44 R04
[20:55:30] OK  20260817 jo=44 R04 42s matrix=132 riders=7
[20:55:31] DONE ok=1 fail=0
END 20260817 jo=44 R4 code=0
START 20260817 jo=44 R5
[20:55:34] START dates=['20260817'] jo=44 races=[5] out=/data/data/com.termux/files/home/Keirin-EV-Tool/scraper/data
[20:55:34] >>> 20260817 jo=44 R05
[20:56:13] OK  20260817 jo=44 R05 39s matrix=132 riders=7
[20:56:14] DONE ok=1 fail=0
END 20260817 jo=44 R5 code=0
START 20260817 jo=44 R6
[20:56:17] START dates=['20260817'] jo=44 races=[6] out=/data/data/com.termux/files/home/Keirin-EV-Tool/scraper/data
[20:56:17] >>> 20260817 jo=44 R06
[20:56:58] OK  20260817 jo=44 R06 42s matrix=132 riders=7
[20:56:59] DONE ok=1 fail=0
END 20260817 jo=44 R6 code=0
START 20260817 jo=44 R7
[20:57:02] START dates=['20260817'] jo=44 races=[7] out=/data/data/com.termux/files/home/Keirin-EV-Tool/scraper/data
[20:57:02] >>> 20260817 jo=44 R07
[20:57:42] OK  20260817 jo=44 R07 40s matrix=132 riders=7
[20:57:43] DONE ok=1 fail=0
END 20260817 jo=44 R7 code=0
START 20260817 jo=44 R8
[20:57:45] START dates=['20260817'] jo=44 races=[8] out=/data/data/com.termux/files/home/Keirin-EV-Tool/scraper/data
[20:57:45] >>> 20260817 jo=44 R08
[20:58:26] OK  20260817 jo=44 R08 41s matrix=132 riders=7
[20:58:27] DONE ok=1 fail=0
END 20260817 jo=44 R8 code=0
START 20260817 jo=44 R9
[20:58:30] START dates=['20260817'] jo=44 races=[9] out=/data/data/com.termux/files/home/Keirin-EV-Tool/scraper/data
[20:58:30] >>> 20260817 jo=44 R09
[20:59:15] OK  20260817 jo=44 R09 46s matrix=132 riders=7
[20:59:16] DONE ok=1 fail=0
END 20260817 jo=44 R9 code=0
START 20260817 jo=44 R10
[20:59:19] START dates=['20260817'] jo=44 races=[10] out=/data/data/com.termux/files/home/Keirin-EV-Tool/scraper/data
[20:59:19] >>> 20260817 jo=44 R10
[21:00:01] OK  20260817 jo=44 R10 42s matrix=132 riders=7
[21:00:02] DONE ok=1 fail=0
END 20260817 jo=44 R10 code=0
START 20260817 jo=44 R11
[21:00:04] START dates=['20260817'] jo=44 races=[11] out=/data/data/com.termux/files/home/Keirin-EV-Tool/scraper/data
[21:00:04] >>> 20260817 jo=44 R11
[21:00:50] OK  20260817 jo=44 R11 46s matrix=132 riders=7
[21:00:51] DONE ok=1 fail=0
END 20260817 jo=44 R11 code=0
START 20260817 jo=44 R12
[21:00:53] START dates=['20260817'] jo=44 races=[12] out=/data/data/com.termux/files/home/Keirin-EV-Tool/scraper/data
[21:00:53] >>> 20260817 jo=44 R12
[21:02:23] OK  20260817 jo=44 R12 90s matrix=132 riders=7
[21:02:24] DONE ok=1 fail=0
END 20260817 jo=44 R12 code=0
START 20260817 jo=48 R1
[21:02:32] START dates=['20260817'] jo=48 races=[1] out=/data/data/com.termux/files/home/Keirin-EV-Tool/scraper/data
[21:02:32] >>> 20260817 jo=48 R01
[21:03:46] OK  20260817 jo=48 R01 74s matrix=132 riders=7
[21:04:01] DONE ok=1 fail=0
END 20260817 jo=48 R1 code=0
START 20260817 jo=48 R2
[21:04:09] START dates=['20260817'] jo=48 races=[2] out=/data/data/com.termux/files/home/Keirin-EV-Tool/scraper/data
[21:04:09] >>> 20260817 jo=48 R02
[21:05:50] OK  20260817 jo=48 R02 101s matrix=132 riders=7
[21:05:58] DONE ok=1 fail=0
END 20260817 jo=48 R2 code=0
START 20260817 jo=48 R3
[21:06:00] START dates=['20260817'] jo=48 races=[3] out=/data/data/com.termux/files/home/Keirin-EV-Tool/scraper/data
[21:06:00] >>> 20260817 jo=48 R03
[21:06:43] OK  20260817 jo=48 R03 43s matrix=132 riders=7
[21:06:58] DONE ok=1 fail=0
END 20260817 jo=48 R3 code=0
START 20260817 jo=48 R4
[21:07:00] START dates=['20260817'] jo=48 races=[4] out=/data/data/com.termux/files/home/Keirin-EV-Tool/scraper/data
[21:07:00] >>> 20260817 jo=48 R04
[21:08:54] OK  20260817 jo=48 R04 114s matrix=132 riders=7
[21:08:57] DONE ok=1 fail=0
END 20260817 jo=48 R4 code=0
START 20260817 jo=48 R5
[21:08:59] START dates=['20260817'] jo=48 races=[5] out=/data/data/com.termux/files/home/Keirin-EV-Tool/scraper/data
[21:08:59] >>> 20260817 jo=48 R05
[21:10:27] OK  20260817 jo=48 R05 88s matrix=132 riders=7
[21:10:40] DONE ok=1 fail=0
END 20260817 jo=48 R5 code=0
START 20260817 jo=48 R6
[21:10:53] START dates=['20260817'] jo=48 races=[6] out=/data/data/com.termux/files/home/Keirin-EV-Tool/scraper/data
[21:10:53] >>> 20260817 jo=48 R06
[21:11:48] OK  20260817 jo=48 R06 55s matrix=132 riders=7
[21:11:59] DONE ok=1 fail=0
END 20260817 jo=48 R6 code=0
START 20260817 jo=48 R7
[21:12:01] START dates=['20260817'] jo=48 races=[7] out=/data/data/com.termux/files/home/Keirin-EV-Tool/scraper/data
[21:12:01] >>> 20260817 jo=48 R07
[21:13:05] OK  20260817 jo=48 R07 64s matrix=132 riders=7
[21:13:06] DONE ok=1 fail=0
END 20260817 jo=48 R7 code=0
START 20260817 jo=48 R8
[21:13:08] START dates=['20260817'] jo=48 races=[8] out=/data/data/com.termux/files/home/Keirin-EV-Tool/scraper/data
[21:13:08] >>> 20260817 jo=48 R08
[21:14:08] OK  20260817 jo=48 R08 60s matrix=132 riders=7
[21:14:09] DONE ok=1 fail=0
END 20260817 jo=48 R8 code=0
START 20260817 jo=48 R9
[21:14:17] START dates=['20260817'] jo=48 races=[9] out=/data/data/com.termux/files/home/Keirin-EV-Tool/scraper/data
[21:14:17] >>> 20260817 jo=48 R09
[21:16:39] OK  20260817 jo=48 R09 142s matrix=132 riders=7
[21:16:40] DONE ok=1 fail=0
END 20260817 jo=48 R9 code=0
START 20260817 jo=48 R10
[21:17:01] START dates=['20260817'] jo=48 races=[10] out=/data/data/com.termux/files/home/Keirin-EV-Tool/scraper/data
[21:17:01] >>> 20260817 jo=48 R10
[21:18:52] OK  20260817 jo=48 R10 112s matrix=132 riders=7
[21:18:54] DONE ok=1 fail=0
END 20260817 jo=48 R10 code=0
START 20260817 jo=48 R11
[21:18:58] START dates=['20260817'] jo=48 races=[11] out=/data/data/com.termux/files/home/Keirin-EV-Tool/scraper/data
[21:18:58] >>> 20260817 jo=48 R11
[21:19:43] OK  20260817 jo=48 R11 45s matrix=132 riders=7
[21:19:44] DONE ok=1 fail=0
END 20260817 jo=48 R11 code=0
START 20260817 jo=48 R12
[21:19:47] START dates=['20260817'] jo=48 races=[12] out=/data/data/com.termux/files/home/Keirin-EV-Tool/scraper/data
[21:19:47] >>> 20260817 jo=48 R12
[21:20:29] OK  20260817 jo=48 R12 42s matrix=132 riders=7
[21:20:30] DONE ok=1 fail=0
END 20260817 jo=48 R12 code=0
START 20260817 jo=86 R1
[21:20:32] START dates=['20260817'] jo=86 races=[1] out=/data/data/com.termux/files/home/Keirin-EV-Tool/scraper/data
[21:20:32] >>> 20260817 jo=86 R01
[21:21:11] OK  20260817 jo=86 R01 40s matrix=42 riders=5
[21:21:12] DONE ok=1 fail=0
END 20260817 jo=86 R1 code=0
START 20260817 jo=86 R2
[21:21:14] START dates=['20260817'] jo=86 races=[2] out=/data/data/com.termux/files/home/Keirin-EV-Tool/scraper/data
[21:21:14] >>> 20260817 jo=86 R02
[21:22:03] OK  20260817 jo=86 R02 49s matrix=42 riders=5
[21:22:04] DONE ok=1 fail=0
END 20260817 jo=86 R2 code=0
START 20260817 jo=86 R3
[21:22:06] START dates=['20260817'] jo=86 races=[3] out=/data/data/com.termux/files/home/Keirin-EV-Tool/scraper/data
[21:22:06] >>> 20260817 jo=86 R03
[21:23:44] OK  20260817 jo=86 R03 98s matrix=132 riders=7
[21:23:47] DONE ok=1 fail=0
END 20260817 jo=86 R3 code=0
START 20260817 jo=86 R4
[21:23:52] START dates=['20260817'] jo=86 races=[4] out=/data/data/com.termux/files/home/Keirin-EV-Tool/scraper/data
[21:23:52] >>> 20260817 jo=86 R04
[21:25:02] OK  20260817 jo=86 R04 70s matrix=132 riders=7
[21:25:18] DONE ok=1 fail=0
END 20260817 jo=86 R4 code=0
START 20260817 jo=86 R5
[21:26:00] START dates=['20260817'] jo=86 races=[5] out=/data/data/com.termux/files/home/Keirin-EV-Tool/scraper/data
[21:26:00] >>> 20260817 jo=86 R05
[21:27:04] OK  20260817 jo=86 R05 64s matrix=132 riders=7
[21:28:00] DONE ok=1 fail=0
END 20260817 jo=86 R5 code=0
START 20260817 jo=86 R6
[21:28:26] START dates=['20260817'] jo=86 races=[6] out=/data/data/com.termux/files/home/Keirin-EV-Tool/scraper/data
[21:28:26] >>> 20260817 jo=86 R06
[21:29:12] OK  20260817 jo=86 R06 47s matrix=132 riders=7
[21:29:13] DONE ok=1 fail=0
END 20260817 jo=86 R6 code=0
START 20260817 jo=86 R7
[21:29:15] START dates=['20260817'] jo=86 races=[7] out=/data/data/com.termux/files/home/Keirin-EV-Tool/scraper/data
[21:29:15] >>> 20260817 jo=86 R07
[21:30:03] OK  20260817 jo=86 R07 48s matrix=132 riders=7
[21:30:19] DONE ok=1 fail=0
END 20260817 jo=86 R7 code=0
START 20260817 jo=86 R8
[21:30:28] START dates=['20260817'] jo=86 races=[8] out=/data/data/com.termux/files/home/Keirin-EV-Tool/scraper/data
[21:30:28] >>> 20260817 jo=86 R08
[21:32:04] OK  20260817 jo=86 R08 96s matrix=0 riders=0
[21:32:21] DONE ok=1 fail=0
END 20260817 jo=86 R8 code=0
START 20260817 jo=86 R9
[21:32:30] START dates=['20260817'] jo=86 races=[9] out=/data/data/com.termux/files/home/Keirin-EV-Tool/scraper/data
[21:32:30] >>> 20260817 jo=86 R09
[21:34:11] OK  20260817 jo=86 R09 101s matrix=0 riders=0
[21:34:12] DONE ok=1 fail=0
END 20260817 jo=86 R9 code=0
START 20260817 jo=86 R10
[21:34:14] START dates=['20260817'] jo=86 races=[10] out=/data/data/com.termux/files/home/Keirin-EV-Tool/scraper/data
[21:34:14] >>> 20260817 jo=86 R10
[21:35:02] OK  20260817 jo=86 R10 48s matrix=0 riders=0
[21:35:19] DONE ok=1 fail=0
END 20260817 jo=86 R10 code=0
START 20260817 jo=86 R11
[21:35:38] START dates=['20260817'] jo=86 races=[11] out=/data/data/com.termux/files/home/Keirin-EV-Tool/scraper/data
[21:35:38] >>> 20260817 jo=86 R11
[21:36:44] OK  20260817 jo=86 R11 67s matrix=0 riders=0
[21:36:45] DONE ok=1 fail=0
END 20260817 jo=86 R11 code=0
START 20260817 jo=86 R12
[21:36:47] START dates=['20260817'] jo=86 races=[12] out=/data/data/com.termux/files/home/Keirin-EV-Tool/scraper/data
[21:36:47] >>> 20260817 jo=86 R12
[21:38:02] OK  20260817 jo=86 R12 74s matrix=0 riders=0
[21:38:12] DONE ok=1 fail=0
END 20260817 jo=86 R12 code=0
BATCH_DONE
START 20260906 jo=12 R1
[09:42:04] START dates=['20260906'] jo=12 races=[1] out=/data/data/com.termux/files/home/Keirin-EV-Tool/scraper/data
[09:42:04] >>> 20260906 jo=12 R01
[09:42:48] OK  20260906 jo=12 R01 44s matrix=210 riders=7
[09:42:49] DONE ok=1 fail=0
END 20260906 jo=12 R1 code=0
START 20260906 jo=12 R2
[09:42:51] START dates=['20260906'] jo=12 races=[2] out=/data/data/com.termux/files/home/Keirin-EV-Tool/scraper/data
[09:42:51] >>> 20260906 jo=12 R02
[09:43:35] OK  20260906 jo=12 R02 44s matrix=210 riders=7
[09:43:36] DONE ok=1 fail=0
END 20260906 jo=12 R2 code=0
START 20260906 jo=12 R3
[09:43:38] START dates=['20260906'] jo=12 races=[3] out=/data/data/com.termux/files/home/Keirin-EV-Tool/scraper/data
[09:43:38] >>> 20260906 jo=12 R03
[09:44:23] OK  20260906 jo=12 R03 45s matrix=336 riders=8
[09:44:24] DONE ok=1 fail=0
END 20260906 jo=12 R3 code=0
START 20260906 jo=12 R4
START 20260906 jo=12 R4
[09:48:34] START dates=['20260906'] jo=12 races=[4] out=/data/data/com.termux/files/home/Keirin-EV-Tool/scraper/data
[09:48:34] >>> 20260906 jo=12 R04
[09:49:18] OK  20260906 jo=12 R04 44s matrix=504 riders=9
[09:49:19] DONE ok=1 fail=0
END 20260906 jo=12 R4 code=0
START 20260906 jo=12 R5
START 20260906 jo=12 R5
[10:09:19] START dates=['20260906'] jo=12 races=[5] out=/data/data/com.termux/files/home/Keirin-EV-Tool/scraper/data
[10:09:19] >>> 20260906 jo=12 R05
[10:10:08] OK  20260906 jo=12 R05 49s matrix=504 riders=9
[10:10:09] DONE ok=1 fail=0
END 20260906 jo=12 R5 code=0
START 20260906 jo=12 R6
[10:10:11] START dates=['20260906'] jo=12 races=[6] out=/data/data/com.termux/files/home/Keirin-EV-Tool/scraper/data
[10:10:11] >>> 20260906 jo=12 R06
[10:10:56] OK  20260906 jo=12 R06 45s matrix=504 riders=9
[10:10:57] DONE ok=1 fail=0
END 20260906 jo=12 R6 code=0
START 20260906 jo=12 R7
[10:10:59] START dates=['20260906'] jo=12 races=[7] out=/data/data/com.termux/files/home/Keirin-EV-Tool/scraper/data
[10:10:59] >>> 20260906 jo=12 R07
[10:11:48] OK  20260906 jo=12 R07 49s matrix=504 riders=9
[10:11:49] DONE ok=1 fail=0
END 20260906 jo=12 R7 code=0
START 20260906 jo=12 R8
[10:11:51] START dates=['20260906'] jo=12 races=[8] out=/data/data/com.termux/files/home/Keirin-EV-Tool/scraper/data
[10:11:51] >>> 20260906 jo=12 R08
[10:12:39] OK  20260906 jo=12 R08 48s matrix=504 riders=9
[10:12:40] DONE ok=1 fail=0
END 20260906 jo=12 R8 code=0
START 20260906 jo=12 R9
[10:12:42] START dates=['20260906'] jo=12 races=[9] out=/data/data/com.termux/files/home/Keirin-EV-Tool/scraper/data
[10:12:42] >>> 20260906 jo=12 R09
[10:13:27] OK  20260906 jo=12 R09 45s matrix=504 riders=9
[10:13:28] DONE ok=1 fail=0
END 20260906 jo=12 R9 code=0
START 20260906 jo=12 R10
[10:13:30] START dates=['20260906'] jo=12 races=[10] out=/data/data/com.termux/files/home/Keirin-EV-Tool/scraper/data
[10:13:30] >>> 20260906 jo=12 R10
[10:14:16] OK  20260906 jo=12 R10 46s matrix=504 riders=9
[10:14:17] DONE ok=1 fail=0
END 20260906 jo=12 R10 code=0
START 20260906 jo=12 R11
[10:14:19] START dates=['20260906'] jo=12 races=[11] out=/data/data/com.termux/files/home/Keirin-EV-Tool/scraper/data
[10:14:19] >>> 20260906 jo=12 R11
[10:15:12] OK  20260906 jo=12 R11 53s matrix=504 riders=9
[10:15:13] DONE ok=1 fail=0
END 20260906 jo=12 R11 code=0
START 20260906 jo=12 R12
[10:15:16] START dates=['20260906'] jo=12 races=[12] out=/data/data/com.termux/files/home/Keirin-EV-Tool/scraper/data
[10:15:16] >>> 20260906 jo=12 R12
[10:16:01] OK  20260906 jo=12 R12 45s matrix=504 riders=9
[10:16:02] DONE ok=1 fail=0
END 20260906 jo=12 R12 code=0
START 20260906 jo=26 R1
[10:16:04] START dates=['20260906'] jo=26 races=[1] out=/data/data/com.termux/files/home/Keirin-EV-Tool/scraper/data
[10:16:04] >>> 20260906 jo=26 R01
[10:16:44] OK  20260906 jo=26 R01 40s matrix=210 riders=7
[10:16:45] DONE ok=1 fail=0
END 20260906 jo=26 R1 code=0
START 20260906 jo=26 R2
[10:16:47] START dates=['20260906'] jo=26 races=[2] out=/data/data/com.termux/files/home/Keirin-EV-Tool/scraper/data
[10:16:47] >>> 20260906 jo=26 R02
[10:17:30] OK  20260906 jo=26 R02 43s matrix=210 riders=7
[10:17:31] DONE ok=1 fail=0
END 20260906 jo=26 R2 code=0
START 20260906 jo=26 R3
[10:17:33] START dates=['20260906'] jo=26 races=[3] out=/data/data/com.termux/files/home/Keirin-EV-Tool/scraper/data
[10:17:33] >>> 20260906 jo=26 R03
[10:18:12] OK  20260906 jo=26 R03 39s matrix=210 riders=7
[10:18:13] DONE ok=1 fail=0
END 20260906 jo=26 R3 code=0
START 20260906 jo=26 R4
[10:18:15] START dates=['20260906'] jo=26 races=[4] out=/data/data/com.termux/files/home/Keirin-EV-Tool/scraper/data
[10:18:15] >>> 20260906 jo=26 R04
[10:18:54] OK  20260906 jo=26 R04 39s matrix=210 riders=7
[10:18:55] DONE ok=1 fail=0
END 20260906 jo=26 R4 code=0
START 20260906 jo=26 R5
[10:18:57] START dates=['20260906'] jo=26 races=[5] out=/data/data/com.termux/files/home/Keirin-EV-Tool/scraper/data
[10:18:57] >>> 20260906 jo=26 R05
[10:19:39] OK  20260906 jo=26 R05 42s matrix=210 riders=7
[10:19:40] DONE ok=1 fail=0
END 20260906 jo=26 R5 code=0
START 20260906 jo=26 R6
[10:19:43] START dates=['20260906'] jo=26 races=[6] out=/data/data/com.termux/files/home/Keirin-EV-Tool/scraper/data
[10:19:43] >>> 20260906 jo=26 R06
[10:20:20] OK  20260906 jo=26 R06 38s matrix=210 riders=7
[10:20:21] DONE ok=1 fail=0
END 20260906 jo=26 R6 code=0
START 20260906 jo=26 R7
[10:20:23] START dates=['20260906'] jo=26 races=[7] out=/data/data/com.termux/files/home/Keirin-EV-Tool/scraper/data
[10:20:23] >>> 20260906 jo=26 R07
[10:21:03] OK  20260906 jo=26 R07 40s matrix=210 riders=7
[10:21:04] DONE ok=1 fail=0
END 20260906 jo=26 R7 code=0
START 20260906 jo=26 R8
[10:21:06] START dates=['20260906'] jo=26 races=[8] out=/data/data/com.termux/files/home/Keirin-EV-Tool/scraper/data
[10:21:06] >>> 20260906 jo=26 R08
[10:21:50] OK  20260906 jo=26 R08 44s matrix=210 riders=7
[10:21:51] DONE ok=1 fail=0
END 20260906 jo=26 R8 code=0
START 20260906 jo=26 R9
[10:21:53] START dates=['20260906'] jo=26 races=[9] out=/data/data/com.termux/files/home/Keirin-EV-Tool/scraper/data
[10:21:53] >>> 20260906 jo=26 R09
[10:22:33] OK  20260906 jo=26 R09 40s matrix=210 riders=7
[10:22:34] DONE ok=1 fail=0
END 20260906 jo=26 R9 code=0
START 20260906 jo=26 R10
[10:22:36] START dates=['20260906'] jo=26 races=[10] out=/data/data/com.termux/files/home/Keirin-EV-Tool/scraper/data
[10:22:36] >>> 20260906 jo=26 R10
[10:23:19] OK  20260906 jo=26 R10 43s matrix=210 riders=7
[10:23:20] DONE ok=1 fail=0
END 20260906 jo=26 R10 code=0
START 20260906 jo=26 R11
[10:23:22] START dates=['20260906'] jo=26 races=[11] out=/data/data/com.termux/files/home/Keirin-EV-Tool/scraper/data
[10:23:22] >>> 20260906 jo=26 R11
[10:24:06] OK  20260906 jo=26 R11 44s matrix=210 riders=7
[10:24:07] DONE ok=1 fail=0
END 20260906 jo=26 R11 code=0
START 20260906 jo=26 R12
[10:24:09] START dates=['20260906'] jo=26 races=[12] out=/data/data/com.termux/files/home/Keirin-EV-Tool/scraper/data
[10:24:09] >>> 20260906 jo=26 R12
[10:24:49] OK  20260906 jo=26 R12 40s matrix=0 riders=0
[10:24:50] DONE ok=1 fail=0
END 20260906 jo=26 R12 code=0
START 20260906 jo=45 R1
[10:24:52] START dates=['20260906'] jo=45 races=[1] out=/data/data/com.termux/files/home/Keirin-EV-Tool/scraper/data
[10:24:52] >>> 20260906 jo=45 R01
[10:25:30] OK  20260906 jo=45 R01 38s matrix=210 riders=7
[10:25:31] DONE ok=1 fail=0
END 20260906 jo=45 R1 code=0
START 20260906 jo=45 R2
[10:25:33] START dates=['20260906'] jo=45 races=[2] out=/data/data/com.termux/files/home/Keirin-EV-Tool/scraper/data
[10:25:33] >>> 20260906 jo=45 R02
[10:26:14] OK  20260906 jo=45 R02 41s matrix=210 riders=7
[10:26:15] DONE ok=1 fail=0
END 20260906 jo=45 R2 code=0
START 20260906 jo=45 R3
[10:26:17] START dates=['20260906'] jo=45 races=[3] out=/data/data/com.termux/files/home/Keirin-EV-Tool/scraper/data
[10:26:17] >>> 20260906 jo=45 R03
[10:27:03] OK  20260906 jo=45 R03 45s matrix=210 riders=7
[10:27:04] DONE ok=1 fail=0
END 20260906 jo=45 R3 code=0
START 20260906 jo=45 R4
[10:27:06] START dates=['20260906'] jo=45 races=[4] out=/data/data/com.termux/files/home/Keirin-EV-Tool/scraper/data
[10:27:06] >>> 20260906 jo=45 R04
[10:27:45] OK  20260906 jo=45 R04 40s matrix=210 riders=7
[10:27:46] DONE ok=1 fail=0
END 20260906 jo=45 R4 code=0
START 20260906 jo=45 R5
[10:27:48] START dates=['20260906'] jo=45 races=[5] out=/data/data/com.termux/files/home/Keirin-EV-Tool/scraper/data
[10:27:48] >>> 20260906 jo=45 R05
[10:28:26] OK  20260906 jo=45 R05 38s matrix=210 riders=7
[10:28:27] DONE ok=1 fail=0
END 20260906 jo=45 R5 code=0
START 20260906 jo=45 R6
[10:28:29] START dates=['20260906'] jo=45 races=[6] out=/data/data/com.termux/files/home/Keirin-EV-Tool/scraper/data
[10:28:29] >>> 20260906 jo=45 R06
[10:29:13] OK  20260906 jo=45 R06 45s matrix=210 riders=7
[10:29:14] DONE ok=1 fail=0
END 20260906 jo=45 R6 code=0
START 20260906 jo=45 R7
[10:29:16] START dates=['20260906'] jo=45 races=[7] out=/data/data/com.termux/files/home/Keirin-EV-Tool/scraper/data
[10:29:16] >>> 20260906 jo=45 R07
[10:30:00] OK  20260906 jo=45 R07 43s matrix=210 riders=7
[10:30:01] DONE ok=1 fail=0
END 20260906 jo=45 R7 code=0
START 20260906 jo=45 R8
[10:30:03] START dates=['20260906'] jo=45 races=[8] out=/data/data/com.termux/files/home/Keirin-EV-Tool/scraper/data
[10:30:03] >>> 20260906 jo=45 R08
[10:30:47] OK  20260906 jo=45 R08 44s matrix=210 riders=7
[10:30:48] DONE ok=1 fail=0
END 20260906 jo=45 R8 code=0
START 20260906 jo=45 R9
[10:30:50] START dates=['20260906'] jo=45 races=[9] out=/data/data/com.termux/files/home/Keirin-EV-Tool/scraper/data
[10:30:50] >>> 20260906 jo=45 R09
[10:31:34] OK  20260906 jo=45 R09 44s matrix=210 riders=7
[10:31:35] DONE ok=1 fail=0
END 20260906 jo=45 R9 code=0
START 20260906 jo=45 R10
[10:31:37] START dates=['20260906'] jo=45 races=[10] out=/data/data/com.termux/files/home/Keirin-EV-Tool/scraper/data
[10:31:37] >>> 20260906 jo=45 R10
[10:32:16] OK  20260906 jo=45 R10 39s matrix=210 riders=7
[10:32:17] DONE ok=1 fail=0
END 20260906 jo=45 R10 code=0
START 20260906 jo=45 R11
[10:32:19] START dates=['20260906'] jo=45 races=[11] out=/data/data/com.termux/files/home/Keirin-EV-Tool/scraper/data
[10:32:19] >>> 20260906 jo=45 R11
[10:33:04] OK  20260906 jo=45 R11 45s matrix=210 riders=7
[10:33:05] DONE ok=1 fail=0
END 20260906 jo=45 R11 code=0
START 20260906 jo=45 R12
[10:33:08] START dates=['20260906'] jo=45 races=[12] out=/data/data/com.termux/files/home/Keirin-EV-Tool/scraper/data
[10:33:08] >>> 20260906 jo=45 R12
[10:33:50] OK  20260906 jo=45 R12 42s matrix=210 riders=7
[10:33:51] DONE ok=1 fail=0
END 20260906 jo=45 R12 code=0
START 20260906 jo=47 R1
[10:33:53] START dates=['20260906'] jo=47 races=[1] out=/data/data/com.termux/files/home/Keirin-EV-Tool/scraper/data
[10:33:53] >>> 20260906 jo=47 R01
[10:34:38] OK  20260906 jo=47 R01 45s matrix=210 riders=7
[10:34:39] DONE ok=1 fail=0
END 20260906 jo=47 R1 code=0
START 20260906 jo=47 R2
[10:34:41] START dates=['20260906'] jo=47 races=[2] out=/data/data/com.termux/files/home/Keirin-EV-Tool/scraper/data
[10:34:41] >>> 20260906 jo=47 R02
[10:35:21] OK  20260906 jo=47 R02 41s matrix=210 riders=7
[10:35:22] DONE ok=1 fail=0
END 20260906 jo=47 R2 code=0
START 20260906 jo=47 R3
[10:35:24] START dates=['20260906'] jo=47 races=[3] out=/data/data/com.termux/files/home/Keirin-EV-Tool/scraper/data
[10:35:24] >>> 20260906 jo=47 R03
[10:36:07] OK  20260906 jo=47 R03 42s matrix=210 riders=7
[10:36:08] DONE ok=1 fail=0
END 20260906 jo=47 R3 code=0
START 20260906 jo=47 R4
[10:36:10] START dates=['20260906'] jo=47 races=[4] out=/data/data/com.termux/files/home/Keirin-EV-Tool/scraper/data
[10:36:10] >>> 20260906 jo=47 R04
[10:36:48] OK  20260906 jo=47 R04 38s matrix=210 riders=7
[10:36:49] DONE ok=1 fail=0
END 20260906 jo=47 R4 code=0
START 20260906 jo=47 R5
[10:36:52] START dates=['20260906'] jo=47 races=[5] out=/data/data/com.termux/files/home/Keirin-EV-Tool/scraper/data
[10:36:52] >>> 20260906 jo=47 R05
[10:37:35] OK  20260906 jo=47 R05 43s matrix=210 riders=7
[10:37:36] DONE ok=1 fail=0
END 20260906 jo=47 R5 code=0
START 20260906 jo=47 R6
[10:37:38] START dates=['20260906'] jo=47 races=[6] out=/data/data/com.termux/files/home/Keirin-EV-Tool/scraper/data
[10:37:38] >>> 20260906 jo=47 R06
[10:38:20] OK  20260906 jo=47 R06 42s matrix=210 riders=7
[10:38:21] DONE ok=1 fail=0
END 20260906 jo=47 R6 code=0
START 20260906 jo=47 R7
[10:38:23] START dates=['20260906'] jo=47 races=[7] out=/data/data/com.termux/files/home/Keirin-EV-Tool/scraper/data
[10:38:23] >>> 20260906 jo=47 R07
[10:39:02] OK  20260906 jo=47 R07 39s matrix=210 riders=7
[10:39:03] DONE ok=1 fail=0
END 20260906 jo=47 R7 code=0
START 20260906 jo=47 R8
[10:39:05] START dates=['20260906'] jo=47 races=[8] out=/data/data/com.termux/files/home/Keirin-EV-Tool/scraper/data
[10:39:05] >>> 20260906 jo=47 R08
[10:39:44] OK  20260906 jo=47 R08 39s matrix=210 riders=7
[10:39:45] DONE ok=1 fail=0
END 20260906 jo=47 R8 code=0
START 20260906 jo=47 R9
[10:39:48] START dates=['20260906'] jo=47 races=[9] out=/data/data/com.termux/files/home/Keirin-EV-Tool/scraper/data
[10:39:48] >>> 20260906 jo=47 R09
[10:40:26] OK  20260906 jo=47 R09 38s matrix=210 riders=7
[10:40:27] DONE ok=1 fail=0
END 20260906 jo=47 R9 code=0
START 20260906 jo=47 R10
[10:40:29] START dates=['20260906'] jo=47 races=[10] out=/data/data/com.termux/files/home/Keirin-EV-Tool/scraper/data
[10:40:29] >>> 20260906 jo=47 R10
[10:41:12] OK  20260906 jo=47 R10 43s matrix=0 riders=0
[10:41:13] DONE ok=1 fail=0
END 20260906 jo=47 R10 code=0
START 20260906 jo=47 R11
[10:41:15] START dates=['20260906'] jo=47 races=[11] out=/data/data/com.termux/files/home/Keirin-EV-Tool/scraper/data
[10:41:15] >>> 20260906 jo=47 R11
[10:42:02] OK  20260906 jo=47 R11 46s matrix=0 riders=0
[10:42:03] DONE ok=1 fail=0
END 20260906 jo=47 R11 code=0
START 20260906 jo=47 R12
[10:42:05] START dates=['20260906'] jo=47 races=[12] out=/data/data/com.termux/files/home/Keirin-EV-Tool/scraper/data
[10:42:05] >>> 20260906 jo=47 R12
[10:42:48] OK  20260906 jo=47 R12 44s matrix=0 riders=0
[10:42:49] DONE ok=1 fail=0
END 20260906 jo=47 R12 code=0
START 20260906 jo=63 R1
[10:42:52] START dates=['20260906'] jo=63 races=[1] out=/data/data/com.termux/files/home/Keirin-EV-Tool/scraper/data
[10:42:52] >>> 20260906 jo=63 R01
[10:43:31] OK  20260906 jo=63 R01 40s matrix=210 riders=7
[10:43:32] DONE ok=1 fail=0
END 20260906 jo=63 R1 code=0
START 20260906 jo=63 R2
[10:43:35] START dates=['20260906'] jo=63 races=[2] out=/data/data/com.termux/files/home/Keirin-EV-Tool/scraper/data
[10:43:35] >>> 20260906 jo=63 R02
[10:45:48] OK  20260906 jo=63 R02 133s matrix=210 riders=7
[10:45:49] DONE ok=1 fail=0
END 20260906 jo=63 R2 code=0
START 20260906 jo=63 R3
[10:45:52] START dates=['20260906'] jo=63 races=[3] out=/data/data/com.termux/files/home/Keirin-EV-Tool/scraper/data
[10:45:52] >>> 20260906 jo=63 R03
[10:46:32] OK  20260906 jo=63 R03 40s matrix=210 riders=7
[10:46:33] DONE ok=1 fail=0
END 20260906 jo=63 R3 code=0
START 20260906 jo=63 R4
[10:46:35] START dates=['20260906'] jo=63 races=[4] out=/data/data/com.termux/files/home/Keirin-EV-Tool/scraper/data
[10:46:35] >>> 20260906 jo=63 R04
[10:47:34] OK  20260906 jo=63 R04 60s matrix=210 riders=7
[10:47:35] DONE ok=1 fail=0
END 20260906 jo=63 R4 code=0
START 20260906 jo=63 R5
[10:47:37] START dates=['20260906'] jo=63 races=[5] out=/data/data/com.termux/files/home/Keirin-EV-Tool/scraper/data
[10:47:37] >>> 20260906 jo=63 R05
[10:48:17] OK  20260906 jo=63 R05 39s matrix=210 riders=7
[10:48:18] DONE ok=1 fail=0
END 20260906 jo=63 R5 code=0
START 20260906 jo=63 R6
[10:48:20] START dates=['20260906'] jo=63 races=[6] out=/data/data/com.termux/files/home/Keirin-EV-Tool/scraper/data
[10:48:20] >>> 20260906 jo=63 R06
[10:49:03] OK  20260906 jo=63 R06 43s matrix=210 riders=7
[10:49:04] DONE ok=1 fail=0
END 20260906 jo=63 R6 code=0
START 20260906 jo=63 R7
[10:49:06] START dates=['20260906'] jo=63 races=[7] out=/data/data/com.termux/files/home/Keirin-EV-Tool/scraper/data
[10:49:06] >>> 20260906 jo=63 R07
[10:49:46] OK  20260906 jo=63 R07 41s matrix=210 riders=7
[10:49:47] DONE ok=1 fail=0
END 20260906 jo=63 R7 code=0
START 20260906 jo=63 R8
[10:49:49] START dates=['20260906'] jo=63 races=[8] out=/data/data/com.termux/files/home/Keirin-EV-Tool/scraper/data
[10:49:49] >>> 20260906 jo=63 R08
[10:50:31] OK  20260906 jo=63 R08 41s matrix=0 riders=0
[10:50:32] DONE ok=1 fail=0
END 20260906 jo=63 R8 code=0
START 20260906 jo=63 R9
[10:50:34] START dates=['20260906'] jo=63 races=[9] out=/data/data/com.termux/files/home/Keirin-EV-Tool/scraper/data
[10:50:34] >>> 20260906 jo=63 R09
[10:51:20] OK  20260906 jo=63 R09 46s matrix=0 riders=0
[10:51:21] DONE ok=1 fail=0
END 20260906 jo=63 R9 code=0
START 20260906 jo=63 R10
[10:51:23] START dates=['20260906'] jo=63 races=[10] out=/data/data/com.termux/files/home/Keirin-EV-Tool/scraper/data
[10:51:23] >>> 20260906 jo=63 R10
[10:52:11] OK  20260906 jo=63 R10 48s matrix=0 riders=0
[10:52:12] DONE ok=1 fail=0
END 20260906 jo=63 R10 code=0
START 20260906 jo=63 R11
[10:52:15] START dates=['20260906'] jo=63 races=[11] out=/data/data/com.termux/files/home/Keirin-EV-Tool/scraper/data
[10:52:15] >>> 20260906 jo=63 R11
[10:53:02] OK  20260906 jo=63 R11 47s matrix=0 riders=0
[10:53:03] DONE ok=1 fail=0
END 20260906 jo=63 R11 code=0
START 20260906 jo=63 R12
[10:53:05] START dates=['20260906'] jo=63 races=[12] out=/data/data/com.termux/files/home/Keirin-EV-Tool/scraper/data
[10:53:05] >>> 20260906 jo=63 R12
[10:53:49] OK  20260906 jo=63 R12 45s matrix=0 riders=0
[10:53:50] DONE ok=1 fail=0
END 20260906 jo=63 R12 code=0
START 20260906 jo=83 R1
[10:53:52] START dates=['20260906'] jo=83 races=[1] out=/data/data/com.termux/files/home/Keirin-EV-Tool/scraper/data
[10:53:52] >>> 20260906 jo=83 R01
[10:54:36] OK  20260906 jo=83 R01 44s matrix=210 riders=7
[10:54:37] DONE ok=1 fail=0
END 20260906 jo=83 R1 code=0
START 20260906 jo=83 R2
[10:54:40] START dates=['20260906'] jo=83 races=[2] out=/data/data/com.termux/files/home/Keirin-EV-Tool/scraper/data
[10:54:40] >>> 20260906 jo=83 R02
[10:55:27] OK  20260906 jo=83 R02 47s matrix=210 riders=7
[10:55:28] DONE ok=1 fail=0
END 20260906 jo=83 R2 code=0
START 20260906 jo=83 R3
[10:55:30] START dates=['20260906'] jo=83 races=[3] out=/data/data/com.termux/files/home/Keirin-EV-Tool/scraper/data
[10:55:30] >>> 20260906 jo=83 R03
[10:56:05] OK  20260906 jo=83 R03 35s matrix=210 riders=7
[10:56:06] DONE ok=1 fail=0
END 20260906 jo=83 R3 code=0
START 20260906 jo=83 R4
[10:56:09] START dates=['20260906'] jo=83 races=[4] out=/data/data/com.termux/files/home/Keirin-EV-Tool/scraper/data
[10:56:09] >>> 20260906 jo=83 R04
[10:56:53] OK  20260906 jo=83 R04 44s matrix=210 riders=7
[10:56:54] DONE ok=1 fail=0
END 20260906 jo=83 R4 code=0
START 20260906 jo=83 R5
[10:56:56] START dates=['20260906'] jo=83 races=[5] out=/data/data/com.termux/files/home/Keirin-EV-Tool/scraper/data
[10:56:56] >>> 20260906 jo=83 R05
[10:57:36] OK  20260906 jo=83 R05 40s matrix=210 riders=7
[10:57:37] DONE ok=1 fail=0
END 20260906 jo=83 R5 code=0
START 20260906 jo=83 R6
[10:57:40] START dates=['20260906'] jo=83 races=[6] out=/data/data/com.termux/files/home/Keirin-EV-Tool/scraper/data
[10:57:40] >>> 20260906 jo=83 R06
[10:58:24] OK  20260906 jo=83 R06 45s matrix=210 riders=7
[10:58:25] DONE ok=1 fail=0
END 20260906 jo=83 R6 code=0
START 20260906 jo=83 R7
[10:58:28] START dates=['20260906'] jo=83 races=[7] out=/data/data/com.termux/files/home/Keirin-EV-Tool/scraper/data
[10:58:28] >>> 20260906 jo=83 R07
[10:59:06] OK  20260906 jo=83 R07 38s matrix=210 riders=7
[10:59:07] DONE ok=1 fail=0
END 20260906 jo=83 R7 code=0
START 20260906 jo=83 R8
[10:59:09] START dates=['20260906'] jo=83 races=[8] out=/data/data/com.termux/files/home/Keirin-EV-Tool/scraper/data
[10:59:09] >>> 20260906 jo=83 R08
[10:59:52] OK  20260906 jo=83 R08 43s matrix=210 riders=7
[10:59:53] DONE ok=1 fail=0
END 20260906 jo=83 R8 code=0
START 20260906 jo=83 R9
[10:59:55] START dates=['20260906'] jo=83 races=[9] out=/data/data/com.termux/files/home/Keirin-EV-Tool/scraper/data
[10:59:55] >>> 20260906 jo=83 R09
[11:00:38] OK  20260906 jo=83 R09 43s matrix=210 riders=7
[11:00:39] DONE ok=1 fail=0
END 20260906 jo=83 R9 code=0
START 20260906 jo=83 R10
[11:00:43] START dates=['20260906'] jo=83 races=[10] out=/data/data/com.termux/files/home/Keirin-EV-Tool/scraper/data
[11:00:43] >>> 20260906 jo=83 R10
[11:01:26] OK  20260906 jo=83 R10 43s matrix=0 riders=0
[11:01:27] DONE ok=1 fail=0
END 20260906 jo=83 R10 code=0
START 20260906 jo=83 R11
[11:01:29] START dates=['20260906'] jo=83 races=[11] out=/data/data/com.termux/files/home/Keirin-EV-Tool/scraper/data
[11:01:29] >>> 20260906 jo=83 R11
[11:02:12] OK  20260906 jo=83 R11 43s matrix=0 riders=0
[11:02:13] DONE ok=1 fail=0
END 20260906 jo=83 R11 code=0
START 20260906 jo=83 R12
[11:02:15] START dates=['20260906'] jo=83 races=[12] out=/data/data/com.termux/files/home/Keirin-EV-Tool/scraper/data
[11:02:15] >>> 20260906 jo=83 R12
[11:02:59] OK  20260906 jo=83 R12 43s matrix=0 riders=0
[11:03:00] DONE ok=1 fail=0
END 20260906 jo=83 R12 code=0
BATCH_DONE
